1625603218.148007,tap5fb68060-3d,0.00,0.00,0.00,0,0,0.00,0.00,0.00,0,0,0.00,0.00,0,0
1625603218.148277,tap616c957b-e2,0.00,0.00,0.00,0,0,0.00,0.00,0.00,0,0,0.00,0.00,0,0
1625603218.148401,tap8681c578-97,0.00,0.00,0.00,0,0,0.00,0.00,0.00,0,0,0.00,0.00,0,0
1625603218.148487,total,0.00,0.00,0.00,0,0,0.00,0.00,0.00,0,0,0.00,0.00,0,0
1625603219.148746,tap5fb68060-3d,838.00,28510692.00,28511532.00,28510693,838,13.00,19816.00,19829.00,19816,13,0.00,0.00,0,0
1625603219.149007,tap616c957b-e2,28484136.00,958.00,28485096.00,958,28484137,19792.00,13.00,19805.00,13,19792,0.00,0.00,0,0
1625603219.149127,tap8681c578-97,28516492.00,28506652.00,57023144.00,28506652,28516493,19806.00,19801.00,39607.00,19801,19806,0.00,0.00,0,0
1625603219.149242,total,57001468.00,57018304.00,114019768.00,57018303,57001468,39611.00,39630.00,79241.00,39630,39611,0.00,0.00,0,0
1625603220.149482,tap5fb68060-3d,127.00,64410128.00,64410256.00,64410130,127,2.00,44733.00,44735.00,44733,2,0.00,0.00,0,0
1625603220.149724,tap616c957b-e2,64435808.00,372.00,64436180.00,372,64435807,44749.00,4.00,44753.00,4,44749,0.00,0.00,0,0
1625603220.149827,tap8681c578-97,64402688.00,64412904.00,128815592.00,64412904,64402687,44726.00,44734.00,89460.00,44734,44726,0.00,0.00,0,0
1625603220.149918,total,128838624.00,128823408.00,257662032.00,128823406,128838621,89477.00,89471.00,178948.00,89471,89477,0.00,0.00,0,0
1625603221.150239,tap5fb68060-3d,127.00,64438928.00,64439056.00,64438930,127,2.00,44753.00,44755.00,44753,2,0.00,0.00,0,0
1625603221.150500,tap616c957b-e2,64420068.00,414.00,64420484.00,414,64420069,44740.00,5.00,44745.00,5,44740,0.00,0.00,0,0
1625603221.150611,tap8681c578-97,64448768.00,64444688.00,128893456.00,64444686,64448767,44758.00,44757.00,89515.00,44757,44758,0.00,0.00,0,0
1625603221.150697,total,128868960.00,128884032.00,257752992.00,128884030,128868963,89500.00,89515.00,179015.00,89515,89500,0.00,0.00,0,0
1625603222.150978,tap5fb68060-3d,127.00,64438928.00,64439056.00,64438930,127,2.00,44753.00,44755.00,44753,2,0.00,0.00,0,0
1625603222.151253,tap616c957b-e2,64424408.00,372.00,64424780.00,372,64424407,44743.00,4.00,44747.00,4,44743,0.00,0.00,0,0
1625603222.151373,tap8681c578-97,64428608.00,64430288.00,128858896.00,64430286,64428607,44744.00,44747.00,89491.00,44747,44744,0.00,0.00,0,0
1625603222.151467,total,128853144.00,128869584.00,257722736.00,128869588,128853141,89489.00,89504.00,178993.00,89504,89489,0.00,0.00,0,0
1625603223.151794,tap5fb68060-3d,127.00,64434608.00,64434736.00,64434610,127,2.00,44750.00,44752.00,44750,2,0.00,0.00,0,0
1625603223.152047,tap616c957b-e2,64434548.00,372.00,64434920.00,372,64434547,44751.00,4.00,44755.00,4,44751,0.00,0.00,0,0
1625603223.152161,tap8681c578-97,64444448.00,64433168.00,128877616.00,64433166,64444447,44755.00,44749.00,89504.00,44749,44755,0.00,0.00,0,0
1625603223.152253,total,128879120.00,128868144.00,257747264.00,128868148,128879121,89508.00,89503.00,179011.00,89503,89508,0.00,0.00,0,0
1625603224.152543,tap5fb68060-3d,127.00,64402928.00,64403056.00,64402930,127,2.00,44728.00,44730.00,44728,2,0.00,0.00,0,0
1625603224.152811,tap616c957b-e2,64438748.00,372.00,64439120.00,372,64438747,44752.00,4.00,44756.00,4,44752,0.00,0.00,0,0
1625603224.152924,tap8681c578-97,64396928.00,64411568.00,128808496.00,64411566,64396927,44722.00,44734.00,89456.00,44734,44722,0.00,0.00,0,0
1625603224.153018,total,128835800.00,128814864.00,257650672.00,128814868,128835801,89476.00,89466.00,178942.00,89466,89476,0.00,0.00,0,0
1625603225.153281,tap5fb68060-3d,127.00,64428848.00,64428976.00,64428850,127,2.00,44746.00,44748.00,44746,2,0.00,0.00,0,0
1625603225.153530,tap616c957b-e2,64417148.00,372.00,64417520.00,372,64417147,44737.00,4.00,44741.00,4,44737,0.00,0.00,0,0
1625603225.153641,tap8681c578-97,64432928.00,64433168.00,128866096.00,64433166,64432927,44747.00,44749.00,89496.00,44749,44747,0.00,0.00,0,0
1625603225.153734,total,128850200.00,128862384.00,257712592.00,128862388,128850201,89486.00,89499.00,178985.00,89499,89486,0.00,0.00,0,0
1625603226.154056,tap5fb68060-3d,127.00,64428848.00,64428976.00,64428850,127,2.00,44746.00,44748.00,44746,2,0.00,0.00,0,0
1625603226.154336,tap616c957b-e2,64434368.00,372.00,64434740.00,372,64434367,44748.00,4.00,44752.00,4,44748,0.00,0.00,0,0
1625603226.154446,tap8681c578-97,64434368.00,64434608.00,128868976.00,64434606,64434367,44748.00,44750.00,89498.00,44750,44748,0.00,0.00,0,0
1625603226.154534,total,128868864.00,128863824.00,257732688.00,128863828,128868861,89498.00,89500.00,178998.00,89500,89498,0.00,0.00,0,0
1625603227.154849,tap5fb68060-3d,127.00,64449008.00,64449136.00,64449010,127,2.00,44760.00,44762.00,44760,2,0.00,0.00,0,0
1625603227.155120,tap616c957b-e2,64415708.00,372.00,64416080.00,372,64415707,44736.00,4.00,44740.00,4,44736,0.00,0.00,0,0
1625603227.155229,tap8681c578-97,64435808.00,64436048.00,128871856.00,64436046,64435807,44749.00,44751.00,89500.00,44751,44749,0.00,0.00,0,0
1625603227.155319,total,128851640.00,128885424.00,257737072.00,128885428,128851641,89487.00,89515.00,179002.00,89515,89487,0.00,0.00,0,0
1625603228.155627,tap5fb68060-3d,127.00,64413008.00,64413136.00,64413010,127,2.00,44735.00,44737.00,44735,2,0.00,0.00,0,0
1625603228.155886,tap616c957b-e2,64430048.00,372.00,64430420.00,372,64430047,44745.00,4.00,44749.00,4,44745,0.00,0.00,0,0
1625603228.155992,tap8681c578-97,64421408.00,64415888.00,128837296.00,64415886,64421407,44739.00,44737.00,89476.00,44737,44739,0.00,0.00,0,0
1625603228.156078,total,128851584.00,128829264.00,257680848.00,128829268,128851581,89486.00,89476.00,178962.00,89476,89486,0.00,0.00,0,0
1625603229.156404,tap5fb68060-3d,127.00,64417328.00,64417456.00,64417330,127,2.00,44738.00,44740.00,44738,2,0.00,0.00,0,0
1625603229.156663,tap616c957b-e2,64440128.00,372.00,64440500.00,372,64440127,44752.00,4.00,44756.00,4,44752,0.00,0.00,0,0
1625603229.156771,tap8681c578-97,64411328.00,64417328.00,128828656.00,64417326,64411327,44732.00,44738.00,89470.00,44738,44732,0.00,0.00,0,0
1625603229.156859,total,128851584.00,128835024.00,257686608.00,128835028,128851581,89486.00,89480.00,178966.00,89480,89486,0.00,0.00,0,0
1625603230.157098,tap5fb68060-3d,127.00,64437488.00,64437616.00,64437490,127,2.00,44752.00,44754.00,44752,2,0.00,0.00,0,0
1625603230.157333,tap616c957b-e2,64408508.00,372.00,64408880.00,372,64408507,44731.00,4.00,44735.00,4,44731,0.00,0.00,0,0
1625603230.157444,tap8681c578-97,64441568.00,64436048.00,128877616.00,64436046,64441567,44753.00,44751.00,89504.00,44751,44753,0.00,0.00,0,0
1625603230.157534,total,128850200.00,128873904.00,257724112.00,128873908,128850201,89486.00,89507.00,178993.00,89507,89486,0.00,0.00,0,0
1625603231.157882,tap5fb68060-3d,127.00,64440368.00,64440496.00,64440370,127,2.00,44754.00,44756.00,44754,2,0.00,0.00,0,0
1625603231.158179,tap616c957b-e2,64425788.00,372.00,64426160.00,372,64425787,44743.00,4.00,44747.00,4,44743,0.00,0.00,0,0
1625603231.158295,tap8681c578-97,64431488.00,64434608.00,128866096.00,64434606,64431487,44746.00,44750.00,89496.00,44750,44746,0.00,0.00,0,0
1625603231.158389,total,128857400.00,128875344.00,257732752.00,128875348,128857401,89491.00,89508.00,178999.00,89508,89491,0.00,0.00,0,0
1625603232.158685,tap5fb68060-3d,127.00,64417328.00,64417456.00,64417330,127,2.00,44738.00,44740.00,44738,2,0.00,0.00,0,0
1625603232.158961,tap616c957b-e2,64428608.00,372.00,64428980.00,372,64428607,44744.00,4.00,44748.00,4,44744,0.00,0.00,0,0
1625603232.159074,tap8681c578-97,64422848.00,64415888.00,128838736.00,64415886,64422847,44740.00,44737.00,89477.00,44737,44740,0.00,0.00,0,0
1625603232.159176,total,128851584.00,128833584.00,257685168.00,128833588,128851581,89486.00,89479.00,178965.00,89479,89486,0.00,0.00,0,0
1625603233.159462,tap5fb68060-3d,127.00,64414448.00,64414576.00,64414450,127,2.00,44736.00,44738.00,44736,2,0.00,0.00,0,0
1625603233.159738,tap616c957b-e2,64447388.00,372.00,64447760.00,372,64447387,44758.00,4.00,44762.00,4,44758,0.00,0.00,0,0
1625603233.159852,tap8681c578-97,64414208.00,64424528.00,128838736.00,64424526,64414207,44734.00,44743.00,89477.00,44743,44734,0.00,0.00,0,0
1625603233.159946,total,128861720.00,128839344.00,257701072.00,128839348,128861721,89494.00,89483.00,178977.00,89483,89494,0.00,0.00,0,0
1625603234.160238,tap5fb68060-3d,127.00,64436048.00,64436176.00,64436050,127,2.00,44751.00,44753.00,44751,2,0.00,0.00,0,0
1625603234.160528,tap616c957b-e2,64435808.00,372.00,64436180.00,372,64435807,44749.00,4.00,44753.00,4,44749,0.00,0.00,0,0
1625603234.160645,tap8681c578-97,64447328.00,64441808.00,128889136.00,64441806,64447327,44757.00,44755.00,89512.00,44755,44757,0.00,0.00,0,0
1625603234.160738,total,128883264.00,128878224.00,257761488.00,128878228,128883261,89508.00,89510.00,179018.00,89510,89508,0.00,0.00,0,0
1625603235.161086,tap5fb68060-3d,127.00,64438928.00,64439056.00,64438930,127,2.00,44753.00,44755.00,44753,2,0.00,0.00,0,0
1625603235.161527,tap616c957b-e2,64422908.00,372.00,64423280.00,372,64422907,44741.00,4.00,44745.00,4,44741,0.00,0.00,0,0
1625603235.161669,tap8681c578-97,64367124.00,64373116.00,128740240.00,64437486,64431487,44701.30,44707.29,89408.59,44752,44746,0.00,0.00,0,0
1625603235.161763,total,128725800.00,128748040.00,257473840.00,128876788,128854521,89399.60,89419.58,178819.19,89509,89489,0.00,0.00,0,0
1625603236.162031,tap5fb68060-3d,127.00,64444688.00,64444816.00,64444690,127,2.00,44757.00,44759.00,44757,2,0.00,0.00,0,0
1625603236.162308,tap616c957b-e2,64443068.00,372.00,64443440.00,372,64443067,44755.00,4.00,44759.00,4,44755,0.00,0.00,0,0
1625603236.162417,tap8681c578-97,64437248.00,64437488.00,128874736.00,64437486,64437247,44750.00,44752.00,89502.00,44752,44750,0.00,0.00,0,0
1625603236.162503,total,128880440.00,128882544.00,257762992.00,128882548,128880441,89507.00,89513.00,179020.00,89513,89507,0.00,0.00,0,0
1625603237.162753,tap5fb68060-3d,127.00,64434608.00,64434736.00,64434610,127,2.00,44750.00,44752.00,44750,2,0.00,0.00,0,0
1625603237.163009,tap616c957b-e2,64409888.00,372.00,64410260.00,372,64409887,44731.00,4.00,44735.00,4,44731,0.00,0.00,0,0
1625603237.163122,tap8681c578-97,64438688.00,64428848.00,128867536.00,64428846,64438687,44751.00,44746.00,89497.00,44746,44751,0.00,0.00,0,0
1625603237.163210,total,128848704.00,128863824.00,257712528.00,128863828,128848701,89484.00,89500.00,178984.00,89500,89484,0.00,0.00,0,0
1625603238.163559,tap5fb68060-3d,127.00,64413008.00,64413136.00,64413010,127,2.00,44735.00,44737.00,44735,2,0.00,0.00,0,0
1625603238.163864,tap616c957b-e2,64448768.00,372.00,64449140.00,372,64448767,44758.00,4.00,44762.00,4,44758,0.00,0.00,0,0
1625603238.164024,tap8681c578-97,64422848.00,64428848.00,128851696.00,64428846,64422847,44740.00,44746.00,89486.00,44746,44740,0.00,0.00,0,0
1625603238.164172,total,128871744.00,128842224.00,257713968.00,128842228,128871741,89500.00,89485.00,178985.00,89485,89500,0.00,0.00,0,0
1625603239.164512,tap5fb68060-3d,127.00,64433168.00,64433296.00,64433170,127,2.00,44749.00,44751.00,44749,2,0.00,0.00,0,0
1625603239.164790,tap616c957b-e2,64433048.00,372.00,64433420.00,372,64433047,44749.00,4.00,44753.00,4,44749,0.00,0.00,0,0
1625603239.164957,tap8681c578-97,64432928.00,64437488.00,128870416.00,64437486,64432927,44747.00,44752.00,89499.00,44752,44747,0.00,0.00,0,0
1625603239.165120,total,128866104.00,128871024.00,257737136.00,128871028,128866101,89498.00,89505.00,179003.00,89505,89498,0.00,0.00,0,0
1625603240.165343,tap5fb68060-3d,127.00,64433168.00,64433296.00,64433170,127,2.00,44749.00,44751.00,44749,2,0.00,0.00,0,0
1625603240.165556,tap616c957b-e2,64427168.00,372.00,64427540.00,372,64427167,44743.00,4.00,44747.00,4,44743,0.00,0.00,0,0
1625603240.165668,tap8681c578-97,64434368.00,64427304.00,128861672.00,64427304,64434367,44748.00,44744.00,89492.00,44744,44748,0.00,0.00,0,0
1625603240.165761,total,128861664.00,128860848.00,257722512.00,128860846,128861661,89493.00,89497.00,178990.00,89497,89493,0.00,0.00,0,0
1625603241.166056,tap5fb68060-3d,127.00,64436048.00,64436176.00,64436050,127,2.00,44751.00,44753.00,44751,2,0.00,0.00,0,0
1625603241.166340,tap616c957b-e2,64418528.00,372.00,64418900.00,372,64418527,44737.00,4.00,44741.00,4,44737,0.00,0.00,0,0
1625603241.166459,tap8681c578-97,64427208.00,64431768.00,128858976.00,64431768,64427209,44744.00,44749.00,89493.00,44749,44744,0.00,0.00,0,0
1625603241.166565,total,128845864.00,128868192.00,257714048.00,128868190,128845863,89483.00,89504.00,178987.00,89504,89483,0.00,0.00,0,0
1625603242.166840,tap5fb68060-3d,127.00,64437488.00,64437616.00,64437490,127,2.00,44752.00,44754.00,44752,2,0.00,0.00,0,0
1625603242.167100,tap616c957b-e2,64407008.00,372.00,64407380.00,372,64407007,44729.00,4.00,44733.00,4,44729,0.00,0.00,0,0
1625603242.167235,tap8681c578-97,64428608.00,64430288.00,128858896.00,64430286,64428607,44744.00,44747.00,89491.00,44747,44744,0.00,0.00,0,0
1625603242.167329,total,128835744.00,128868144.00,257703888.00,128868148,128835741,89475.00,89503.00,178978.00,89503,89475,0.00,0.00,0,0
1625603243.167609,tap5fb68060-3d,127.00,64421648.00,64421776.00,64421650,127,2.00,44741.00,44743.00,44741,2,0.00,0.00,0,0
1625603243.167883,tap616c957b-e2,64447388.00,372.00,64447760.00,372,64447387,44758.00,4.00,44762.00,4,44758,0.00,0.00,0,0
1625603243.167990,tap8681c578-97,64428608.00,64415888.00,128844496.00,64415886,64428607,44744.00,44737.00,89481.00,44737,44744,0.00,0.00,0,0
1625603243.168074,total,128876120.00,128837904.00,257714032.00,128837908,128876121,89504.00,89482.00,178986.00,89482,89504,0.00,0.00,0,0
1625603244.168378,tap5fb68060-3d,169.00,64410172.00,64410340.00,64410172,169,3.00,44734.00,44737.00,44734,3,0.00,0.00,0,0
1625603244.168657,tap616c957b-e2,64437492.00,438.00,64437932.00,438,64437493,44754.00,5.00,44759.00,5,44754,0.00,0.00,0,0
1625603244.168769,tap8681c578-97,64419968.00,64424528.00,128844496.00,64424526,64419967,44738.00,44743.00,89481.00,44743,44738,0.00,0.00,0,0
1625603244.168860,total,128857632.00,128835136.00,257692768.00,128835136,128857629,89495.00,89482.00,178977.00,89482,89495,0.00,0.00,0,0
1625603245.169161,tap5fb68060-3d,127.00,64431728.00,64431856.00,64431730,127,2.00,44748.00,44750.00,44748,2,0.00,0.00,0,0
1625603245.169426,tap616c957b-e2,64427168.00,372.00,64427540.00,372,64427167,44743.00,4.00,44747.00,4,44743,0.00,0.00,0,0
1625603245.169535,tap8681c578-97,64424288.00,64434608.00,128858896.00,64434606,64424287,44741.00,44750.00,89491.00,44750,44741,0.00,0.00,0,0
1625603245.169630,total,128851584.00,128866704.00,257718288.00,128866708,128851581,89486.00,89502.00,178988.00,89502,89486,0.00,0.00,0,0
1625603246.169919,tap5fb68060-3d,127.00,64440368.00,64440496.00,64440370,127,2.00,44754.00,44756.00,44754,2,0.00,0.00,0,0
1625603246.170212,tap616c957b-e2,64430108.00,372.00,64430480.00,372,64430107,44746.00,4.00,44750.00,4,44746,0.00,0.00,0,0
1625603246.170325,tap8681c578-97,64434368.00,64434608.00,128868976.00,64434606,64434367,44748.00,44750.00,89498.00,44750,44748,0.00,0.00,0,0
1625603246.170419,total,128864600.00,128875344.00,257739952.00,128875348,128864601,89496.00,89508.00,179004.00,89508,89496,0.00,0.00,0,0
1625603247.170699,tap5fb68060-3d,127.00,64436048.00,64436176.00,64436050,127,2.00,44751.00,44753.00,44751,2,0.00,0.00,0,0
1625603247.170974,tap616c957b-e2,64425848.00,372.00,64426220.00,372,64425847,44744.00,4.00,44748.00,4,44744,0.00,0.00,0,0
1625603247.171087,tap8681c578-97,64438560.00,64438764.00,128877328.00,64438764,64438560,44749.00,44751.00,89500.00,44751,44749,0.00,0.00,0,0
1625603247.171190,total,128864536.00,128875184.00,257739712.00,128875186,128864534,89495.00,89506.00,179001.00,89506,89495,0.00,0.00,0,0
1625603248.171489,tap5fb68060-3d,127.00,64418768.00,64418896.00,64418770,127,2.00,44739.00,44741.00,44739,2,0.00,0.00,0,0
1625603248.171771,tap616c957b-e2,64422848.00,372.00,64423220.00,372,64422847,44740.00,4.00,44744.00,4,44740,0.00,0.00,0,0
1625603248.171888,tap8681c578-97,64427168.00,64407040.00,128834208.00,64407042,64427167,44743.00,44729.00,89472.00,44729,44743,0.00,0.00,0,0
1625603248.171983,total,128850144.00,128826184.00,257676320.00,128826184,128850141,89485.00,89472.00,178957.00,89472,89485,0.00,0.00,0,0
1625603249.172262,tap5fb68060-3d,127.00,64418768.00,64418896.00,64418770,127,2.00,44739.00,44741.00,44739,2,0.00,0.00,0,0
1625603249.172533,tap616c957b-e2,64443068.00,372.00,64443440.00,372,64443067,44755.00,4.00,44759.00,4,44755,0.00,0.00,0,0
1625603249.172645,tap8681c578-97,64405568.00,64425968.00,128831536.00,64425966,64405567,44728.00,44744.00,89472.00,44744,44728,0.00,0.00,0,0
1625603249.172737,total,128848760.00,128845104.00,257693872.00,128845108,128848761,89485.00,89487.00,178972.00,89487,89485,0.00,0.00,0,0
1625603250.172977,tap5fb68060-3d,127.00,64436048.00,64436176.00,64436050,127,2.00,44751.00,44753.00,44751,2,0.00,0.00,0,0
1625603250.173231,tap616c957b-e2,64414268.00,372.00,64414640.00,372,64414267,44735.00,4.00,44739.00,4,44735,0.00,0.00,0,0
1625603250.173339,tap8681c578-97,64437248.00,64434608.00,128871856.00,64434606,64437247,44750.00,44750.00,89500.00,44750,44750,0.00,0.00,0,0
1625603250.173436,total,128851640.00,128871024.00,257722672.00,128871028,128851641,89487.00,89505.00,178992.00,89505,89487,0.00,0.00,0,0
1625603251.173717,tap5fb68060-3d,127.00,64428848.00,64428976.00,64428850,127,2.00,44746.00,44748.00,44746,2,0.00,0.00,0,0
1625603251.174007,tap616c957b-e2,64415648.00,372.00,64416020.00,372,64415647,44735.00,4.00,44739.00,4,44735,0.00,0.00,0,0
1625603251.174129,tap8681c578-97,64435808.00,64438928.00,128874736.00,64438926,64435807,44749.00,44753.00,89502.00,44753,44749,0.00,0.00,0,0
1625603251.174264,total,128851584.00,128868144.00,257719728.00,128868148,128851581,89486.00,89503.00,178989.00,89503,89486,0.00,0.00,0,0
1625603252.174570,tap5fb68060-3d,127.00,64428848.00,64428976.00,64428850,127,2.00,44746.00,44748.00,44746,2,0.00,0.00,0,0
1625603252.174917,tap616c957b-e2,64451768.00,414.00,64452180.00,414,64451767,44762.00,5.00,44767.00,5,44762,0.00,0.00,0,0
1625603252.175070,tap8681c578-97,64443008.00,64443248.00,128886256.00,64443246,64443007,44754.00,44756.00,89510.00,44756,44754,0.00,0.00,0,0
1625603252.175188,total,128894904.00,128872512.00,257767408.00,128872510,128894901,89518.00,89507.00,179025.00,89507,89518,0.00,0.00,0,0
1625603253.175542,tap5fb68060-3d,127.00,64454768.00,64454896.00,64454770,127,2.00,44764.00,44766.00,44764,2,0.00,0.00,0,0
1625603253.175802,tap616c957b-e2,64425728.00,372.00,64426100.00,372,64425727,44742.00,4.00,44746.00,4,44742,0.00,0.00,0,0
1625603253.175928,tap8681c578-97,64438688.00,64418768.00,128857456.00,64418766,64438687,44751.00,44739.00,89490.00,44739,44751,0.00,0.00,0,0
1625603253.176022,total,128864544.00,128873904.00,257738448.00,128873908,128864541,89495.00,89507.00,179002.00,89507,89495,0.00,0.00,0,0
1625603254.176372,tap5fb68060-3d,127.00,64410128.00,64410256.00,64410130,127,2.00,44733.00,44735.00,44733,2,0.00,0.00,0,0
1625603254.176667,tap616c957b-e2,64446008.00,372.00,64446380.00,372,64446007,44758.00,4.00,44762.00,4,44758,0.00,0.00,0,0
1625603254.176791,tap8681c578-97,64425728.00,64433168.00,128858896.00,64433166,64425727,44742.00,44749.00,89491.00,44749,44742,0.00,0.00,0,0
1625603254.176892,total,128871864.00,128843664.00,257715536.00,128843668,128871861,89502.00,89486.00,178988.00,89486,89502,0.00,0.00,0,0
1625603255.177160,tap5fb68060-3d,127.00,64436048.00,64436176.00,64436050,127,2.00,44751.00,44753.00,44751,2,0.00,0.00,0,0
1625603255.177424,tap616c957b-e2,64443068.00,372.00,64443440.00,372,64443067,44755.00,4.00,44759.00,4,44755,0.00,0.00,0,0
1625603255.177535,tap8681c578-97,64428608.00,64441808.00,128870416.00,64441806,64428607,44744.00,44755.00,89499.00,44755,44744,0.00,0.00,0,0
1625603255.177627,total,128871800.00,128878224.00,257750032.00,128878228,128871801,89501.00,89510.00,179011.00,89510,89501,0.00,0.00,0,0
1625603256.177913,tap5fb68060-3d,127.00,64431728.00,64431856.00,64431730,127,2.00,44748.00,44750.00,44748,2,0.00,0.00,0,0
1625603256.178204,tap616c957b-e2,64424288.00,372.00,64424660.00,372,64424287,44741.00,4.00,44745.00,4,44741,0.00,0.00,0,0
1625603256.178327,tap8681c578-97,64419968.00,64420208.00,128840176.00,64420206,64419967,44738.00,44740.00,89478.00,44740,44738,0.00,0.00,0,0
1625603256.178426,total,128844384.00,128852304.00,257696688.00,128852308,128844381,89481.00,89492.00,178973.00,89492,89481,0.00,0.00,0,0
1625603257.178762,tap5fb68060-3d,127.00,64440368.00,64440496.00,64440370,127,2.00,44754.00,44756.00,44754,2,0.00,0.00,0,0
1625603257.179041,tap616c957b-e2,64404308.00,372.00,64404680.00,372,64404307,44730.00,4.00,44734.00,4,44730,0.00,0.00,0,0
1625603257.179172,tap8681c578-97,64432928.00,64433168.00,128866096.00,64433166,64432927,44747.00,44749.00,89496.00,44749,44747,0.00,0.00,0,0
1625603257.179289,total,128837360.00,128873904.00,257711264.00,128873908,128837361,89479.00,89507.00,178986.00,89507,89479,0.00,0.00,0,0
1625603258.179617,tap5fb68060-3d,127.00,64428848.00,64428976.00,64428850,127,2.00,44746.00,44748.00,44746,2,0.00,0.00,0,0
1625603258.180004,tap616c957b-e2,64444488.00,414.00,64444904.00,414,64444489,44756.00,5.00,44761.00,5,44756,0.00,0.00,0,0
1625603258.180148,tap8681c578-97,64443008.00,64443248.00,128886256.00,64443246,64443007,44754.00,44756.00,89510.00,44756,44754,0.00,0.00,0,0
1625603258.180275,total,128887624.00,128872512.00,257760128.00,128872510,128887623,89512.00,89507.00,179019.00,89507,89512,0.00,0.00,0,0
1625603259.180600,tap5fb68060-3d,127.00,64454768.00,64454896.00,64454770,127,2.00,44764.00,44766.00,44764,2,0.00,0.00,0,0
1625603259.180859,tap616c957b-e2,64437248.00,372.00,64437620.00,372,64437247,44750.00,4.00,44754.00,4,44750,0.00,0.00,0,0
1625603259.180966,tap8681c578-97,64438688.00,64438928.00,128877616.00,64438926,64438687,44751.00,44753.00,89504.00,44753,44751,0.00,0.00,0,0
1625603259.181054,total,128876064.00,128894064.00,257770128.00,128894068,128876061,89503.00,89521.00,179024.00,89521,89503,0.00,0.00,0,0
1625603260.181304,tap5fb68060-3d,127.00,64404368.00,64404496.00,64404370,127,2.00,44729.00,44731.00,44729,2,0.00,0.00,0,0
1625603260.181704,tap616c957b-e2,64438688.00,372.00,64439060.00,372,64438687,44751.00,4.00,44755.00,4,44751,0.00,0.00,0,0
1625603260.181881,tap8681c578-97,64444448.00,64438928.00,128883376.00,64438926,64444447,44755.00,44753.00,89508.00,44753,44755,0.00,0.00,0,0
1625603260.182034,total,128883264.00,128843664.00,257726928.00,128843668,128883261,89508.00,89486.00,178994.00,89486,89508,0.00,0.00,0,0
1625603261.182304,tap5fb68060-3d,126.87,64374556.00,64374684.00,64438930,127,2.00,44708.29,44710.29,44753,2,0.00,0.00,0,0
1625603261.182560,tap616c957b-e2,64431488.00,372.00,64431860.00,372,64431487,44746.00,4.00,44750.00,4,44746,0.00,0.00,0,0
1625603261.182666,tap8681c578-97,64425728.00,64417328.00,128843056.00,64417326,64425727,44742.00,44738.00,89480.00,44738,44742,0.00,0.00,0,0
1625603261.182754,total,128857344.00,128856624.00,257713968.00,128856628,128857341,89490.00,89495.00,178985.00,89495,89490,0.00,0.00,0,0
1625603262.183033,tap5fb68060-3d,127.00,64423088.00,64423216.00,64423090,127,2.00,44742.00,44744.00,44742,2,0.00,0.00,0,0
1625603262.183314,tap616c957b-e2,64440248.00,372.00,64440620.00,372,64440247,44754.00,4.00,44758.00,4,44754,0.00,0.00,0,0
1625603262.183435,tap8681c578-97,64414208.00,64424528.00,128838736.00,64424526,64414207,44734.00,44743.00,89477.00,44743,44734,0.00,0.00,0,0
1625603262.183536,total,128854584.00,128847984.00,257702576.00,128847988,128854581,89490.00,89489.00,178979.00,89489,89490,0.00,0.00,0,0
1625603263.183814,tap5fb68060-3d,127.00,64440368.00,64440496.00,64440370,127,2.00,44754.00,44756.00,44754,2,0.00,0.00,0,0
1625603263.184125,tap616c957b-e2,64409948.00,372.00,64410320.00,372,64409947,44732.00,4.00,44736.00,4,44732,0.00,0.00,0,0
1625603263.184239,tap8681c578-97,64432928.00,64433168.00,128866096.00,64433166,64432927,44747.00,44749.00,89496.00,44749,44747,0.00,0.00,0,0
1625603263.184328,total,128843000.00,128873904.00,257716912.00,128873908,128843001,89481.00,89507.00,178988.00,89507,89481,0.00,0.00,0,0
1625603264.184650,tap5fb68060-3d,127.00,64441808.00,64441936.00,64441810,127,2.00,44755.00,44757.00,44755,2,0.00,0.00,0,0
1625603264.184912,tap616c957b-e2,64232768.00,372.00,64233140.00,372,64232767,44608.00,4.00,44612.00,4,44608,0.00,0.00,0,0
1625603264.185019,tap8681c578-97,64431488.00,64430288.00,128861776.00,64430286,64431487,44746.00,44747.00,89493.00,44747,44746,0.00,0.00,0,0
1625603264.185118,total,128664384.00,128872464.00,257536848.00,128872468,128664381,89356.00,89506.00,178862.00,89506,89356,0.00,0.00,0,0
1625603265.185336,tap5fb68060-3d,127.00,64407248.00,64407376.00,64407250,127,2.00,44731.00,44733.00,44731,2,0.00,0.00,0,0
1625603265.185555,tap616c957b-e2,64630208.00,372.00,64630580.00,372,64630207,44884.00,4.00,44888.00,4,44884,0.00,0.00,0,0
1625603265.185662,tap8681c578-97,64409888.00,64414448.00,128824336.00,64414446,64409887,44731.00,44736.00,89467.00,44736,44731,0.00,0.00,0,0
1625603265.185747,total,129040224.00,128822064.00,257862288.00,128822068,129040221,89617.00,89471.00,179088.00,89471,89617,0.00,0.00,0,0
1625603266.186066,tap5fb68060-3d,127.00,64414448.00,64414576.00,64414450,127,2.00,44736.00,44738.00,44736,2,0.00,0.00,0,0
1625603266.186346,tap616c957b-e2,64417152.00,474.00,64417628.00,474,64417153,44737.00,5.00,44742.00,5,44737,0.00,0.00,0,0
1625603266.186458,tap8681c578-97,64419968.00,64421648.00,128841616.00,64421646,64419967,44738.00,44741.00,89479.00,44741,44738,0.00,0.00,0,0
1625603266.186548,total,128837248.00,128836568.00,257673824.00,128836570,128837247,89477.00,89482.00,178959.00,89482,89477,0.00,0.00,0,0
1625603267.186866,tap5fb68060-3d,127.00,64427408.00,64427536.00,64427410,127,2.00,44745.00,44747.00,44745,2,0.00,0.00,0,0
1625603267.187126,tap616c957b-e2,64432928.00,372.00,64433300.00,372,64432927,44747.00,4.00,44751.00,4,44747,0.00,0.00,0,0
1625603267.187235,tap8681c578-97,64428608.00,64428848.00,128857456.00,64428846,64428607,44744.00,44746.00,89490.00,44746,44744,0.00,0.00,0,0
1625603267.187321,total,128861664.00,128856624.00,257718288.00,128856628,128861661,89493.00,89495.00,178988.00,89495,89493,0.00,0.00,0,0
1625603268.187640,tap5fb68060-3d,127.00,64449008.00,64449136.00,64449010,127,2.00,44760.00,44762.00,44760,2,0.00,0.00,0,0
1625603268.187893,tap616c957b-e2,64427228.00,372.00,64427600.00,372,64427227,44744.00,4.00,44748.00,4,44744,0.00,0.00,0,0
1625603268.187999,tap8681c578-97,64444448.00,64444688.00,128889136.00,64444686,64444447,44755.00,44757.00,89512.00,44757,44755,0.00,0.00,0,0
1625603268.188086,total,128871800.00,128894064.00,257765872.00,128894068,128871801,89501.00,89521.00,179022.00,89521,89501,0.00,0.00,0,0
1625603269.188413,tap5fb68060-3d,127.00,64433168.00,64433296.00,64433170,127,2.00,44749.00,44751.00,44749,2,0.00,0.00,0,0
1625603269.188696,tap616c957b-e2,64424348.00,372.00,64424720.00,372,64424347,44742.00,4.00,44746.00,4,44742,0.00,0.00,0,0
1625603269.188817,tap8681c578-97,64441568.00,64424528.00,128866096.00,64424526,64441567,44753.00,44743.00,89496.00,44743,44753,0.00,0.00,0,0
1625603269.188919,total,128866040.00,128858064.00,257724112.00,128858068,128866041,89497.00,89496.00,178993.00,89496,89497,0.00,0.00,0,0
1625603270.189238,tap5fb68060-3d,127.00,64410128.00,64410256.00,64410130,127,2.00,44733.00,44735.00,44733,2,0.00,0.00,0,0
1625603270.189492,tap616c957b-e2,64437308.00,372.00,64437680.00,372,64437307,44751.00,4.00,44755.00,4,44751,0.00,0.00,0,0
1625603270.189600,tap8681c578-97,64395488.00,64410128.00,128805616.00,64410126,64395487,44721.00,44733.00,89454.00,44733,44721,0.00,0.00,0,0
1625603270.189691,total,128832920.00,128820624.00,257653552.00,128820628,128832921,89474.00,89470.00,178944.00,89470,89474,0.00,0.00,0,0
1625603271.190014,tap5fb68060-3d,127.00,64427408.00,64427536.00,64427410,127,2.00,44745.00,44747.00,44745,2,0.00,0.00,0,0
1625603271.190285,tap616c957b-e2,64440128.00,372.00,64440500.00,372,64440127,44752.00,4.00,44756.00,4,44752,0.00,0.00,0,0
1625603271.190392,tap8681c578-97,64435808.00,64438928.00,128874736.00,64438926,64435807,44749.00,44753.00,89502.00,44753,44749,0.00,0.00,0,0
1625603271.190480,total,128876064.00,128866704.00,257742768.00,128866708,128876061,89503.00,89502.00,179005.00,89502,89503,0.00,0.00,0,0
1625603272.190746,tap5fb68060-3d,127.00,64444688.00,64444816.00,64444690,127,2.00,44757.00,44759.00,44757,2,0.00,0.00,0,0
1625603272.191012,tap616c957b-e2,64424408.00,372.00,64424780.00,372,64424407,44743.00,4.00,44747.00,4,44743,0.00,0.00,0,0
1625603272.191124,tap8681c578-97,64441568.00,64438928.00,128880496.00,64438926,64441567,44753.00,44753.00,89506.00,44753,44753,0.00,0.00,0,0
1625603272.191214,total,128866104.00,128883984.00,257750096.00,128883988,128866101,89498.00,89514.00,179012.00,89514,89498,0.00,0.00,0,0
1625603273.191481,tap5fb68060-3d,127.00,64421648.00,64421776.00,64421650,127,2.00,44741.00,44743.00,44741,2,0.00,0.00,0,0
1625603273.191778,tap616c957b-e2,64422848.00,372.00,64423220.00,372,64422847,44740.00,4.00,44744.00,4,44740,0.00,0.00,0,0
1625603273.191902,tap8681c578-97,64432928.00,64436048.00,128868976.00,64436046,64432927,44747.00,44751.00,89498.00,44751,44747,0.00,0.00,0,0
1625603273.191995,total,128855904.00,128858064.00,257713968.00,128858068,128855901,89489.00,89496.00,178985.00,89496,89489,0.00,0.00,0,0
1625603274.192269,tap5fb68060-3d,127.00,64420208.00,64420336.00,64420210,127,2.00,44740.00,44742.00,44740,2,0.00,0.00,0,0
1625603274.192561,tap616c957b-e2,64428728.00,372.00,64429100.00,372,64428727,44746.00,4.00,44750.00,4,44746,0.00,0.00,0,0
1625603274.192679,tap8681c578-97,64419968.00,64408688.00,128828656.00,64408686,64419967,44738.00,44732.00,89470.00,44732,44738,0.00,0.00,0,0
1625603274.192776,total,128848824.00,128829264.00,257678096.00,128829268,128848821,89486.00,89476.00,178962.00,89476,89486,0.00,0.00,0,0
1625603275.193018,tap5fb68060-3d,127.00,64420208.00,64420336.00,64420210,127,2.00,44740.00,44742.00,44740,2,0.00,0.00,0,0
1625603275.193273,tap616c957b-e2,64414388.00,372.00,64414760.00,372,64414387,44737.00,4.00,44741.00,4,44737,0.00,0.00,0,0
1625603275.193381,tap8681c578-97,64411328.00,64423088.00,128834416.00,64423086,64411327,44732.00,44742.00,89474.00,44742,44732,0.00,0.00,0,0
1625603275.193471,total,128825840.00,128843664.00,257669504.00,128843668,128825841,89471.00,89486.00,178957.00,89486,89471,0.00,0.00,0,0
1625603276.193804,tap5fb68060-3d,127.00,64440368.00,64440496.00,64440370,127,2.00,44754.00,44756.00,44754,2,0.00,0.00,0,0
1625603276.194071,tap616c957b-e2,64441568.00,372.00,64441940.00,372,64441567,44753.00,4.00,44757.00,4,44753,0.00,0.00,0,0
1625603276.194192,tap8681c578-97,64437248.00,64437488.00,128874736.00,64437486,64437247,44750.00,44752.00,89502.00,44752,44750,0.00,0.00,0,0
1625603276.194285,total,128878944.00,128878224.00,257757168.00,128878228,128878941,89505.00,89510.00,179015.00,89510,89505,0.00,0.00,0,0
1625603277.194573,tap5fb68060-3d,127.00,64446128.00,64446256.00,64446130,127,2.00,44758.00,44760.00,44758,2,0.00,0.00,0,0
1625603277.194861,tap616c957b-e2,64431488.00,372.00,64431860.00,372,64431487,44746.00,4.00,44750.00,4,44746,0.00,0.00,0,0
1625603277.194979,tap8681c578-97,64440128.00,64438928.00,128879056.00,64438926,64440127,44752.00,44753.00,89505.00,44753,44752,0.00,0.00,0,0
1625603277.195077,total,128871744.00,128885424.00,257757168.00,128885428,128871741,89500.00,89515.00,179015.00,89515,89500,0.00,0.00,0,0
1625603278.195384,tap5fb68060-3d,127.00,64431728.00,64431856.00,64431730,127,2.00,44748.00,44750.00,44748,2,0.00,0.00,0,0
1625603278.195677,tap616c957b-e2,64412828.00,372.00,64413200.00,372,64412827,44734.00,4.00,44738.00,4,44734,0.00,0.00,0,0
1625603278.195800,tap8681c578-97,64435848.00,64433208.00,128869056.00,64433208,64435849,44750.00,44750.00,89500.00,44750,44750,0.00,0.00,0,0
1625603278.195901,total,128848800.00,128865312.00,257714112.00,128865310,128848803,89486.00,89502.00,178988.00,89502,89486,0.00,0.00,0,0
1625603279.196250,tap5fb68060-3d,127.00,64420208.00,64420336.00,64420210,127,2.00,44740.00,44742.00,44740,2,0.00,0.00,0,0
1625603279.196538,tap616c957b-e2,64431548.00,372.00,64431920.00,372,64431547,44747.00,4.00,44751.00,4,44747,0.00,0.00,0,0
1625603279.196660,tap8681c578-97,64432928.00,64415888.00,128848816.00,64415886,64432927,44747.00,44737.00,89484.00,44737,44747,0.00,0.00,0,0
1625603279.196761,total,128864600.00,128836464.00,257701072.00,128836468,128864601,89496.00,89481.00,178977.00,89481,89496,0.00,0.00,0,0
1625603280.197020,tap5fb68060-3d,127.00,64414448.00,64414576.00,64414450,127,2.00,44736.00,44738.00,44736,2,0.00,0.00,0,0
1625603280.197285,tap616c957b-e2,64440128.00,372.00,64440500.00,372,64440127,44752.00,4.00,44756.00,4,44752,0.00,0.00,0,0
1625603280.197395,tap8681c578-97,64398368.00,64420208.00,128818576.00,64420206,64398367,44723.00,44740.00,89463.00,44740,44723,0.00,0.00,0,0
1625603280.197504,total,128838624.00,128835024.00,257673648.00,128835028,128838621,89477.00,89480.00,178957.00,89480,89477,0.00,0.00,0,0
1625603281.197802,tap5fb68060-3d,127.00,64436048.00,64436176.00,64436050,127,2.00,44751.00,44753.00,44751,2,0.00,0.00,0,0
1625603281.198082,tap616c957b-e2,64424348.00,372.00,64424720.00,372,64424347,44742.00,4.00,44746.00,4,44742,0.00,0.00,0,0
1625603281.198203,tap8681c578-97,64444448.00,64444688.00,128889136.00,64444686,64444447,44755.00,44757.00,89512.00,44757,44755,0.00,0.00,0,0
1625603281.198298,total,128868920.00,128881104.00,257750032.00,128881108,128868921,89499.00,89512.00,179011.00,89512,89499,0.00,0.00,0,0
1625603282.198563,tap5fb68060-3d,169.00,64440412.00,64440580.00,64440412,169,3.00,44755.00,44758.00,44755,3,0.00,0.00,0,0
1625603282.198837,tap616c957b-e2,64411388.00,372.00,64411760.00,372,64411387,44733.00,4.00,44737.00,4,44733,0.00,0.00,0,0
1625603282.198944,tap8681c578-97,64430048.00,64428848.00,128858896.00,64428846,64430047,44745.00,44746.00,89491.00,44746,44745,0.00,0.00,0,0
1625603282.199030,total,128841600.00,128869632.00,257711232.00,128869630,128841603,89481.00,89505.00,178986.00,89505,89481,0.00,0.00,0,0
1625603283.199301,tap5fb68060-3d,127.00,64417328.00,64417456.00,64417330,127,2.00,44738.00,44740.00,44738,2,0.00,0.00,0,0
1625603283.199582,tap616c957b-e2,64438688.00,372.00,64439060.00,372,64438687,44751.00,4.00,44755.00,4,44751,0.00,0.00,0,0
1625603283.199702,tap8681c578-97,64434368.00,64425968.00,128860336.00,64425966,64434367,44748.00,44744.00,89492.00,44744,44748,0.00,0.00,0,0
1625603283.199788,total,128873184.00,128843664.00,257716848.00,128843668,128873181,89501.00,89486.00,178987.00,89486,89501,0.00,0.00,0,0
1625603284.200048,tap5fb68060-3d,127.00,64414448.00,64414576.00,64414450,127,2.00,44736.00,44738.00,44736,2,0.00,0.00,0,0
1625603284.200314,tap616c957b-e2,64432988.00,372.00,64433360.00,372,64432987,44748.00,4.00,44752.00,4,44748,0.00,0.00,0,0
1625603284.200421,tap8681c578-97,64399808.00,64405808.00,128805616.00,64405806,64399807,44724.00,44730.00,89454.00,44730,44724,0.00,0.00,0,0
1625603284.200507,total,128832920.00,128820624.00,257653552.00,128820628,128832921,89474.00,89470.00,178944.00,89470,89474,0.00,0.00,0,0
1625603285.200759,tap5fb68060-3d,127.00,64436048.00,64436176.00,64436050,127,2.00,44751.00,44753.00,44751,2,0.00,0.00,0,0
1625603285.201011,tap616c957b-e2,64437128.00,372.00,64437500.00,372,64437127,44771.00,4.00,44775.00,4,44771,0.00,0.00,0,0
1625603285.201122,tap8681c578-97,64440128.00,64444688.00,128884816.00,64444686,64440127,44752.00,44757.00,89509.00,44757,44752,0.00,0.00,0,0
1625603285.201214,total,128877384.00,128881104.00,257758496.00,128881108,128877381,89525.00,89512.00,179037.00,89512,89525,0.00,0.00,0,0
1625603286.201537,tap5fb68060-3d,127.00,64437488.00,64437616.00,64437490,127,2.00,44752.00,44754.00,44752,2,0.00,0.00,0,0
1625603286.201807,tap616c957b-e2,64417268.00,372.00,64417640.00,372,64417267,44739.00,4.00,44743.00,4,44739,0.00,0.00,0,0
1625603286.201915,tap8681c578-97,64430048.00,64428848.00,128858896.00,64428846,64430047,44745.00,44746.00,89491.00,44746,44745,0.00,0.00,0,0
1625603286.202003,total,128847440.00,128866704.00,257714144.00,128866708,128847441,89486.00,89502.00,178988.00,89502,89486,0.00,0.00,0,0
1625603287.202321,tap5fb68060-3d,127.00,64434608.00,64434736.00,64434610,127,2.00,44750.00,44752.00,44750,2,0.00,0.00,0,0
1625603287.202579,tap616c957b-e2,64420148.00,372.00,64420520.00,372,64420147,44741.00,4.00,44745.00,4,44741,0.00,0.00,0,0
1625603287.202686,tap8681c578-97,64441568.00,64427408.00,128868976.00,64427406,64441567,44753.00,44745.00,89498.00,44745,44753,0.00,0.00,0,0
1625603287.202773,total,128861840.00,128862384.00,257724224.00,128862388,128861841,89496.00,89499.00,178995.00,89499,89496,0.00,0.00,0,0
1625603288.203098,tap5fb68060-3d,127.00,64408688.00,64408816.00,64408690,127,2.00,44732.00,44734.00,44732,2,0.00,0.00,0,0
1625603288.203368,tap616c957b-e2,64434368.00,372.00,64434740.00,372,64434367,44748.00,4.00,44752.00,4,44748,0.00,0.00,0,0
1625603288.203476,tap8681c578-97,64422848.00,64436048.00,128858896.00,64436046,64422847,44740.00,44751.00,89491.00,44751,44740,0.00,0.00,0,0
1625603288.203564,total,128857344.00,128845104.00,257702448.00,128845108,128857341,89490.00,89487.00,178977.00,89487,89490,0.00,0.00,0,0
1625603289.203899,tap5fb68060-3d,127.00,64423088.00,64423216.00,64423090,127,2.00,44742.00,44744.00,44742,2,0.00,0.00,0,0
1625603289.204163,tap616c957b-e2,64438688.00,372.00,64439060.00,372,64438687,44751.00,4.00,44755.00,4,44751,0.00,0.00,0,0
1625603289.204270,tap8681c578-97,64409888.00,64413008.00,128822896.00,64413006,64409887,44731.00,44735.00,89466.00,44735,44731,0.00,0.00,0,0
1625603289.204358,total,128848704.00,128836464.00,257685168.00,128836468,128848701,89484.00,89481.00,178965.00,89481,89484,0.00,0.00,0,0
1625603290.204671,tap5fb68060-3d,127.00,64440368.00,64440496.00,64440370,127,2.00,44754.00,44756.00,44754,2,0.00,0.00,0,0
1625603290.205006,tap616c957b-e2,64430048.00,372.00,64430420.00,372,64430047,44745.00,4.00,44749.00,4,44745,0.00,0.00,0,0
1625603290.205123,tap8681c578-97,64441568.00,64441808.00,128883376.00,64441806,64441567,44753.00,44755.00,89508.00,44755,44753,0.00,0.00,0,0
1625603290.205219,total,128871744.00,128882544.00,257754288.00,128882548,128871741,89500.00,89513.00,179013.00,89513,89500,0.00,0.00,0,0
1625603291.205554,tap5fb68060-3d,127.00,64289168.00,64289296.00,64289170,127,2.00,44649.00,44651.00,44649,2,0.00,0.00,0,0
1625603291.205824,tap616c957b-e2,64275968.00,372.00,64276340.00,372,64275967,44638.00,4.00,44642.00,4,44638,0.00,0.00,0,0
1625603291.205932,tap8681c578-97,64290368.00,64290608.00,128580976.00,64290606,64290367,44648.00,44650.00,89298.00,44650,44648,0.00,0.00,0,0
1625603291.206020,total,128566464.00,128580144.00,257146608.00,128580148,128566461,89288.00,89303.00,178591.00,89303,89288,0.00,0.00,0,0
1625603292.206321,tap5fb68060-3d,127.00,64587248.00,64587376.00,64587250,127,2.00,44856.00,44858.00,44856,2,0.00,0.00,0,0
1625603292.206614,tap616c957b-e2,64572608.00,372.00,64572980.00,372,64572607,44844.00,4.00,44848.00,4,44844,0.00,0.00,0,0
1625603292.206732,tap8681c578-97,64584128.00,64578608.00,129162736.00,64578606,64584127,44852.00,44850.00,89702.00,44850,44852,0.00,0.00,0,0
1625603292.206831,total,129156864.00,129166224.00,258323088.00,129166228,129156861,89698.00,89710.00,179408.00,89710,89698,0.00,0.00,0,0
1625603293.207187,tap5fb68060-3d,127.00,64425968.00,64426096.00,64425970,127,2.00,44744.00,44746.00,44744,2,0.00,0.00,0,0
1625603293.207484,tap616c957b-e2,64451648.00,372.00,64452020.00,372,64451647,44760.00,4.00,44764.00,4,44760,0.00,0.00,0,0
1625603293.207606,tap8681c578-97,64443008.00,64438928.00,128881936.00,64438926,64443007,44754.00,44753.00,89507.00,44753,44754,0.00,0.00,0,0
1625603293.207707,total,128894784.00,128865264.00,257760048.00,128865268,128894781,89516.00,89501.00,179017.00,89501,89516,0.00,0.00,0,0
1625603294.208036,tap5fb68060-3d,127.00,64418768.00,64418896.00,64418770,127,2.00,44739.00,44741.00,44739,2,0.00,0.00,0,0
1625603294.208314,tap616c957b-e2,64417088.00,372.00,64417460.00,372,64417087,44736.00,4.00,44740.00,4,44736,0.00,0.00,0,0
1625603294.208424,tap8681c578-97,64414208.00,64404368.00,128818576.00,64404366,64414207,44734.00,44729.00,89463.00,44729,44734,0.00,0.00,0,0
1625603294.208513,total,128831424.00,128823504.00,257654928.00,128823508,128831421,89472.00,89472.00,178944.00,89472,89472,0.00,0.00,0,0
1625603295.208778,tap5fb68060-3d,127.00,64425968.00,64426096.00,64425970,127,2.00,44744.00,44746.00,44744,2,0.00,0.00,0,0
1625603295.209056,tap616c957b-e2,64424388.00,414.00,64424804.00,414,64424389,44743.00,5.00,44748.00,5,44743,0.00,0.00,0,0
1625603295.209185,tap8681c578-97,64414208.00,64434608.00,128848816.00,64434606,64414207,44734.00,44750.00,89484.00,44750,44734,0.00,0.00,0,0
1625603295.209282,total,128838720.00,128860992.00,257699712.00,128860990,128838723,89479.00,89499.00,178978.00,89499,89479,0.00,0.00,0,0
1625603296.209561,tap5fb68060-3d,127.00,64443248.00,64443376.00,64443250,127,2.00,44756.00,44758.00,44756,2,0.00,0.00,0,0
1625603296.209838,tap616c957b-e2,64411388.00,372.00,64411760.00,372,64411387,44733.00,4.00,44737.00,4,44733,0.00,0.00,0,0
1625603296.209952,tap8681c578-97,64443008.00,64436048.00,128879056.00,64436046,64443007,44754.00,44751.00,89505.00,44751,44754,0.00,0.00,0,0
1625603296.210046,total,128854520.00,128879664.00,257734192.00,128879668,128854521,89489.00,89511.00,179000.00,89511,89489,0.00,0.00,0,0
1625603297.210390,tap5fb68060-3d,127.00,64441808.00,64441936.00,64441810,127,2.00,44755.00,44757.00,44755,2,0.00,0.00,0,0
1625603297.210678,tap616c957b-e2,64448888.00,414.00,64449300.00,414,64448887,44760.00,5.00,44765.00,5,44760,0.00,0.00,0,0
1625603297.210793,tap8681c578-97,64430048.00,64437488.00,128867536.00,64437486,64430047,44745.00,44752.00,89497.00,44752,44745,0.00,0.00,0,0
1625603297.210887,total,128879064.00,128879712.00,257758768.00,128879710,128879061,89507.00,89512.00,179019.00,89512,89507,0.00,0.00,0,0
1625603298.211230,tap5fb68060-3d,127.00,64418768.00,64418896.00,64418770,127,2.00,44739.00,44741.00,44739,2,0.00,0.00,0,0
1625603298.211604,tap616c957b-e2,64434488.00,372.00,64434860.00,372,64434487,44750.00,4.00,44754.00,4,44750,0.00,0.00,0,0
1625603298.211792,tap8681c578-97,64443008.00,64434608.00,128877616.00,64434606,64443007,44754.00,44750.00,89504.00,44750,44754,0.00,0.00,0,0
1625603298.211931,total,128748880.00,128725024.00,257473904.00,128853748,128877621,89416.59,89403.60,178820.18,89493,89506,0.00,0.00,0,0
1625603299.212276,tap5fb68060-3d,126.87,64394696.00,64394824.00,64459090,127,2.00,44722.28,44724.28,44767,2,0.00,0.00,0,0
1625603299.212549,tap616c957b-e2,64435928.00,372.00,64436300.00,372,64435927,44751.00,4.00,44755.00,4,44751,0.00,0.00,0,0
1625603299.212661,tap8681c578-97,64432928.00,64431728.00,128864656.00,64431726,64432927,44747.00,44748.00,89495.00,44748,44747,0.00,0.00,0,0
1625603299.212753,total,128868984.00,128891184.00,257760176.00,128891188,128868981,89500.00,89519.00,179019.00,89519,89500,0.00,0.00,0,0
1625603300.213008,tap5fb68060-3d,127.00,64404368.00,64404496.00,64404370,127,2.00,44729.00,44731.00,44729,2,0.00,0.00,0,0
1625603300.213270,tap616c957b-e2,64437308.00,372.00,64437680.00,372,64437307,44751.00,4.00,44755.00,4,44751,0.00,0.00,0,0
1625603300.213377,tap8681c578-97,64405568.00,64415888.00,128821456.00,64415886,64405567,44728.00,44737.00,89465.00,44737,44728,0.00,0.00,0,0
1625603300.213463,total,128843000.00,128820624.00,257663632.00,128820628,128843001,89481.00,89470.00,178951.00,89470,89481,0.00,0.00,0,0
1625603301.213788,tap5fb68060-3d,127.00,64425968.00,64426096.00,64425970,127,2.00,44744.00,44746.00,44744,2,0.00,0.00,0,0
1625603301.214053,tap616c957b-e2,64438748.00,372.00,64439120.00,372,64438747,44752.00,4.00,44756.00,4,44752,0.00,0.00,0,0
1625603301.214171,tap8681c578-97,64437248.00,64437488.00,128874736.00,64437486,64437247,44750.00,44752.00,89502.00,44752,44750,0.00,0.00,0,0
1625603301.214262,total,128876120.00,128863824.00,257739952.00,128863828,128876121,89504.00,89500.00,179004.00,89500,89504,0.00,0.00,0,0
1625603302.214547,tap5fb68060-3d,127.00,64447568.00,64447696.00,64447570,127,2.00,44759.00,44761.00,44759,2,0.00,0.00,0,0
1625603302.214838,tap616c957b-e2,64376768.00,372.00,64377140.00,372,64376767,44708.00,4.00,44712.00,4,44708,0.00,0.00,0,0
1625603302.214960,tap8681c578-97,64447328.00,64441704.00,128889032.00,64441704,64447327,44757.00,44754.00,89511.00,44754,44757,0.00,0.00,0,0
1625603302.215063,total,128824224.00,128889648.00,257713872.00,128889646,128824221,89467.00,89517.00,178984.00,89517,89467,0.00,0.00,0,0
1625603303.215388,tap5fb68060-3d,127.00,64434608.00,64434736.00,64434610,127,2.00,44750.00,44752.00,44750,2,0.00,0.00,0,0
1625603303.215654,tap616c957b-e2,64279088.00,372.00,64279460.00,372,64279087,44644.00,4.00,44648.00,4,44644,0.00,0.00,0,0
1625603303.215763,tap8681c578-97,64401248.00,64379888.00,128781136.00,64379886,64401247,44725.00,44712.00,89437.00,44712,44725,0.00,0.00,0,0
1625603303.215852,total,128680464.00,128814864.00,257495328.00,128814868,128680461,89371.00,89466.00,178837.00,89466,89371,0.00,0.00,0,0
1625603304.216221,tap5fb68060-3d,127.00,64424528.00,64424656.00,64424530,127,2.00,44743.00,44745.00,44743,2,0.00,0.00,0,0
1625603304.216658,tap616c957b-e2,64575716.00,371.63,64576084.00,372,64640287,44846.16,4.00,44850.15,4,44891,0.00,0.00,0,0
1625603304.216817,tap8681c578-97,64404524.00,64432096.00,128836624.00,64496526,64468927,44727.27,44748.25,89475.53,44793,44772,0.00,0.00,0,0
1625603304.216976,total,128980368.00,128792632.00,257773008.00,128921428,129109341,89575.43,89450.55,179025.98,89540,89665,0.00,0.00,0,0
1625603305.217256,tap5fb68060-3d,126.87,64390380.00,64390508.00,64454770,127,2.00,44719.28,44721.28,44764,2,0.00,0.00,0,0
1625603305.217511,tap616c957b-e2,64415708.00,372.00,64416080.00,372,64415707,44736.00,4.00,44740.00,4,44736,0.00,0.00,0,0
1625603305.217619,tap8681c578-97,64437248.00,64415888.00,128853136.00,64415886,64437247,44750.00,44737.00,89487.00,44737,44750,0.00,0.00,0,0
1625603305.217708,total,128853080.00,128871024.00,257724112.00,128871028,128853081,89488.00,89505.00,178993.00,89505,89488,0.00,0.00,0,0
1625603306.218011,tap5fb68060-3d,127.00,64407248.00,64407376.00,64407250,127,2.00,44731.00,44733.00,44731,2,0.00,0.00,0,0
1625603306.218331,tap616c957b-e2,64435808.00,372.00,64436180.00,372,64435807,44749.00,4.00,44753.00,4,44749,0.00,0.00,0,0
1625603306.218461,tap8681c578-97,64425728.00,64428848.00,128854576.00,64428846,64425727,44742.00,44746.00,89488.00,44746,44742,0.00,0.00,0,0
1625603306.218565,total,128861664.00,128836464.00,257698128.00,128836468,128861661,89493.00,89481.00,178974.00,89481,89493,0.00,0.00,0,0
1625603307.218905,tap5fb68060-3d,127.00,64431728.00,64431856.00,64431730,127,2.00,44748.00,44750.00,44748,2,0.00,0.00,0,0
1625603307.219220,tap616c957b-e2,64444448.00,372.00,64444820.00,372,64444447,44755.00,4.00,44759.00,4,44755,0.00,0.00,0,0
1625603307.219331,tap8681c578-97,64419968.00,64431728.00,128851696.00,64431726,64419967,44738.00,44748.00,89486.00,44748,44738,0.00,0.00,0,0
1625603307.219418,total,128864544.00,128863824.00,257728368.00,128863828,128864541,89495.00,89500.00,178995.00,89500,89495,0.00,0.00,0,0
1625603308.219711,tap5fb68060-3d,127.00,64430288.00,64430416.00,64430290,127,2.00,44747.00,44749.00,44747,2,0.00,0.00,0,0
1625603308.220013,tap616c957b-e2,64435868.00,372.00,64436240.00,372,64435867,44750.00,4.00,44754.00,4,44750,0.00,0.00,0,0
1625603308.220141,tap8681c578-97,64434368.00,64441808.00,128876176.00,64441806,64434367,44748.00,44755.00,89503.00,44755,44748,0.00,0.00,0,0
1625603308.220245,total,128870360.00,128872464.00,257742832.00,128872468,128870361,89500.00,89506.00,179006.00,89506,89500,0.00,0.00,0,0
1625603309.220534,tap5fb68060-3d,127.00,64443248.00,64443376.00,64443250,127,2.00,44756.00,44758.00,44756,2,0.00,0.00,0,0
1625603309.220819,tap616c957b-e2,64437308.00,372.00,64437680.00,372,64437307,44751.00,4.00,44755.00,4,44751,0.00,0.00,0,0
1625603309.220949,tap8681c578-97,64435808.00,64436048.00,128871856.00,64436046,64435807,44749.00,44751.00,89500.00,44751,44749,0.00,0.00,0,0
1625603309.221048,total,128873240.00,128879664.00,257752912.00,128879668,128873241,89502.00,89511.00,179013.00,89511,89502,0.00,0.00,0,0
1625603310.221323,tap5fb68060-3d,127.00,64428848.00,64428976.00,64428850,127,2.00,44746.00,44748.00,44746,2,0.00,0.00,0,0
1625603310.221618,tap616c957b-e2,64404128.00,372.00,64404500.00,372,64404127,44727.00,4.00,44731.00,4,44727,0.00,0.00,0,0
1625603310.221745,tap8681c578-97,64434312.00,64433168.00,128867480.00,64433166,64434313,44747.00,44749.00,89496.00,44749,44747,0.00,0.00,0,0
1625603310.221850,total,128838568.00,128862384.00,257700960.00,128862388,128838567,89476.00,89499.00,178975.00,89499,89476,0.00,0.00,0,0
1625603311.222189,tap5fb68060-3d,127.00,64437488.00,64437616.00,64437490,127,2.00,44752.00,44754.00,44752,2,0.00,0.00,0,0
1625603311.222448,tap616c957b-e2,64437248.00,372.00,64437620.00,372,64437247,44750.00,4.00,44754.00,4,44750,0.00,0.00,0,0
1625603311.222555,tap8681c578-97,64440056.00,64431564.00,128871616.00,64431564,64440054,44751.00,44746.00,89497.00,44746,44751,0.00,0.00,0,0
1625603311.222643,total,128877424.00,128869424.00,257746848.00,128869426,128877428,89503.00,89502.00,179005.00,89502,89503,0.00,0.00,0,0
1625603312.222927,tap5fb68060-3d,127.00,64414448.00,64414576.00,64414450,127,2.00,44736.00,44738.00,44736,2,0.00,0.00,0,0
1625603312.223207,tap616c957b-e2,64434428.00,372.00,64434800.00,372,64434427,44749.00,4.00,44753.00,4,44749,0.00,0.00,0,0
1625603312.223321,tap8681c578-97,64421408.00,64425760.00,128847168.00,64425762,64421407,44739.00,44742.00,89481.00,44742,44739,0.00,0.00,0,0
1625603312.223426,total,128855960.00,128840584.00,257696544.00,128840584,128855961,89490.00,89482.00,178972.00,89482,89490,0.00,0.00,0,0
1625603313.223741,tap5fb68060-3d,127.00,64425968.00,64426096.00,64425970,127,2.00,44744.00,44746.00,44744,2,0.00,0.00,0,0
1625603313.223995,tap616c957b-e2,64437248.00,372.00,64437620.00,372,64437247,44750.00,4.00,44754.00,4,44750,0.00,0.00,0,0
1625603313.224100,tap8681c578-97,64409888.00,64413008.00,128822896.00,64413006,64409887,44731.00,44735.00,89466.00,44735,44731,0.00,0.00,0,0
1625603313.224195,total,128847264.00,128839344.00,257686608.00,128839348,128847261,89483.00,89483.00,178966.00,89483,89483,0.00,0.00,0,0
1625603314.224513,tap5fb68060-3d,127.00,64441808.00,64441936.00,64441810,127,2.00,44755.00,44757.00,44755,2,0.00,0.00,0,0
1625603314.224771,tap616c957b-e2,64434488.00,372.00,64434860.00,372,64434487,44750.00,4.00,44754.00,4,44750,0.00,0.00,0,0
1625603314.224876,tap8681c578-97,64441568.00,64444688.00,128886256.00,64444686,64441567,44753.00,44757.00,89510.00,44757,44753,0.00,0.00,0,0
1625603314.224963,total,128876184.00,128886864.00,257763056.00,128886868,128876181,89505.00,89516.00,179021.00,89516,89505,0.00,0.00,0,0
1625603315.225216,tap5fb68060-3d,127.00,64433168.00,64433296.00,64433170,127,2.00,44749.00,44751.00,44749,2,0.00,0.00,0,0
1625603315.225456,tap616c957b-e2,64398428.00,372.00,64398800.00,372,64398427,44724.00,4.00,44728.00,4,44724,0.00,0.00,0,0
1625603315.225558,tap8681c578-97,64431488.00,64411568.00,128843056.00,64411566,64431487,44746.00,44734.00,89480.00,44734,44746,0.00,0.00,0,0
1625603315.225644,total,128830040.00,128845104.00,257675152.00,128845108,128830041,89472.00,89487.00,178959.00,89487,89472,0.00,0.00,0,0
1625603316.225915,tap5fb68060-3d,127.00,64402928.00,64403056.00,64402930,127,2.00,44728.00,44730.00,44728,2,0.00,0.00,0,0
1625603316.226181,tap616c957b-e2,64428608.00,372.00,64428980.00,372,64428607,44744.00,4.00,44748.00,4,44744,0.00,0.00,0,0
1625603316.226290,tap8681c578-97,64399848.00,64413048.00,128812896.00,64413048,64399849,44725.00,44736.00,89461.00,44736,44725,0.00,0.00,0,0
1625603316.226379,total,128828584.00,128816352.00,257644928.00,128816350,128828583,89471.00,89468.00,178939.00,89468,89471,0.00,0.00,0,0
1625603317.226691,tap5fb68060-3d,127.00,64424528.00,64424656.00,64424530,127,2.00,44743.00,44745.00,44743,2,0.00,0.00,0,0
1625603317.226946,tap616c957b-e2,64430048.00,372.00,64430420.00,372,64430047,44745.00,4.00,44749.00,4,44745,0.00,0.00,0,0
1625603317.227052,tap8681c578-97,64430048.00,64437488.00,128867536.00,64437486,64430047,44745.00,44752.00,89497.00,44752,44745,0.00,0.00,0,0
1625603317.227150,total,128860224.00,128862384.00,257722608.00,128862388,128860221,89492.00,89499.00,178991.00,89499,89492,0.00,0.00,0,0
1625603318.227484,tap5fb68060-3d,127.00,64441808.00,64441936.00,64441810,127,2.00,44755.00,44757.00,44755,2,0.00,0.00,0,0
1625603318.227740,tap616c957b-e2,64427228.00,372.00,64427600.00,372,64427227,44744.00,4.00,44748.00,4,44744,0.00,0.00,0,0
1625603318.227845,tap8681c578-97,64441568.00,64438928.00,128880496.00,64438926,64441567,44753.00,44753.00,89506.00,44753,44753,0.00,0.00,0,0
1625603318.227931,total,128868920.00,128881104.00,257750032.00,128881108,128868921,89499.00,89512.00,179011.00,89512,89499,0.00,0.00,0,0
1625603319.228411,tap5fb68060-3d,955.00,30711206.00,30712160.00,30711206,955,11.00,21345.00,21356.00,21345,11,0.00,0.00,0,0
1625603319.228672,tap616c957b-e2,30727776.00,987.00,30728764.00,987,30727777,21350.00,10.00,21360.00,10,21350,0.00,0.00,0,0
1625603319.228774,tap8681c578-97,30698048.00,30701166.00,61399212.00,30701166,30698047,21320.00,21324.00,42644.00,21324,21320,0.00,0.00,0,0
1625603319.228858,total,61426780.00,61413360.00,122840136.00,61413359,61426779,42681.00,42679.00,85360.00,42679,42681,0.00,0.00,0,0
1625603320.229165,tap5fb68060-3d,169.00,412.00,581.00,412,169,3.00,5.00,8.00,5,3,0.00,0.00,0,0
1625603320.229392,tap616c957b-e2,187.00,372.00,559.00,372,187,3.00,4.00,7.00,4,3,0.00,0.00,0,0
1625603320.229493,tap8681c578-97,127.00,366.00,493.00,366,127,2.00,4.00,6.00,4,2,0.00,0.00,0,0
1625603320.229586,total,483.00,1150.00,1633.00,1150,483,8.00,13.00,21.00,13,8,0.00,0.00,0,0
