1625602604.552670,tap5fb68060-3d,0.00,0.00,0.00,0,0,0.00,0.00,0.00,0,0,0.00,0.00,0,0
1625602604.552953,tap616c957b-e2,0.00,0.00,0.00,0,0,0.00,0.00,0.00,0,0,0.00,0.00,0,0
1625602604.553082,tap8681c578-97,0.00,0.00,0.00,0,0,0.00,0.00,0.00,0,0,0.00,0.00,0,0
1625602604.553173,total,0.00,0.00,0.00,0,0,0.00,0.00,0.00,0,0,0.00,0.00,0,0
1625602605.553485,tap5fb68060-3d,2092.00,15533413.00,15535505.00,15533413,2092,16.00,10804.00,10820.00,10804,16,0.00,0.00,0,0
1625602605.553789,tap616c957b-e2,15527197.00,958.00,15528155.00,958,15527197,10797.00,13.00,10810.00,13,10797,0.00,0.00,0,0
1625602605.553916,tap8681c578-97,15549291.00,15543593.00,31092884.00,15543593,15549291,10801.00,10801.00,21602.00,10801,10801,0.00,0.00,0,0
1625602605.554019,total,31078580.00,31077964.00,62156544.00,31077964,31078580,21614.00,21618.00,43232.00,21618,21614,0.00,0.00,0,0
1625602606.554313,tap5fb68060-3d,1307.00,64444688.00,64445996.00,64444690,1307,4.00,44757.00,44761.00,44757,4,0.00,0.00,0,0
1625602606.554601,tap616c957b-e2,64435808.00,372.00,64436180.00,372,64435807,44749.00,4.00,44753.00,4,44749,0.00,0.00,0,0
1625602606.554712,tap8681c578-97,64435680.00,64441180.00,128876864.00,64441180,64435680,44747.00,44752.00,89499.00,44752,44747,0.00,0.00,0,0
1625602606.554801,total,128872792.00,128886240.00,257759040.00,128886242,128872794,89500.00,89513.00,179013.00,89513,89500,0.00,0.00,0,0
1625602607.555089,tap5fb68060-3d,717.00,64438928.00,64439648.00,64438930,717,3.00,44753.00,44756.00,44753,3,0.00,0.00,0,0
1625602607.555369,tap616c957b-e2,64418528.00,372.00,64418900.00,372,64418527,44737.00,4.00,44741.00,4,44737,0.00,0.00,0,0
1625602607.555479,tap8681c578-97,64429920.00,64433392.00,128863312.00,64433390,64429920,44743.00,44746.00,89489.00,44746,44743,0.00,0.00,0,0
1625602607.555564,total,128849168.00,128872688.00,257721856.00,128872692,128849164,89483.00,89503.00,178986.00,89503,89483,0.00,0.00,0,0
1625602608.555883,tap5fb68060-3d,717.00,64404368.00,64405088.00,64404370,717,3.00,44729.00,44732.00,44729,3,0.00,0.00,0,0
1625602608.556175,tap616c957b-e2,64438688.00,372.00,64439060.00,372,64438687,44751.00,4.00,44755.00,4,44751,0.00,0.00,0,0
1625602608.556298,tap8681c578-97,64408320.00,64406032.00,128814352.00,64406030,64408320,44728.00,44727.00,89455.00,44727,44728,0.00,0.00,0,0
1625602608.556388,total,128847728.00,128810768.00,257658496.00,128810772,128847724,89482.00,89460.00,178942.00,89460,89482,0.00,0.00,0,0
1625602609.556703,tap5fb68060-3d,127.00,64428848.00,64428976.00,64428850,127,2.00,44746.00,44748.00,44746,2,0.00,0.00,0,0
1625602609.556987,tap616c957b-e2,64428668.00,372.00,64429040.00,372,64428667,44745.00,4.00,44749.00,4,44745,0.00,0.00,0,0
1625602609.557091,tap8681c578-97,64438560.00,64441440.00,128880000.00,64441440,64438560,44749.00,44751.00,89500.00,44751,44749,0.00,0.00,0,0
1625602609.557184,total,128867352.00,128870664.00,257738016.00,128870662,128867354,89496.00,89501.00,178997.00,89501,89496,0.00,0.00,0,0
1625602610.557506,tap5fb68060-3d,759.00,64433212.00,64433972.00,64433212,759,4.00,44750.00,44754.00,44750,4,0.00,0.00,0,0
1625602610.557785,tap616c957b-e2,64435988.00,414.00,64436400.00,414,64435987,44752.00,5.00,44757.00,5,44752,0.00,0.00,0,0
1625602610.557898,tap8681c578-97,64435720.00,64436312.00,128872032.00,64436312,64435722,44748.00,44749.00,89497.00,44749,44748,0.00,0.00,0,0
1625602610.557994,total,128872464.00,128869936.00,257742400.00,128869938,128872468,89504.00,89504.00,179008.00,89504,89504,0.00,0.00,0,0
1625602611.558347,tap5fb68060-3d,127.00,64440368.00,64440496.00,64440370,127,2.00,44754.00,44756.00,44754,2,0.00,0.00,0,0
1625602611.558608,tap616c957b-e2,64437372.00,474.00,64437848.00,474,64437373,44752.00,5.00,44757.00,5,44752,0.00,0.00,0,0
1625602611.558717,tap8681c578-97,64431360.00,64431360.00,128862720.00,64431360,64431360,44744.00,44744.00,89488.00,44744,44744,0.00,0.00,0,0
1625602611.558806,total,128868864.00,128872208.00,257741056.00,128872204,128868860,89498.00,89503.00,179001.00,89503,89498,0.00,0.00,0,0
1625602612.559203,tap5fb68060-3d,127.00,64440368.00,64440496.00,64440370,127,2.00,44754.00,44756.00,44754,2,0.00,0.00,0,0
1625602612.559560,tap616c957b-e2,64411448.00,372.00,64411820.00,372,64411447,44734.00,4.00,44738.00,4,44734,0.00,0.00,0,0
1625602612.559730,tap8681c578-97,64369872.00,64369872.00,128739744.00,64434240,64434240,44701.30,44701.30,89402.60,44746,44746,0.00,0.00,0,0
1625602612.559872,total,128717104.00,128746240.00,257463344.00,128874982,128845814,89392.61,89414.59,178807.20,89504,89482,0.00,0.00,0,0
1625602613.560235,tap5fb68060-3d,126.87,64377432.00,64377560.00,64441810,127,2.00,44710.29,44712.29,44755,2,0.00,0.00,0,0
1625602613.560513,tap616c957b-e2,64448828.00,372.00,64449200.00,372,64448827,44759.00,4.00,44763.00,4,44759,0.00,0.00,0,0
1625602613.560621,tap8681c578-97,64440000.00,64440000.00,128880000.00,64440000,64440000,44750.00,44750.00,89500.00,44750,44750,0.00,0.00,0,0
1625602613.560711,total,128888952.00,128882184.00,257771136.00,128882182,128888954,89511.00,89509.00,179020.00,89509,89511,0.00,0.00,0,0
1625602614.561002,tap5fb68060-3d,127.00,64428848.00,64428976.00,64428850,127,2.00,44746.00,44748.00,44746,2,0.00,0.00,0,0
1625602614.561289,tap616c957b-e2,64418528.00,372.00,64418900.00,372,64418527,44737.00,4.00,44741.00,4,44737,0.00,0.00,0,0
1625602614.561399,tap8681c578-97,64441440.00,64424160.00,128865600.00,64424160,64441440,44751.00,44739.00,89490.00,44739,44751,0.00,0.00,0,0
1625602614.561510,total,128860096.00,128853384.00,257713472.00,128853382,128860094,89490.00,89489.00,178979.00,89489,89490,0.00,0.00,0,0
1625602615.561808,tap5fb68060-3d,717.00,64402928.00,64403648.00,64402930,717,3.00,44728.00,44731.00,44728,3,0.00,0.00,0,0
1625602615.562088,tap616c957b-e2,64433088.00,414.00,64433504.00,414,64433089,44750.00,5.00,44755.00,5,44750,0.00,0.00,0,0
1625602615.562213,tap8681c578-97,64391040.00,64404592.00,128795632.00,64404590,64391040,44716.00,44726.00,89442.00,44726,44716,0.00,0.00,0,0
1625602615.562306,total,128824848.00,128807936.00,257632784.00,128807934,128824846,89469.00,89459.00,178928.00,89459,89469,0.00,0.00,0,0
1625602616.562656,tap5fb68060-3d,127.00,64433168.00,64433296.00,64433170,127,2.00,44749.00,44751.00,44749,2,0.00,0.00,0,0
1625602616.562928,tap616c957b-e2,64437248.00,372.00,64437620.00,372,64437247,44750.00,4.00,44754.00,4,44750,0.00,0.00,0,0
1625602616.563034,tap8681c578-97,64442880.00,64447200.00,128890080.00,64447200,64442880,44752.00,44755.00,89507.00,44755,44752,0.00,0.00,0,0
1625602616.563132,total,128880256.00,128880744.00,257760992.00,128880742,128880254,89504.00,89508.00,179012.00,89508,89504,0.00,0.00,0,0
1625602617.563495,tap5fb68060-3d,127.00,64441808.00,64441936.00,64441810,127,2.00,44755.00,44757.00,44755,2,0.00,0.00,0,0
1625602617.563924,tap616c957b-e2,64447328.00,372.00,64447700.00,372,64447327,44757.00,4.00,44761.00,4,44757,0.00,0.00,0,0
1625602617.564113,tap8681c578-97,64375628.00,64375628.00,128751256.00,64440000,64440000,44705.30,44705.30,89410.59,44750,44750,0.00,0.00,0,0
1625602617.564269,total,128758704.00,128753432.00,257512128.00,128882182,128887454,89419.58,89419.58,178839.17,89509,89509,0.00,0.00,0,0
1625602618.564632,tap5fb68060-3d,126.87,64378872.00,64379000.00,64443250,127,2.00,44711.29,44713.29,44756,2,0.00,0.00,0,0
1625602618.564915,tap616c957b-e2,64446008.00,372.00,64446380.00,372,64446007,44758.00,4.00,44762.00,4,44758,0.00,0.00,0,0
1625602618.565030,tap8681c578-97,64442880.00,64442880.00,128885760.00,64442880,64442880,44752.00,44752.00,89504.00,44752,44752,0.00,0.00,0,0
1625602618.565130,total,128889016.00,128886504.00,257775520.00,128886502,128889014,89512.00,89512.00,179024.00,89512,89512,0.00,0.00,0,0
1625602619.565502,tap5fb68060-3d,127.00,64440368.00,64440496.00,64440370,127,2.00,44754.00,44756.00,44754,2,0.00,0.00,0,0
1625602619.565791,tap616c957b-e2,64430108.00,372.00,64430480.00,372,64430107,44746.00,4.00,44750.00,4,44746,0.00,0.00,0,0
1625602619.565908,tap8681c578-97,64440000.00,64440000.00,128880000.00,64440000,64440000,44750.00,44750.00,89500.00,44750,44750,0.00,0.00,0,0
1625602619.566000,total,128870232.00,128880744.00,257750976.00,128880742,128870234,89498.00,89508.00,179006.00,89508,89498,0.00,0.00,0,0
1625602620.566341,tap5fb68060-3d,127.00,64444688.00,64444816.00,64444690,127,2.00,44757.00,44759.00,44757,2,0.00,0.00,0,0
1625602620.566626,tap616c957b-e2,64427228.00,372.00,64427600.00,372,64427227,44744.00,4.00,44748.00,4,44744,0.00,0.00,0,0
1625602620.566738,tap8681c578-97,64435680.00,64435680.00,128871360.00,64435680,64435680,44747.00,44747.00,89494.00,44747,44747,0.00,0.00,0,0
1625602620.566827,total,128863032.00,128880744.00,257743776.00,128880742,128863034,89493.00,89508.00,179001.00,89508,89493,0.00,0.00,0,0
1625602621.567128,tap5fb68060-3d,127.00,64430288.00,64430416.00,64430290,127,2.00,44747.00,44749.00,44747,2,0.00,0.00,0,0
1625602621.567409,tap616c957b-e2,64421532.00,438.00,64421972.00,438,64421533,44741.00,5.00,44746.00,5,44741,0.00,0.00,0,0
1625602621.567515,tap8681c578-97,64438560.00,64435680.00,128874240.00,64435680,64438560,44749.00,44747.00,89496.00,44747,44749,0.00,0.00,0,0
1625602621.567601,total,128860224.00,128866408.00,257726624.00,128866408,128860220,89492.00,89499.00,178991.00,89499,89492,0.00,0.00,0,0
1625602622.567944,tap5fb68060-3d,127.00,64418768.00,64418896.00,64418770,127,2.00,44739.00,44741.00,44739,2,0.00,0.00,0,0
1625602622.568232,tap616c957b-e2,64424348.00,372.00,64424720.00,372,64424347,44742.00,4.00,44746.00,4,44742,0.00,0.00,0,0
1625602622.568342,tap8681c578-97,64429920.00,64409760.00,128839680.00,64409760,64429920,44743.00,44729.00,89472.00,44729,44743,0.00,0.00,0,0
1625602622.568429,total,128854392.00,128828904.00,257683296.00,128828902,128854394,89487.00,89472.00,178959.00,89472,89487,0.00,0.00,0,0
1625602623.568786,tap5fb68060-3d,127.00,64414448.00,64414576.00,64414450,127,2.00,44736.00,44738.00,44736,2,0.00,0.00,0,0
1625602623.569215,tap616c957b-e2,64435868.00,372.00,64436240.00,372,64435867,44750.00,4.00,44754.00,4,44750,0.00,0.00,0,0
1625602623.569400,tap8681c578-97,64355488.00,64378504.00,128733992.00,64442880,64419840,44691.31,44707.29,89398.60,44752,44736,0.00,0.00,0,0
1625602623.569548,total,128727112.00,128728976.00,257456080.00,128857702,128855834,89398.60,89402.60,178801.20,89492,89488,0.00,0.00,0,0
1625602624.569913,tap5fb68060-3d,126.87,64397572.00,64397700.00,64461970,127,2.00,44724.28,44726.27,44769,2,0.00,0.00,0,0
1625602624.570204,tap616c957b-e2,64451708.00,372.00,64452080.00,372,64451707,44761.00,4.00,44765.00,4,44761,0.00,0.00,0,0
1625602624.570317,tap8681c578-97,64460160.00,64451520.00,128911680.00,64451520,64460160,44764.00,44758.00,89522.00,44758,44764,0.00,0.00,0,0
1625602624.570412,total,128911992.00,128913864.00,257825856.00,128913862,128911994,89527.00,89531.00,179058.00,89531,89527,0.00,0.00,0,0
1625602625.570706,tap5fb68060-3d,127.00,64397168.00,64397296.00,64397170,127,2.00,44724.00,44726.00,44724,2,0.00,0.00,0,0
1625602625.570978,tap616c957b-e2,21705248.00,372.00,21705620.00,372,21705247,15075.00,4.00,15079.00,4,15075,0.00,0.00,0,0
1625602625.571085,tap8681c578-97,64372428.00,21679672.00,86052096.00,21679672,64372428,44705.00,15059.00,59764.00,15059,44705,0.00,0.00,0,0
1625602625.571184,total,86077800.00,86077216.00,172155008.00,86077214,86077802,59782.00,59787.00,119569.00,59787,59782,0.00,0.00,0,0
1625602626.571534,tap5fb68060-3d,127.00,64467728.00,64467856.00,64467730,127,2.00,44773.00,44775.00,44773,2,0.00,0.00,0,0
1625602626.571800,tap616c957b-e2,187.00,372.00,559.00,372,187,3.00,4.00,7.00,4,3,0.00,0.00,0,0
1625602626.571908,tap8681c578-97,64474560.00,0.00,64474560.00,0,64474560,44774.00,0.00,44774.00,0,44774,0.00,0.00,0,0
1625602626.571997,total,64474872.00,64468104.00,128942976.00,64468102,64474874,44779.00,44777.00,89556.00,44777,44779,0.00,0.00,0,0
1625602627.572305,tap5fb68060-3d,127.00,64434608.00,64434736.00,64434610,127,2.00,44750.00,44752.00,44750,2,0.00,0.00,0,0
1625602627.572587,tap616c957b-e2,187.00,372.00,559.00,372,187,3.00,4.00,7.00,4,3,0.00,0.00,0,0
1625602627.572698,tap8681c578-97,64431360.00,0.00,64431360.00,0,64431360,44744.00,0.00,44744.00,0,44744,0.00,0.00,0,0
1625602627.572790,total,64431672.00,64434984.00,128866656.00,64434982,64431674,44749.00,44754.00,89503.00,44754,44749,0.00,0.00,0,0
1625602628.573076,tap5fb68060-3d,127.00,64433168.00,64433296.00,64433170,127,2.00,44749.00,44751.00,44749,2,0.00,0.00,0,0
1625602628.573357,tap616c957b-e2,187.00,372.00,559.00,372,187,3.00,4.00,7.00,4,3,0.00,0.00,0,0
1625602628.573464,tap8681c578-97,64440000.00,0.00,64440000.00,0,64440000,44750.00,0.00,44750.00,0,44750,0.00,0.00,0,0
1625602628.573552,total,64440312.00,64433544.00,128873856.00,64433542,64440314,44755.00,44753.00,89508.00,44753,44755,0.00,0.00,0,0
1625602629.573840,tap5fb68060-3d,127.00,64402928.00,64403056.00,64402930,127,2.00,44728.00,44730.00,44728,2,0.00,0.00,0,0
1625602629.574171,tap616c957b-e2,187.00,372.00,559.00,372,187,3.00,4.00,7.00,4,3,0.00,0.00,0,0
1625602629.574338,tap8681c578-97,64418400.00,0.00,64418400.00,0,64418400,44735.00,0.00,44735.00,0,44735,0.00,0.00,0,0
1625602629.574458,total,64418712.00,64403304.00,128822016.00,64403302,64418714,44740.00,44732.00,89472.00,44732,44740,0.00,0.00,0,0
1625602630.574820,tap5fb68060-3d,1539.00,64443736.00,64445276.00,64443738,1539,8.00,44759.00,44767.00,44759,8,0.00,0.00,0,0
1625602630.575088,tap616c957b-e2,187.00,372.00,559.00,372,187,3.00,4.00,7.00,4,3,0.00,0.00,0,0
1625602630.575205,tap8681c578-97,64422720.00,0.00,64422720.00,0,64422720,44738.00,0.00,44738.00,0,44738,0.00,0.00,0,0
1625602630.575292,total,64424448.00,64444112.00,128868560.00,64444110,64424446,44749.00,44763.00,89512.00,44763,44749,0.00,0.00,0,0
1625602631.575630,tap5fb68060-3d,127.00,64433168.00,64433296.00,64433170,127,2.00,44749.00,44751.00,44749,2,0.00,0.00,0,0
1625602631.575905,tap616c957b-e2,367.00,372.00,739.00,372,367,6.00,4.00,10.00,4,6,0.00,0.00,0,0
1625602631.576021,tap8681c578-97,64429920.00,0.00,64429920.00,0,64429920,44743.00,0.00,44743.00,0,44743,0.00,0.00,0,0
1625602631.576123,total,64430416.00,64433544.00,128863952.00,64433542,64430414,44751.00,44753.00,89504.00,44753,44751,0.00,0.00,0,0
1625602632.576431,tap5fb68060-3d,127.00,64441808.00,64441936.00,64441810,127,2.00,44755.00,44757.00,44755,2,0.00,0.00,0,0
1625602632.576696,tap616c957b-e2,247.00,372.00,619.00,372,247,4.00,4.00,8.00,4,4,0.00,0.00,0,0
1625602632.576799,tap8681c578-97,64435680.00,0.00,64435680.00,0,64435680,44747.00,0.00,44747.00,0,44747,0.00,0.00,0,0
1625602632.576886,total,64436056.00,64442184.00,128878240.00,64442182,64436054,44753.00,44759.00,89512.00,44759,44753,0.00,0.00,0,0
1625602633.577250,tap5fb68060-3d,127.00,64443248.00,64443376.00,64443250,127,2.00,44756.00,44758.00,44756,2,0.00,0.00,0,0
1625602633.577519,tap616c957b-e2,247.00,372.00,619.00,372,247,4.00,4.00,8.00,4,4,0.00,0.00,0,0
1625602633.577625,tap8681c578-97,64440000.00,0.00,64440000.00,0,64440000,44750.00,0.00,44750.00,0,44750,0.00,0.00,0,0
1625602633.577713,total,64440376.00,64443624.00,128884000.00,64443622,64440374,44756.00,44760.00,89516.00,44760,44756,0.00,0.00,0,0
1625602634.578010,tap5fb68060-3d,127.00,64401488.00,64401616.00,64401490,127,2.00,44727.00,44729.00,44727,2,0.00,0.00,0,0
1625602634.578283,tap616c957b-e2,247.00,372.00,619.00,372,247,4.00,4.00,8.00,4,4,0.00,0.00,0,0
1625602634.578392,tap8681c578-97,64416960.00,0.00,64416960.00,0,64416960,44734.00,0.00,44734.00,0,44734,0.00,0.00,0,0
1625602634.578478,total,64417336.00,64401864.00,128819200.00,64401862,64417334,44740.00,44731.00,89471.00,44731,44740,0.00,0.00,0,0
1625602635.578796,tap5fb68060-3d,127.00,64424528.00,64424656.00,64424530,127,2.00,44743.00,44745.00,44743,2,0.00,0.00,0,0
1625602635.579068,tap616c957b-e2,187.00,372.00,559.00,372,187,3.00,4.00,7.00,4,3,0.00,0.00,0,0
1625602635.579183,tap8681c578-97,64422720.00,0.00,64422720.00,0,64422720,44738.00,0.00,44738.00,0,44738,0.00,0.00,0,0
1625602635.579272,total,64423032.00,64424904.00,128847936.00,64424902,64423034,44743.00,44747.00,89490.00,44747,44743,0.00,0.00,0,0
1625602636.579567,tap5fb68060-3d,127.00,64440368.00,64440496.00,64440370,127,2.00,44754.00,44756.00,44754,2,0.00,0.00,0,0
1625602636.579850,tap616c957b-e2,247.00,372.00,619.00,372,247,4.00,4.00,8.00,4,4,0.00,0.00,0,0
1625602636.579962,tap8681c578-97,64432800.00,0.00,64432800.00,0,64432800,44745.00,0.00,44745.00,0,44745,0.00,0.00,0,0
1625602636.580057,total,64433176.00,64440744.00,128873920.00,64440742,64433174,44751.00,44758.00,89509.00,44758,44751,0.00,0.00,0,0
1625602637.580406,tap5fb68060-3d,127.00,64425968.00,64426096.00,64425970,127,2.00,44744.00,44746.00,44744,2,0.00,0.00,0,0
1625602637.580683,tap616c957b-e2,169.00,414.00,583.00,414,169,3.00,5.00,8.00,5,3,0.00,0.00,0,0
1625602637.580789,tap8681c578-97,64434240.00,0.00,64434240.00,0,64434240,44746.00,0.00,44746.00,0,44746,0.00,0.00,0,0
1625602637.580877,total,64434536.00,64426384.00,128860920.00,64426384,64434536,44751.00,44749.00,89500.00,44749,44751,0.00,0.00,0,0
1625602638.581231,tap5fb68060-3d,127.00,64433168.00,64433296.00,64433170,127,2.00,44749.00,44751.00,44749,2,0.00,0.00,0,0
1625602638.581501,tap616c957b-e2,127.00,372.00,499.00,372,127,2.00,4.00,6.00,4,2,0.00,0.00,0,0
1625602638.581607,tap8681c578-97,64441440.00,0.00,64441440.00,0,64441440,44751.00,0.00,44751.00,0,44751,0.00,0.00,0,0
1625602638.581696,total,64441696.00,64433544.00,128875232.00,64433542,64441694,44755.00,44753.00,89508.00,44753,44755,0.00,0.00,0,0
1625602639.582042,tap5fb68060-3d,127.00,64430288.00,64430416.00,64430290,127,2.00,44747.00,44749.00,44747,2,0.00,0.00,0,0
1625602639.582324,tap616c957b-e2,187.00,372.00,559.00,372,187,3.00,4.00,7.00,4,3,0.00,0.00,0,0
1625602639.582434,tap8681c578-97,64431360.00,0.00,64431360.00,0,64431360,44744.00,0.00,44744.00,0,44744,0.00,0.00,0,0
1625602639.582520,total,64431672.00,64430664.00,128862336.00,64430662,64431674,44749.00,44751.00,89500.00,44751,44749,0.00,0.00,0,0
1625602640.582892,tap5fb68060-3d,127.00,64414448.00,64414576.00,64414450,127,2.00,44736.00,44738.00,44736,2,0.00,0.00,0,0
1625602640.583234,tap616c957b-e2,187.00,372.00,559.00,372,187,3.00,4.00,7.00,4,3,0.00,0.00,0,0
1625602640.583349,tap8681c578-97,64412640.00,0.00,64412640.00,0,64412640,44731.00,0.00,44731.00,0,44731,0.00,0.00,0,0
1625602640.583442,total,64412952.00,64414824.00,128827776.00,64414822,64412954,44736.00,44740.00,89476.00,44740,44736,0.00,0.00,0,0
1625602641.583737,tap5fb68060-3d,217.00,64440460.00,64440676.00,64440460,217,3.00,44755.00,44758.00,44755,3,0.00,0.00,0,0
1625602641.584121,tap616c957b-e2,247.00,372.00,619.00,372,247,4.00,4.00,8.00,4,4,0.00,0.00,0,0
1625602641.584227,tap8681c578-97,64437208.00,90.00,64437300.00,90,64437210,44749.00,1.00,44750.00,1,44749,0.00,0.00,0,0
1625602641.584314,total,64437672.00,64440920.00,128878592.00,64440922,64437674,44756.00,44760.00,89516.00,44760,44756,0.00,0.00,0,0
1625602642.584654,tap5fb68060-3d,127.00,64441808.00,64441936.00,64441810,127,2.00,44755.00,44757.00,44755,2,0.00,0.00,0,0
1625602642.584927,tap616c957b-e2,127.00,372.00,499.00,372,127,2.00,4.00,6.00,4,2,0.00,0.00,0,0
1625602642.585033,tap8681c578-97,64429920.00,0.00,64429920.00,0,64429920,44743.00,0.00,44743.00,0,44743,0.00,0.00,0,0
1625602642.585131,total,64430176.00,64442184.00,128872352.00,64442182,64430174,44747.00,44759.00,89506.00,44759,44747,0.00,0.00,0,0
1625602643.585475,tap5fb68060-3d,127.00,64443248.00,64443376.00,64443250,127,2.00,44756.00,44758.00,44756,2,0.00,0.00,0,0
1625602643.585771,tap616c957b-e2,187.00,372.00,559.00,372,187,3.00,4.00,7.00,4,3,0.00,0.00,0,0
1625602643.585879,tap8681c578-97,64444320.00,0.00,64444320.00,0,64444320,44753.00,0.00,44753.00,0,44753,0.00,0.00,0,0
1625602643.585967,total,64444632.00,64443624.00,128888256.00,64443622,64444634,44758.00,44760.00,89518.00,44760,44758,0.00,0.00,0,0
1625602644.586474,tap5fb68060-3d,126.87,64380308.00,64380436.00,64444690,127,2.00,44712.29,44714.29,44757,2,0.00,0.00,0,0
1625602644.586796,tap616c957b-e2,186.81,371.63,558.44,372,187,3.00,4.00,6.99,4,3,0.00,0.00,0,0
1625602644.586899,tap8681c578-97,64385696.00,0.00,64385696.00,0,64450080,44712.29,0.00,44712.29,0,44757,0.00,0.00,0,0
1625602644.586983,total,64386008.00,64380684.00,128766696.00,64445062,64450394,44717.28,44716.28,89433.57,44761,44762,0.00,0.00,0,0
1625602645.587289,tap5fb68060-3d,127.00,64440368.00,64440496.00,64440370,127,2.00,44754.00,44756.00,44754,2,0.00,0.00,0,0
1625602645.587558,tap616c957b-e2,42382388.00,372.00,42382760.00,372,42382387,29437.00,4.00,29441.00,4,29437,0.00,0.00,0,0
1625602645.587665,tap8681c578-97,64422864.00,42419852.00,106842712.00,42419851,64422864,44740.00,29462.00,74202.00,29462,44740,0.00,0.00,0,0
1625602645.587765,total,106805376.00,106860592.00,213665968.00,106860593,106805378,74179.00,74220.00,148399.00,74220,74179,0.00,0.00,0,0
1625602646.588069,tap5fb68060-3d,127.00,64423088.00,64423216.00,64423090,127,2.00,44742.00,44744.00,44742,2,0.00,0.00,0,0
1625602646.588343,tap616c957b-e2,64453148.00,372.00,64453520.00,372,64453147,44762.00,4.00,44766.00,4,44762,0.00,0.00,0,0
1625602646.588450,tap8681c578-97,64445888.00,64444688.00,128890576.00,64444686,64445887,44756.00,44757.00,89513.00,44757,44756,0.00,0.00,0,0
1625602646.588538,total,128899160.00,128868144.00,257767312.00,128868148,128899161,89520.00,89503.00,179023.00,89503,89520,0.00,0.00,0,0
1625602647.588888,tap5fb68060-3d,127.00,64437488.00,64437616.00,64437490,127,2.00,44752.00,44754.00,44752,2,0.00,0.00,0,0
1625602647.589176,tap616c957b-e2,64427228.00,372.00,64427600.00,372,64427227,44744.00,4.00,44748.00,4,44744,0.00,0.00,0,0
1625602647.589287,tap8681c578-97,64438688.00,64427408.00,128866096.00,64427406,64438687,44751.00,44745.00,89496.00,44745,44751,0.00,0.00,0,0
1625602647.589375,total,128866040.00,128865264.00,257731312.00,128865268,128866041,89497.00,89501.00,178998.00,89501,89497,0.00,0.00,0,0
1625602648.589726,tap5fb68060-3d,127.00,64414448.00,64414576.00,64414450,127,2.00,44736.00,44738.00,44736,2,0.00,0.00,0,0
1625602648.590004,tap616c957b-e2,64431488.00,372.00,64431860.00,372,64431487,44746.00,4.00,44750.00,4,44746,0.00,0.00,0,0
1625602648.590121,tap8681c578-97,64404128.00,64411568.00,128815696.00,64411566,64404127,44727.00,44734.00,89461.00,44734,44727,0.00,0.00,0,0
1625602648.590237,total,128835744.00,128826384.00,257662128.00,128826388,128835741,89475.00,89474.00,178949.00,89474,89475,0.00,0.00,0,0
1625602649.590543,tap5fb68060-3d,127.00,64431728.00,64431856.00,64431730,127,2.00,44748.00,44750.00,44748,2,0.00,0.00,0,0
1625602649.590809,tap616c957b-e2,64441752.00,474.00,64442228.00,474,64441753,44756.00,5.00,44761.00,5,44756,0.00,0.00,0,0
1625602649.590914,tap8681c578-97,64427168.00,64433168.00,128860336.00,64433166,64427167,44743.00,44749.00,89492.00,44749,44743,0.00,0.00,0,0
1625602649.591001,total,128869048.00,128865368.00,257734416.00,128865370,128869047,89501.00,89502.00,179003.00,89502,89501,0.00,0.00,0,0
1625602650.591346,tap5fb68060-3d,127.00,64440368.00,64440496.00,64440370,127,2.00,44754.00,44756.00,44754,2,0.00,0.00,0,0
1625602650.591621,tap616c957b-e2,64430172.00,516.00,64430688.00,516,64430173,44747.00,6.00,44753.00,6,44747,0.00,0.00,0,0
1625602650.591732,tap8681c578-97,64443116.00,64443392.00,128886504.00,64443390,64443115,44756.00,44758.00,89514.00,44758,44756,0.00,0.00,0,0
1625602650.591821,total,128873416.00,128884272.00,257757696.00,128884276,128873415,89505.00,89518.00,179023.00,89518,89505,0.00,0.00,0,0
1625602651.592148,tap5fb68060-3d,127.00,64446128.00,64446256.00,64446130,127,2.00,44758.00,44760.00,44758,2,0.00,0.00,0,0
1625602651.592429,tap616c957b-e2,64434428.00,372.00,64434800.00,372,64434427,44749.00,4.00,44753.00,4,44749,0.00,0.00,0,0
1625602651.592542,tap8681c578-97,64437248.00,64436048.00,128873296.00,64436046,64437247,44750.00,44751.00,89501.00,44751,44750,0.00,0.00,0,0
1625602651.592655,total,128871800.00,128882544.00,257754352.00,128882548,128871801,89501.00,89513.00,179014.00,89513,89501,0.00,0.00,0,0
1625602652.592957,tap5fb68060-3d,127.00,64438928.00,64439056.00,64438930,127,2.00,44753.00,44755.00,44753,2,0.00,0.00,0,0
1625602652.593242,tap616c957b-e2,64412768.00,372.00,64413140.00,372,64412767,44733.00,4.00,44737.00,4,44733,0.00,0.00,0,0
1625602652.593353,tap8681c578-97,64434368.00,64436048.00,128870416.00,64436046,64434367,44748.00,44751.00,89499.00,44751,44748,0.00,0.00,0,0
1625602652.593441,total,128847264.00,128875344.00,257722608.00,128875348,128847261,89483.00,89508.00,178991.00,89508,89483,0.00,0.00,0,0
1625602653.593827,tap5fb68060-3d,127.00,64408688.00,64408816.00,64408690,127,2.00,44732.00,44734.00,44732,2,0.00,0.00,0,0
1625602653.594275,tap616c957b-e2,64382948.00,371.63,64383320.00,372,64447327,44712.29,4.00,44716.28,4,44757,0.00,0.00,0,0
1625602653.594475,tap8681c578-97,64381508.00,64377432.00,128758944.00,64441806,64445887,44711.29,44710.29,89421.58,44755,44756,0.00,0.00,0,0
1625602653.594630,total,128764584.00,128722144.00,257486736.00,128850868,128893341,89425.58,89401.60,178827.18,89491,89515,0.00,0.00,0,0
1625602654.594946,tap5fb68060-3d,168.83,64413440.00,64413608.00,64477852,169,3.00,44736.26,44739.26,44781,3,0.00,0.00,0,0
1625602654.595222,tap616c957b-e2,64457408.00,372.00,64457780.00,372,64457407,44764.00,4.00,44768.00,4,44764,0.00,0.00,0,0
1625602654.595332,tap8681c578-97,64440128.00,64444688.00,128884816.00,64444686,64440127,44752.00,44757.00,89509.00,44757,44752,0.00,0.00,0,0
1625602654.595421,total,128897704.00,128922912.00,257820608.00,128922910,128897703,89519.00,89542.00,179061.00,89542,89519,0.00,0.00,0,0
1625602655.595807,tap5fb68060-3d,127.00,64428848.00,64428976.00,64428850,127,2.00,44746.00,44748.00,44746,2,0.00,0.00,0,0
1625602655.596243,tap616c957b-e2,64354296.00,371.63,64354668.00,372,64418647,44694.31,4.00,44698.30,4,44739,0.00,0.00,0,0
1625602655.596425,tap8681c578-97,64378632.00,64378872.00,128757504.00,64443246,64443007,44709.29,44711.29,89420.58,44756,44754,0.00,0.00,0,0
1625602655.596573,total,128733056.00,128743720.00,257476784.00,128872468,128861781,89405.60,89416.59,178822.18,89506,89495,0.00,0.00,0,0
1625602656.597005,tap5fb68060-3d,126.87,64387504.00,64387632.00,64451890,127,2.00,44717.28,44719.28,44762,2,0.00,0.00,0,0
1625602656.597297,tap616c957b-e2,64397332.00,371.63,64397704.00,372,64461727,44722.28,4.00,44726.27,4,44767,0.00,0.00,0,0
1625602656.597414,tap8681c578-97,64451648.00,64449008.00,128900656.00,64449006,64451647,44760.00,44760.00,89520.00,44760,44760,0.00,0.00,0,0
1625602656.597508,total,128913504.00,128901264.00,257814768.00,128901268,128913501,89529.00,89526.00,179055.00,89526,89529,0.00,0.00,0,0
1625602657.597870,tap5fb68060-3d,127.00,64447568.00,64447696.00,64447570,127,2.00,44759.00,44761.00,44759,2,0.00,0.00,0,0
1625602657.598146,tap616c957b-e2,64440188.00,372.00,64440560.00,372,64440187,44753.00,4.00,44757.00,4,44753,0.00,0.00,0,0
1625602657.598256,tap8681c578-97,64434368.00,64437488.00,128871856.00,64437486,64434367,44748.00,44752.00,89500.00,44752,44748,0.00,0.00,0,0
1625602657.598344,total,128874680.00,128885424.00,257760112.00,128885428,128874681,89503.00,89515.00,179018.00,89515,89503,0.00,0.00,0,0
1625602658.598696,tap5fb68060-3d,127.00,64438928.00,64439056.00,64438930,127,2.00,44753.00,44755.00,44753,2,0.00,0.00,0,0
1625602658.598970,tap616c957b-e2,64435932.00,474.00,64436408.00,474,64435933,44751.00,5.00,44756.00,5,44751,0.00,0.00,0,0
1625602658.599080,tap8681c578-97,64438688.00,64438928.00,128877616.00,64438926,64438687,44751.00,44753.00,89504.00,44753,44751,0.00,0.00,0,0
1625602658.599175,total,128874744.00,128878328.00,257753072.00,128878330,128874747,89504.00,89511.00,179015.00,89511,89504,0.00,0.00,0,0
1625602659.599532,tap5fb68060-3d,127.00,64420208.00,64420336.00,64420210,127,2.00,44740.00,44742.00,44740,2,0.00,0.00,0,0
1625602659.599811,tap616c957b-e2,64327916.00,516.00,64328432.00,516,64327915,44676.00,6.00,44682.00,6,44676,0.00,0.00,0,0
1625602659.599922,tap8681c578-97,64438688.00,64433080.00,128871768.00,64433080,64438687,44751.00,44748.00,89499.00,44748,44751,0.00,0.00,0,0
1625602659.600010,total,128766728.00,128853808.00,257620528.00,128853806,128766729,89429.00,89494.00,178923.00,89494,89429,0.00,0.00,0,0
1625602660.600308,tap5fb68060-3d,193.00,64413112.00,64413304.00,64413112,193,3.00,44736.00,44739.00,44736,3,0.00,0.00,0,0
1625602660.600577,tap616c957b-e2,64533852.00,474.00,64534328.00,474,64533853,44819.00,5.00,44824.00,5,44819,0.00,0.00,0,0
1625602660.600685,tap8681c578-97,64407008.00,64402824.00,128809832.00,64402824,64407007,44729.00,44727.00,89456.00,44727,44729,0.00,0.00,0,0
1625602660.600771,total,128941056.00,128816408.00,257757456.00,128816410,128941053,89551.00,89468.00,179019.00,89468,89551,0.00,0.00,0,0
1625602661.601055,tap5fb68060-3d,127.00,64431728.00,64431856.00,64431730,127,2.00,44748.00,44750.00,44748,2,0.00,0.00,0,0
1625602661.601335,tap616c957b-e2,64435868.00,372.00,64436240.00,372,64435867,44750.00,4.00,44754.00,4,44750,0.00,0.00,0,0
1625602661.601476,tap8681c578-97,64437248.00,64447568.00,128884816.00,64447566,64437247,44750.00,44759.00,89509.00,44759,44750,0.00,0.00,0,0
1625602661.601569,total,128873240.00,128879664.00,257752912.00,128879668,128873241,89502.00,89511.00,179013.00,89511,89502,0.00,0.00,0,0
1625602662.601865,tap5fb68060-3d,193.00,64443352.00,64443544.00,64443352,193,3.00,44757.00,44760.00,44757,3,0.00,0.00,0,0
1625602662.602151,tap616c957b-e2,64438688.00,372.00,64439060.00,372,64438687,44751.00,4.00,44755.00,4,44751,0.00,0.00,0,0
1625602662.602261,tap8681c578-97,64440192.00,64433268.00,128873464.00,64433268,64440193,44753.00,44750.00,89503.00,44750,44753,0.00,0.00,0,0
1625602662.602349,total,128879072.00,128876992.00,257756064.00,128876992,128879073,89507.00,89511.00,179018.00,89511,89507,0.00,0.00,0,0
1625602663.602695,tap5fb68060-3d,127.00,64441808.00,64441936.00,64441810,127,2.00,44755.00,44757.00,44755,2,0.00,0.00,0,0
1625602663.602964,tap616c957b-e2,64425848.00,372.00,64426220.00,372,64425847,44744.00,4.00,44748.00,4,44744,0.00,0.00,0,0
1625602663.603070,tap8681c578-97,64427168.00,64434608.00,128861776.00,64434606,64427167,44743.00,44750.00,89493.00,44750,44743,0.00,0.00,0,0
1625602663.603166,total,128853144.00,128876784.00,257729936.00,128876788,128853141,89489.00,89509.00,178998.00,89509,89489,0.00,0.00,0,0
1625602664.603497,tap5fb68060-3d,127.00,64438928.00,64439056.00,64438930,127,2.00,44753.00,44755.00,44753,2,0.00,0.00,0,0
1625602664.603836,tap616c957b-e2,64418588.00,372.00,64418960.00,372,64418587,44738.00,4.00,44742.00,4,44738,0.00,0.00,0,0
1625602664.603990,tap8681c578-97,64438688.00,64438928.00,128877616.00,64438926,64438687,44751.00,44753.00,89504.00,44753,44751,0.00,0.00,0,0
1625602664.604129,total,128857400.00,128878224.00,257735632.00,128878228,128857401,89491.00,89510.00,179001.00,89510,89491,0.00,0.00,0,0
1625602665.604448,tap5fb68060-3d,127.00,64444688.00,64444816.00,64444690,127,2.00,44757.00,44759.00,44757,2,0.00,0.00,0,0
1625602665.604744,tap616c957b-e2,64441628.00,372.00,64442000.00,372,64441627,44754.00,4.00,44758.00,4,44754,0.00,0.00,0,0
1625602665.604873,tap8681c578-97,64441568.00,64441808.00,128883376.00,64441806,64441567,44753.00,44755.00,89508.00,44755,44753,0.00,0.00,0,0
1625602665.604973,total,128883320.00,128886864.00,257770192.00,128886868,128883321,89509.00,89516.00,179025.00,89516,89509,0.00,0.00,0,0
1625602666.605279,tap5fb68060-3d,127.00,64418768.00,64418896.00,64418770,127,2.00,44739.00,44741.00,44739,2,0.00,0.00,0,0
1625602666.605559,tap616c957b-e2,64435868.00,372.00,64436240.00,372,64435867,44750.00,4.00,44754.00,4,44750,0.00,0.00,0,0
1625602666.605672,tap8681c578-97,64431488.00,64428848.00,128860336.00,64428846,64431487,44746.00,44746.00,89492.00,44746,44746,0.00,0.00,0,0
1625602666.605774,total,128867480.00,128847984.00,257715472.00,128847988,128867481,89498.00,89489.00,178987.00,89489,89498,0.00,0.00,0,0
1625602667.606120,tap5fb68060-3d,127.00,64423088.00,64423216.00,64423090,127,2.00,44742.00,44744.00,44742,2,0.00,0.00,0,0
1625602667.606393,tap616c957b-e2,64444512.00,474.00,64444988.00,474,64444513,44756.00,5.00,44761.00,5,44756,0.00,0.00,0,0
1625602667.606502,tap8681c578-97,64415648.00,64415888.00,128831536.00,64415886,64415647,44735.00,44737.00,89472.00,44737,44735,0.00,0.00,0,0
1625602667.606589,total,128860288.00,128839448.00,257699744.00,128839450,128860287,89493.00,89484.00,178977.00,89484,89493,0.00,0.00,0,0
1625602668.606934,tap5fb68060-3d,193.00,64433272.00,64433464.00,64433272,193,3.00,44750.00,44753.00,44750,3,0.00,0.00,0,0
1625602668.607220,tap616c957b-e2,64432988.00,372.00,64433360.00,372,64432987,44748.00,4.00,44752.00,4,44748,0.00,0.00,0,0
1625602668.607332,tap8681c578-97,64441568.00,64441808.00,128883376.00,64441806,64441567,44753.00,44755.00,89508.00,44755,44753,0.00,0.00,0,0
1625602668.607421,total,128874744.00,128875448.00,257750192.00,128875450,128874747,89504.00,89509.00,179013.00,89509,89504,0.00,0.00,0,0
1625602669.607767,tap5fb68060-3d,127.00,64431728.00,64431856.00,64431730,127,2.00,44748.00,44750.00,44748,2,0.00,0.00,0,0
1625602669.608054,tap616c957b-e2,64440188.00,372.00,64440560.00,372,64440187,44753.00,4.00,44757.00,4,44753,0.00,0.00,0,0
1625602669.608175,tap8681c578-97,64427168.00,64430288.00,128857456.00,64430286,64427167,44743.00,44747.00,89490.00,44747,44743,0.00,0.00,0,0
1625602669.608265,total,128867480.00,128862384.00,257729872.00,128862388,128867481,89498.00,89499.00,178997.00,89499,89498,0.00,0.00,0,0
1625602670.608572,tap5fb68060-3d,127.00,64440368.00,64440496.00,64440370,127,2.00,44754.00,44756.00,44754,2,0.00,0.00,0,0
1625602670.608894,tap616c957b-e2,64418528.00,372.00,64418900.00,372,64418527,44737.00,4.00,44741.00,4,44737,0.00,0.00,0,0
1625602670.609024,tap8681c578-97,64437248.00,64437488.00,128874736.00,64437486,64437247,44750.00,44752.00,89502.00,44752,44750,0.00,0.00,0,0
1625602670.609135,total,128855904.00,128878224.00,257734128.00,128878228,128855901,89489.00,89510.00,178999.00,89510,89489,0.00,0.00,0,0
1625602671.609474,tap5fb68060-3d,127.00,64443248.00,64443376.00,64443250,127,2.00,44756.00,44758.00,44756,2,0.00,0.00,0,0
1625602671.609755,tap616c957b-e2,64450328.00,372.00,64450700.00,372,64450327,44761.00,4.00,44765.00,4,44761,0.00,0.00,0,0
1625602671.609868,tap8681c578-97,64444448.00,64440368.00,128884816.00,64440366,64444447,44755.00,44754.00,89509.00,44754,44755,0.00,0.00,0,0
1625602671.609960,total,128894904.00,128883984.00,257778896.00,128883988,128894901,89518.00,89514.00,179032.00,89514,89518,0.00,0.00,0,0
1625602672.610319,tap5fb68060-3d,127.00,64430288.00,64430416.00,64430290,127,2.00,44747.00,44749.00,44747,2,0.00,0.00,0,0
1625602672.610592,tap616c957b-e2,64433048.00,372.00,64433420.00,372,64433047,44749.00,4.00,44753.00,4,44749,0.00,0.00,0,0
1625602672.610698,tap8681c578-97,64434368.00,64438928.00,128873296.00,64438926,64434367,44748.00,44753.00,89501.00,44753,44748,0.00,0.00,0,0
1625602672.610786,total,128867544.00,128869584.00,257737136.00,128869588,128867541,89499.00,89504.00,179003.00,89504,89499,0.00,0.00,0,0
1625602673.611133,tap5fb68060-3d,127.00,64431728.00,64431856.00,64431730,127,2.00,44748.00,44750.00,44748,2,0.00,0.00,0,0
1625602673.611398,tap616c957b-e2,64435868.00,372.00,64436240.00,372,64435867,44750.00,4.00,44754.00,4,44750,0.00,0.00,0,0
1625602673.611504,tap8681c578-97,64444448.00,64444688.00,128889136.00,64444686,64444447,44755.00,44757.00,89512.00,44757,44755,0.00,0.00,0,0
1625602673.611607,total,128880440.00,128876784.00,257757232.00,128876788,128880441,89507.00,89509.00,179016.00,89509,89507,0.00,0.00,0,0
1625602674.611991,tap5fb68060-3d,127.00,64440368.00,64440496.00,64440370,127,2.00,44754.00,44756.00,44754,2,0.00,0.00,0,0
1625602674.612302,tap616c957b-e2,64414328.00,372.00,64414700.00,372,64414327,44736.00,4.00,44740.00,4,44736,0.00,0.00,0,0
1625602674.612428,tap8681c578-97,64437248.00,64417328.00,128854576.00,64417326,64437247,44750.00,44738.00,89488.00,44738,44750,0.00,0.00,0,0
1625602674.612529,total,128851704.00,128858064.00,257709776.00,128858068,128851701,89488.00,89496.00,178984.00,89496,89488,0.00,0.00,0,0
1625602675.612899,tap5fb68060-3d,127.00,64425968.00,64426096.00,64425970,127,2.00,44744.00,44746.00,44744,2,0.00,0.00,0,0
1625602675.613191,tap616c957b-e2,64438688.00,372.00,64439060.00,372,64438687,44751.00,4.00,44755.00,4,44751,0.00,0.00,0,0
1625602675.613309,tap8681c578-97,64414208.00,64424528.00,128838736.00,64424526,64414207,44734.00,44743.00,89477.00,44743,44734,0.00,0.00,0,0
1625602675.613402,total,128853024.00,128850864.00,257703888.00,128850868,128853021,89487.00,89491.00,178978.00,89491,89487,0.00,0.00,0,0
1625602676.613706,tap5fb68060-3d,127.00,64425968.00,64426096.00,64425970,127,2.00,44744.00,44746.00,44744,2,0.00,0.00,0,0
1625602676.613982,tap616c957b-e2,64438748.00,372.00,64439120.00,372,64438747,44752.00,4.00,44756.00,4,44752,0.00,0.00,0,0
1625602676.614095,tap8681c578-97,64422848.00,64433064.00,128855912.00,64433064,64422847,44740.00,44748.00,89488.00,44748,44740,0.00,0.00,0,0
1625602676.614203,total,128861720.00,128859408.00,257721120.00,128859406,128861721,89494.00,89496.00,178990.00,89496,89494,0.00,0.00,0,0
1625602677.614523,tap5fb68060-3d,127.00,64436048.00,64436176.00,64436050,127,2.00,44751.00,44753.00,44751,2,0.00,0.00,0,0
1625602677.614834,tap616c957b-e2,64444508.00,372.00,64444880.00,372,64444507,44756.00,4.00,44760.00,4,44756,0.00,0.00,0,0
1625602677.614964,tap8681c578-97,64437248.00,64437384.00,128874632.00,64437384,64437247,44750.00,44751.00,89501.00,44751,44750,0.00,0.00,0,0
1625602677.615078,total,128881880.00,128873808.00,257755680.00,128873806,128881881,89508.00,89506.00,179014.00,89506,89508,0.00,0.00,0,0
1625602678.615382,tap5fb68060-3d,127.00,64447568.00,64447696.00,64447570,127,2.00,44759.00,44761.00,44759,2,0.00,0.00,0,0
1625602678.615709,tap616c957b-e2,64441628.00,372.00,64442000.00,372,64441627,44754.00,4.00,44758.00,4,44754,0.00,0.00,0,0
1625602678.615822,tap8681c578-97,64454528.00,64448904.00,128903432.00,64448904,64454527,44762.00,44759.00,89521.00,44759,44762,0.00,0.00,0,0
1625602678.615911,total,128896280.00,128896848.00,257793120.00,128896846,128896281,89518.00,89522.00,179040.00,89522,89518,0.00,0.00,0,0
1625602679.616256,tap5fb68060-3d,127.00,64441808.00,64441936.00,64441810,127,2.00,44755.00,44757.00,44755,2,0.00,0.00,0,0
1625602679.616525,tap616c957b-e2,64435868.00,372.00,64436240.00,372,64435867,44750.00,4.00,44754.00,4,44750,0.00,0.00,0,0
1625602679.616633,tap8681c578-97,64431488.00,64437384.00,128868872.00,64437384,64431487,44746.00,44751.00,89497.00,44751,44746,0.00,0.00,0,0
1625602679.616721,total,128867480.00,128879568.00,257747040.00,128879566,128867481,89498.00,89510.00,179008.00,89510,89498,0.00,0.00,0,0
1625602680.617026,tap5fb68060-3d,127.00,64433168.00,64433296.00,64433170,127,2.00,44749.00,44751.00,44749,2,0.00,0.00,0,0
1625602680.617323,tap616c957b-e2,64420088.00,414.00,64420500.00,414,64420087,44740.00,5.00,44745.00,5,44740,0.00,0.00,0,0
1625602680.617438,tap8681c578-97,64435808.00,64435944.00,128871752.00,64435944,64435807,44749.00,44750.00,89499.00,44750,44749,0.00,0.00,0,0
1625602680.617536,total,128856024.00,128869528.00,257725552.00,128869528,128856021,89491.00,89504.00,178995.00,89504,89491,0.00,0.00,0,0
1625602681.617885,tap5fb68060-3d,127.00,64425968.00,64426096.00,64425970,127,2.00,44744.00,44746.00,44744,2,0.00,0.00,0,0
1625602681.618181,tap616c957b-e2,64430208.00,414.00,64430624.00,414,64430209,44748.00,5.00,44753.00,5,44748,0.00,0.00,0,0
1625602681.618296,tap8681c578-97,64437248.00,64428848.00,128866096.00,64428846,64437247,44750.00,44746.00,89496.00,44746,44750,0.00,0.00,0,0
1625602681.618389,total,128867584.00,128855232.00,257722816.00,128855230,128867583,89500.00,89495.00,178995.00,89495,89500,0.00,0.00,0,0
1625602682.618677,tap5fb68060-3d,127.00,64427408.00,64427536.00,64427410,127,2.00,44745.00,44747.00,44745,2,0.00,0.00,0,0
1625602682.618977,tap616c957b-e2,64427288.00,372.00,64427660.00,372,64427287,44745.00,4.00,44749.00,4,44745,0.00,0.00,0,0
1625602682.619087,tap8681c578-97,64432928.00,64427408.00,128860336.00,64427406,64432927,44747.00,44745.00,89492.00,44745,44747,0.00,0.00,0,0
1625602682.619181,total,128860344.00,128855184.00,257715536.00,128855188,128860341,89494.00,89494.00,178988.00,89494,89494,0.00,0.00,0,0
1625602683.619509,tap5fb68060-3d,127.00,64425968.00,64426096.00,64425970,127,2.00,44744.00,44746.00,44744,2,0.00,0.00,0,0
1625602683.619787,tap616c957b-e2,64435868.00,372.00,64436240.00,372,64435867,44750.00,4.00,44754.00,4,44750,0.00,0.00,0,0
1625602683.619909,tap8681c578-97,64402688.00,64413008.00,128815696.00,64413006,64402687,44726.00,44735.00,89461.00,44735,44726,0.00,0.00,0,0
1625602683.620001,total,128838680.00,128839344.00,257678032.00,128839348,128838681,89478.00,89483.00,178961.00,89483,89478,0.00,0.00,0,0
1625602684.620316,tap5fb68060-3d,127.00,64430288.00,64430416.00,64430290,127,2.00,44747.00,44749.00,44747,2,0.00,0.00,0,0
1625602684.620619,tap616c957b-e2,64440188.00,372.00,64440560.00,372,64440187,44753.00,4.00,44757.00,4,44753,0.00,0.00,0,0
1625602684.620732,tap8681c578-97,64438688.00,64443248.00,128881936.00,64443246,64438687,44751.00,44756.00,89507.00,44756,44751,0.00,0.00,0,0
1625602684.620823,total,128879000.00,128873904.00,257752912.00,128873908,128879001,89506.00,89507.00,179013.00,89507,89506,0.00,0.00,0,0
1625602685.621166,tap5fb68060-3d,127.00,64443248.00,64443376.00,64443250,127,2.00,44756.00,44758.00,44756,2,0.00,0.00,0,0
1625602685.621584,tap616c957b-e2,64440188.00,372.00,64440560.00,372,64440187,44753.00,4.00,44757.00,4,44753,0.00,0.00,0,0
1625602685.621699,tap8681c578-97,64455968.00,64450448.00,128906416.00,64450446,64455967,44763.00,44761.00,89524.00,44761,44763,0.00,0.00,0,0
1625602685.621792,total,128896280.00,128894064.00,257790352.00,128894068,128896281,89518.00,89521.00,179039.00,89521,89518,0.00,0.00,0,0
1625602686.622090,tap5fb68060-3d,127.00,64444688.00,64444816.00,64444690,127,2.00,44757.00,44759.00,44757,2,0.00,0.00,0,0
1625602686.622384,tap616c957b-e2,64417148.00,372.00,64417520.00,372,64417147,44737.00,4.00,44741.00,4,44737,0.00,0.00,0,0
1625602686.622496,tap8681c578-97,64428608.00,64434608.00,128863216.00,64434606,64428607,44744.00,44750.00,89494.00,44750,44744,0.00,0.00,0,0
1625602686.622588,total,128845880.00,128879664.00,257725552.00,128879668,128845881,89483.00,89511.00,178994.00,89511,89483,0.00,0.00,0,0
1625602687.622841,tap5fb68060-3d,127.00,64438928.00,64439056.00,64438930,127,2.00,44753.00,44755.00,44753,2,0.00,0.00,0,0
1625602687.623159,tap616c957b-e2,64432928.00,372.00,64433300.00,372,64432927,44747.00,4.00,44751.00,4,44747,0.00,0.00,0,0
1625602687.623279,tap8681c578-97,64431488.00,64431728.00,128863216.00,64431726,64431487,44746.00,44748.00,89494.00,44748,44746,0.00,0.00,0,0
1625602687.623375,total,128864544.00,128871024.00,257735568.00,128871028,128864541,89495.00,89505.00,179000.00,89505,89495,0.00,0.00,0,0
1625602688.623730,tap5fb68060-3d,127.00,64443248.00,64443376.00,64443250,127,2.00,44756.00,44758.00,44756,2,0.00,0.00,0,0
1625602688.624021,tap616c957b-e2,64421528.00,372.00,64421900.00,372,64421527,44741.00,4.00,44745.00,4,44741,0.00,0.00,0,0
1625602688.624142,tap8681c578-97,64440128.00,64430288.00,128870416.00,64430286,64440127,44752.00,44747.00,89499.00,44747,44752,0.00,0.00,0,0
1625602688.624239,total,128861784.00,128873904.00,257735696.00,128873908,128861781,89495.00,89507.00,179002.00,89507,89495,0.00,0.00,0,0
1625602689.624535,tap5fb68060-3d,127.00,64418768.00,64418896.00,64418770,127,2.00,44739.00,44741.00,44739,2,0.00,0.00,0,0
1625602689.624814,tap616c957b-e2,64441688.00,372.00,64442060.00,372,64441687,44755.00,4.00,44759.00,4,44755,0.00,0.00,0,0
1625602689.624928,tap8681c578-97,64438688.00,64428848.00,128867536.00,64428846,64438687,44751.00,44746.00,89497.00,44746,44751,0.00,0.00,0,0
1625602689.625028,total,128880504.00,128847984.00,257728496.00,128847988,128880501,89508.00,89489.00,178997.00,89489,89508,0.00,0.00,0,0
1625602690.625325,tap5fb68060-3d,127.00,64418768.00,64418896.00,64418770,127,2.00,44739.00,44741.00,44739,2,0.00,0.00,0,0
1625602690.625595,tap616c957b-e2,64435988.00,372.00,64436360.00,372,64435987,44752.00,4.00,44756.00,4,44752,0.00,0.00,0,0
1625602690.625703,tap8681c578-97,64407008.00,64424424.00,128831432.00,64424424,64407007,44729.00,44742.00,89471.00,44742,44729,0.00,0.00,0,0
1625602690.625790,total,128843120.00,128843568.00,257686688.00,128843566,128843121,89483.00,89485.00,178968.00,89485,89483,0.00,0.00,0,0
1625602691.626088,tap5fb68060-3d,127.00,64427408.00,64427536.00,64427410,127,2.00,44745.00,44747.00,44745,2,0.00,0.00,0,0
1625602691.626360,tap616c957b-e2,64443068.00,372.00,64443440.00,372,64443067,44755.00,4.00,44759.00,4,44755,0.00,0.00,0,0
1625602691.626483,tap8681c578-97,64430048.00,64433168.00,128863216.00,64433166,64430047,44745.00,44749.00,89494.00,44749,44745,0.00,0.00,0,0
1625602691.626590,total,128873240.00,128860944.00,257734192.00,128860948,128873241,89502.00,89498.00,179000.00,89498,89502,0.00,0.00,0,0
1625602692.626892,tap5fb68060-3d,127.00,64440368.00,64440496.00,64440370,127,2.00,44754.00,44756.00,44754,2,0.00,0.00,0,0
1625602692.627172,tap616c957b-e2,64427228.00,372.00,64427600.00,372,64427227,44744.00,4.00,44748.00,4,44744,0.00,0.00,0,0
1625602692.627283,tap8681c578-97,64438688.00,64438928.00,128877616.00,64438926,64438687,44751.00,44753.00,89504.00,44753,44751,0.00,0.00,0,0
1625602692.627382,total,128866040.00,128879664.00,257745712.00,128879668,128866041,89497.00,89511.00,179008.00,89511,89497,0.00,0.00,0,0
1625602693.627718,tap5fb68060-3d,127.00,64441808.00,64441936.00,64441810,127,2.00,44755.00,44757.00,44755,2,0.00,0.00,0,0
1625602693.627988,tap616c957b-e2,64424288.00,372.00,64424660.00,372,64424287,44741.00,4.00,44745.00,4,44741,0.00,0.00,0,0
1625602693.628096,tap8681c578-97,64434368.00,64434608.00,128868976.00,64434606,64434367,44748.00,44750.00,89498.00,44750,44748,0.00,0.00,0,0
1625602693.628192,total,128858784.00,128876784.00,257735568.00,128876788,128858781,89491.00,89509.00,179000.00,89509,89491,0.00,0.00,0,0
1625602694.628533,tap5fb68060-3d,127.00,64441808.00,64441936.00,64441810,127,2.00,44755.00,44757.00,44755,2,0.00,0.00,0,0
1625602694.628804,tap616c957b-e2,64428608.00,372.00,64428980.00,372,64428607,44744.00,4.00,44748.00,4,44744,0.00,0.00,0,0
1625602694.628914,tap8681c578-97,64438688.00,64438928.00,128877616.00,64438926,64438687,44751.00,44753.00,89504.00,44753,44751,0.00,0.00,0,0
1625602694.629002,total,128867424.00,128881104.00,257748528.00,128881108,128867421,89497.00,89512.00,179009.00,89512,89497,0.00,0.00,0,0
1625602695.629300,tap5fb68060-3d,127.00,64417328.00,64417456.00,64417330,127,2.00,44738.00,44740.00,44738,2,0.00,0.00,0,0
1625602695.629574,tap616c957b-e2,64427168.00,372.00,64427540.00,372,64427167,44743.00,4.00,44747.00,4,44743,0.00,0.00,0,0
1625602695.629683,tap8681c578-97,64425728.00,64415888.00,128841616.00,64415886,64425727,44742.00,44737.00,89479.00,44737,44742,0.00,0.00,0,0
1625602695.629771,total,128853024.00,128833584.00,257686608.00,128833588,128853021,89487.00,89479.00,178966.00,89479,89487,0.00,0.00,0,0
1625602696.630075,tap5fb68060-3d,127.00,64420208.00,64420336.00,64420210,127,2.00,44740.00,44742.00,44740,2,0.00,0.00,0,0
1625602696.630362,tap616c957b-e2,64411448.00,372.00,64411820.00,372,64411447,44734.00,4.00,44738.00,4,44734,0.00,0.00,0,0
1625602696.630470,tap8681c578-97,64415648.00,64425968.00,128841616.00,64425966,64415647,44735.00,44744.00,89479.00,44744,44735,0.00,0.00,0,0
1625602696.630558,total,128827224.00,128846544.00,257673776.00,128846548,128827221,89471.00,89488.00,178959.00,89488,89471,0.00,0.00,0,0
1625602697.630926,tap5fb68060-3d,127.00,64427408.00,64427536.00,64427410,127,2.00,44745.00,44747.00,44745,2,0.00,0.00,0,0
1625602697.631223,tap616c957b-e2,64457408.00,372.00,64457780.00,372,64457407,44764.00,4.00,44768.00,4,44764,0.00,0.00,0,0
1625602697.631341,tap8681c578-97,64434368.00,64434608.00,128868976.00,64434606,64434367,44748.00,44750.00,89498.00,44750,44748,0.00,0.00,0,0
1625602697.631434,total,128891904.00,128862384.00,257754288.00,128862388,128891901,89514.00,89499.00,179013.00,89499,89514,0.00,0.00,0,0
1625602698.631736,tap5fb68060-3d,127.00,64443248.00,64443376.00,64443250,127,2.00,44756.00,44758.00,44756,2,0.00,0.00,0,0
1625602698.632031,tap616c957b-e2,64446008.00,372.00,64446380.00,372,64446007,44758.00,4.00,44762.00,4,44758,0.00,0.00,0,0
1625602698.632156,tap8681c578-97,64451648.00,64444584.00,128896232.00,64444584,64451647,44760.00,44756.00,89516.00,44756,44760,0.00,0.00,0,0
1625602698.632255,total,128897784.00,128888208.00,257785984.00,128888206,128897781,89520.00,89516.00,179036.00,89516,89520,0.00,0.00,0,0
1625602699.632568,tap5fb68060-3d,127.00,64437488.00,64437616.00,64437490,127,2.00,44752.00,44754.00,44752,2,0.00,0.00,0,0
1625602699.632883,tap616c957b-e2,64425728.00,372.00,64426100.00,372,64425727,44742.00,4.00,44746.00,4,44742,0.00,0.00,0,0
1625602699.633009,tap8681c578-97,64425728.00,64433064.00,128858792.00,64433064,64425727,44742.00,44748.00,89490.00,44748,44742,0.00,0.00,0,0
1625602699.633120,total,128851584.00,128870928.00,257722512.00,128870926,128851581,89486.00,89504.00,178990.00,89504,89486,0.00,0.00,0,0
1625602700.633488,tap5fb68060-3d,127.00,64444688.00,64444816.00,64444690,127,2.00,44757.00,44759.00,44757,2,0.00,0.00,0,0
1625602700.633773,tap616c957b-e2,64434428.00,372.00,64434800.00,372,64434427,44749.00,4.00,44753.00,4,44749,0.00,0.00,0,0
1625602700.633888,tap8681c578-97,64437248.00,64437384.00,128874632.00,64437384,64437247,44750.00,44751.00,89501.00,44751,44750,0.00,0.00,0,0
1625602700.633995,total,128871800.00,128882448.00,257754240.00,128882446,128871801,89501.00,89512.00,179013.00,89512,89501,0.00,0.00,0,0
1625602701.634393,tap5fb68060-3d,127.00,64443248.00,64443376.00,64443250,127,2.00,44756.00,44758.00,44756,2,0.00,0.00,0,0
1625602701.634733,tap616c957b-e2,64422968.00,372.00,64423340.00,372,64422967,44742.00,4.00,44746.00,4,44742,0.00,0.00,0,0
1625602701.634899,tap8681c578-97,64377192.00,64357188.00,128734384.00,64421544,64441567,44708.29,44695.31,89403.60,44740,44753,0.00,0.00,0,0
1625602701.635039,total,128735928.00,128736432.00,257472352.00,128865166,128864661,89407.59,89410.59,178818.19,89500,89497,0.00,0.00,0,0
1625602702.635390,tap5fb68060-3d,127.00,64438928.00,64439056.00,64438930,127,2.00,44753.00,44755.00,44753,2,0.00,0.00,0,0
1625602702.635658,tap616c957b-e2,64480508.00,372.00,64480880.00,372,64480507,44781.00,4.00,44785.00,4,44781,0.00,0.00,0,0
1625602702.635765,tap8681c578-97,64441568.00,64458984.00,128900552.00,64458984,64441567,44753.00,44766.00,89519.00,44766,44753,0.00,0.00,0,0
1625602702.635852,total,128922200.00,128898288.00,257820480.00,128898286,128922201,89536.00,89523.00,179059.00,89523,89536,0.00,0.00,0,0
1625602703.636174,tap5fb68060-3d,127.00,64434608.00,64434736.00,64434610,127,2.00,44750.00,44752.00,44750,2,0.00,0.00,0,0
1625602703.636437,tap616c957b-e2,64402848.00,414.00,64403264.00,414,64402849,44729.00,5.00,44734.00,5,44729,0.00,0.00,0,0
1625602703.636544,tap8681c578-97,64437288.00,64428888.00,128866176.00,64428888,64437289,44751.00,44747.00,89498.00,44747,44751,0.00,0.00,0,0
1625602703.636632,total,128840264.00,128863912.00,257704176.00,128863912,128840265,89482.00,89502.00,178984.00,89502,89482,0.00,0.00,0,0
1625602704.637049,tap5fb68060-3d,127.00,64423088.00,64423216.00,64423090,127,2.00,44742.00,44744.00,44742,2,0.00,0.00,0,0
1625602704.637458,tap616c957b-e2,64370120.00,371.63,64370492.00,372,64434487,44705.30,4.00,44709.29,4,44750,0.00,0.00,0,0
1625602704.637618,tap8681c578-97,64371440.00,64374556.00,128745992.00,64438926,64435807,44704.30,44708.29,89412.59,44753,44749,0.00,0.00,0,0
1625602704.637750,total,128741688.00,128733656.00,257475344.00,128862388,128870421,89411.59,89409.59,178821.18,89499,89501,0.00,0.00,0,0
1625602705.638155,tap5fb68060-3d,957.04,43254996.00,43255948.00,43298246,958,10.99,30055.94,30066.93,30086,11,0.00,0.00,0,0
1625602705.638426,tap616c957b-e2,43317636.00,990.00,43318628.00,990,43317637,30092.00,10.00,30102.00,10,30092,0.00,0.00,0,0
1625602705.638535,tap8681c578-97,43277888.00,43286768.00,86564656.00,43286766,43277887,30056.00,30064.00,60120.00,30064,30056,0.00,0.00,0,0
1625602705.638624,total,86596480.00,86586000.00,173182480.00,86586002,86596482,60159.00,60160.00,120319.00,60160,60159,0.00,0.00,0,0
1625602706.639172,tap5fb68060-3d,126.87,369.63,496.50,370,127,2.00,4.00,5.99,4,2,0.00,0.00,0,0
1625602706.639450,tap616c957b-e2,126.87,371.63,498.50,372,127,2.00,4.00,5.99,4,2,0.00,0.00,0,0
1625602706.639553,tap8681c578-97,126.87,365.63,492.51,366,127,2.00,4.00,5.99,4,2,0.00,0.00,0,0
1625602706.639634,total,380.62,1106.89,1487.51,1108,381,5.99,11.99,17.98,12,6,0.00,0.00,0,0
