1625602707.738339,tap5fb68060-3d,0.00,0.00,0.00,0,0,0.00,0.00,0.00,0,0,0.00,0.00,0,0
1625602707.738637,tap616c957b-e2,0.00,0.00,0.00,0,0,0.00,0.00,0.00,0,0,0.00,0.00,0,0
1625602707.738770,tap8681c578-97,0.00,0.00,0.00,0,0,0.00,0.00,0.00,0,0,0.00,0.00,0,0
1625602707.738863,total,0.00,0.00,0.00,0,0,0.00,0.00,0.00,0,0,0.00,0.00,0,0
1625602708.739206,tap5fb68060-3d,880.00,13664399.00,13665279.00,13664399,880,14.00,9507.00,9521.00,9507,14,0.00,0.00,0,0
1625602708.739457,tap616c957b-e2,13617637.00,958.00,13618595.00,958,13617637,9469.00,13.00,9482.00,13,9469,0.00,0.00,0,0
1625602708.739565,tap8681c578-97,13662891.00,13653059.00,27315950.00,13653059,13662891,9491.00,9486.00,18977.00,9486,9491,0.00,0.00,0,0
1625602708.739653,total,27281408.00,27318416.00,54599824.00,27318416,27281408,18974.00,19006.00,37980.00,19006,18974,0.00,0.00,0,0
1625602709.739899,tap5fb68060-3d,127.00,64397168.00,64397296.00,64397170,127,2.00,44724.00,44726.00,44724,2,0.00,0.00,0,0
1625602709.740197,tap616c957b-e2,64435868.00,372.00,64436240.00,372,64435867,44750.00,4.00,44754.00,4,44750,0.00,0.00,0,0
1625602709.740312,tap8681c578-97,64405440.00,64406880.00,128812320.00,64406880,64405440,44726.00,44727.00,89453.00,44727,44726,0.00,0.00,0,0
1625602709.740406,total,128841432.00,128804424.00,257645856.00,128804422,128841434,89478.00,89455.00,178933.00,89455,89478,0.00,0.00,0,0
1625602710.740775,tap5fb68060-3d,127.00,64437488.00,64437616.00,64437490,127,2.00,44752.00,44754.00,44752,2,0.00,0.00,0,0
1625602710.741069,tap616c957b-e2,64444508.00,414.00,64444920.00,414,64444507,44756.00,5.00,44761.00,5,44756,0.00,0.00,0,0
1625602710.741238,tap8681c578-97,64447200.00,64441440.00,128888640.00,64441440,64447200,44755.00,44751.00,89506.00,44751,44755,0.00,0.00,0,0
1625602710.741384,total,128891832.00,128879344.00,257771184.00,128879344,128891834,89513.00,89508.00,179021.00,89508,89513,0.00,0.00,0,0
1625602711.741751,tap5fb68060-3d,127.00,64441808.00,64441936.00,64441810,127,2.00,44755.00,44757.00,44755,2,0.00,0.00,0,0
1625602711.742029,tap616c957b-e2,64441628.00,372.00,64442000.00,372,64441627,44754.00,4.00,44758.00,4,44754,0.00,0.00,0,0
1625602711.742161,tap8681c578-97,64455840.00,64455840.00,128911680.00,64455840,64455840,44761.00,44761.00,89522.00,44761,44761,0.00,0.00,0,0
1625602711.742259,total,128897592.00,128898024.00,257795616.00,128898022,128897594,89517.00,89520.00,179037.00,89520,89517,0.00,0.00,0,0
1625602712.742524,tap5fb68060-3d,127.00,64428848.00,64428976.00,64428850,127,2.00,44746.00,44748.00,44746,2,0.00,0.00,0,0
1625602712.742790,tap616c957b-e2,64432928.00,372.00,64433300.00,372,64432927,44747.00,4.00,44751.00,4,44747,0.00,0.00,0,0
1625602712.742901,tap8681c578-97,64406880.00,64421280.00,128828160.00,64421280,64406880,44727.00,44737.00,89464.00,44737,44727,0.00,0.00,0,0
1625602712.743003,total,128839936.00,128850504.00,257690432.00,128850502,128839934,89476.00,89487.00,178963.00,89487,89476,0.00,0.00,0,0
1625602713.743350,tap5fb68060-3d,127.00,64441808.00,64441936.00,64441810,127,2.00,44755.00,44757.00,44755,2,0.00,0.00,0,0
1625602713.743628,tap616c957b-e2,64430108.00,372.00,64430480.00,372,64430107,44746.00,4.00,44750.00,4,44746,0.00,0.00,0,0
1625602713.743741,tap8681c578-97,64442880.00,64441440.00,128884320.00,64441440,64442880,44752.00,44751.00,89503.00,44751,44752,0.00,0.00,0,0
1625602713.743837,total,128873112.00,128883624.00,257756736.00,128883622,128873114,89500.00,89510.00,179010.00,89510,89500,0.00,0.00,0,0
1625602714.744165,tap5fb68060-3d,127.00,64444688.00,64444816.00,64444690,127,2.00,44757.00,44759.00,44757,2,0.00,0.00,0,0
1625602714.744413,tap616c957b-e2,64421408.00,372.00,64421780.00,372,64421407,44739.00,4.00,44743.00,4,44739,0.00,0.00,0,0
1625602714.744520,tap8681c578-97,64432800.00,64432800.00,128865600.00,64432800,64432800,44745.00,44745.00,89490.00,44745,44745,0.00,0.00,0,0
1625602714.744609,total,128854336.00,128877864.00,257732192.00,128877862,128854334,89486.00,89506.00,178992.00,89506,89486,0.00,0.00,0,0
1625602715.744996,tap5fb68060-3d,127.00,64424528.00,64424656.00,64424530,127,2.00,44743.00,44745.00,44743,2,0.00,0.00,0,0
1625602715.745283,tap616c957b-e2,64454648.00,372.00,64455020.00,372,64454647,44764.00,4.00,44768.00,4,44764,0.00,0.00,0,0
1625602715.745407,tap8681c578-97,64444320.00,64445760.00,128890080.00,64445760,64444320,44753.00,44754.00,89507.00,44754,44753,0.00,0.00,0,0
1625602715.745531,total,128899096.00,128870664.00,257769760.00,128870662,128899094,89519.00,89501.00,179020.00,89501,89519,0.00,0.00,0,0
1625602716.745897,tap5fb68060-3d,127.00,64176848.00,64176976.00,64176850,127,2.00,44571.00,44573.00,44571,2,0.00,0.00,0,0
1625602716.746174,tap616c957b-e2,64134848.00,372.00,64135220.00,372,64134847,44540.00,4.00,44544.00,4,44540,0.00,0.00,0,0
1625602716.746291,tap8681c578-97,64139040.00,64139040.00,128278080.00,64139040,64139040,44541.00,44541.00,89082.00,44541,44541,0.00,0.00,0,0
1625602716.746385,total,128274016.00,128316264.00,256590272.00,128316262,128274014,89083.00,89116.00,178199.00,89116,89083,0.00,0.00,0,0
1625602717.746721,tap5fb68060-3d,127.00,64689488.00,64689616.00,64689490,127,2.00,44927.00,44929.00,44927,2,0.00,0.00,0,0
1625602717.746973,tap616c957b-e2,64715348.00,372.00,64715720.00,372,64715347,44946.00,4.00,44950.00,4,44946,0.00,0.00,0,0
1625602717.747081,tap8681c578-97,64713600.00,64700640.00,129414240.00,64700640,64713600,44940.00,44931.00,89871.00,44931,44940,0.00,0.00,0,0
1625602717.747176,total,129429072.00,129390504.00,258819584.00,129390502,129429074,89888.00,89862.00,179750.00,89862,89888,0.00,0.00,0,0
1625602718.747421,tap5fb68060-3d,127.00,64417328.00,64417456.00,64417330,127,2.00,44738.00,44740.00,44738,2,0.00,0.00,0,0
1625602718.747664,tap616c957b-e2,64437308.00,372.00,64437680.00,372,64437307,44751.00,4.00,44755.00,4,44751,0.00,0.00,0,0
1625602718.747768,tap8681c578-97,64425600.00,64438560.00,128864160.00,64438560,64425600,44740.00,44749.00,89489.00,44749,44740,0.00,0.00,0,0
1625602718.747853,total,128863032.00,128856264.00,257719296.00,128856262,128863034,89493.00,89491.00,178984.00,89491,89493,0.00,0.00,0,0
1625602719.748154,tap5fb68060-3d,127.00,64438928.00,64439056.00,64438930,127,2.00,44753.00,44755.00,44753,2,0.00,0.00,0,0
1625602719.748401,tap616c957b-e2,64412828.00,372.00,64413200.00,372,64412827,44734.00,4.00,44738.00,4,44734,0.00,0.00,0,0
1625602719.748504,tap8681c578-97,64432800.00,64425600.00,128858400.00,64425600,64432800,44745.00,44740.00,89485.00,44740,44745,0.00,0.00,0,0
1625602719.748591,total,128845752.00,128864904.00,257710656.00,128864902,128845754,89481.00,89497.00,178978.00,89497,89481,0.00,0.00,0,0
1625602720.748935,tap5fb68060-3d,127.00,64443248.00,64443376.00,64443250,127,2.00,44756.00,44758.00,44756,2,0.00,0.00,0,0
1625602720.749219,tap616c957b-e2,64427348.00,372.00,64427720.00,372,64427347,44746.00,4.00,44750.00,4,44746,0.00,0.00,0,0
1625602720.749331,tap8681c578-97,64431360.00,64438560.00,128869920.00,64438560,64431360,44744.00,44749.00,89493.00,44749,44744,0.00,0.00,0,0
1625602720.749424,total,128858832.00,128882184.00,257741024.00,128882182,128858834,89492.00,89509.00,179001.00,89509,89492,0.00,0.00,0,0
1625602721.749721,tap5fb68060-3d,127.00,64427408.00,64427536.00,64427410,127,2.00,44745.00,44747.00,44745,2,0.00,0.00,0,0
1625602721.749983,tap616c957b-e2,64428728.00,372.00,64429100.00,372,64428727,44746.00,4.00,44750.00,4,44746,0.00,0.00,0,0
1625602721.750090,tap8681c578-97,64440000.00,64419840.00,128859840.00,64419840,64440000,44750.00,44736.00,89486.00,44736,44750,0.00,0.00,0,0
1625602721.750194,total,128868856.00,128847624.00,257716480.00,128847622,128868854,89498.00,89485.00,178983.00,89485,89498,0.00,0.00,0,0
1625602722.750543,tap5fb68060-3d,127.00,64413008.00,64413136.00,64413010,127,2.00,44735.00,44737.00,44735,2,0.00,0.00,0,0
1625602722.750812,tap616c957b-e2,64440248.00,372.00,64440620.00,372,64440247,44754.00,4.00,44758.00,4,44754,0.00,0.00,0,0
1625602722.750928,tap8681c578-97,64409760.00,64424160.00,128833920.00,64424160,64409760,44729.00,44739.00,89468.00,44739,44729,0.00,0.00,0,0
1625602722.751020,total,128850136.00,128837544.00,257687680.00,128837542,128850134,89485.00,89478.00,178963.00,89478,89485,0.00,0.00,0,0
1625602723.751380,tap5fb68060-3d,127.00,64433168.00,64433296.00,64433170,127,2.00,44749.00,44751.00,44749,2,0.00,0.00,0,0
1625602723.751677,tap616c957b-e2,64441628.00,372.00,64442000.00,372,64441627,44754.00,4.00,44758.00,4,44754,0.00,0.00,0,0
1625602723.751791,tap8681c578-97,64454400.00,64442880.00,128897280.00,64442880,64454400,44760.00,44752.00,89512.00,44752,44760,0.00,0.00,0,0
1625602723.751883,total,128896152.00,128876424.00,257772576.00,128876422,128896154,89516.00,89505.00,179021.00,89505,89516,0.00,0.00,0,0
1625602724.752196,tap5fb68060-3d,127.00,64431728.00,64431856.00,64431730,127,2.00,44748.00,44750.00,44748,2,0.00,0.00,0,0
1625602724.752484,tap616c957b-e2,64435868.00,372.00,64436240.00,372,64435867,44750.00,4.00,44754.00,4,44750,0.00,0.00,0,0
1625602724.752604,tap8681c578-97,64419840.00,64437120.00,128856960.00,64437120,64419840,44736.00,44748.00,89484.00,44748,44736,0.00,0.00,0,0
1625602724.752702,total,128855832.00,128869224.00,257725056.00,128869222,128855834,89488.00,89500.00,178988.00,89500,89488,0.00,0.00,0,0
1625602725.753086,tap5fb68060-3d,127.00,64443248.00,64443376.00,64443250,127,2.00,44756.00,44758.00,44756,2,0.00,0.00,0,0
1625602725.753468,tap616c957b-e2,64444608.00,414.00,64445024.00,414,64444609,44758.00,5.00,44763.00,5,44758,0.00,0.00,0,0
1625602725.753583,tap8681c578-97,64440000.00,64440000.00,128880000.00,64440000,64440000,44750.00,44750.00,89500.00,44750,44750,0.00,0.00,0,0
1625602725.753686,total,128884736.00,128883664.00,257768400.00,128883664,128884736,89510.00,89511.00,179021.00,89511,89510,0.00,0.00,0,0
1625602726.754036,tap5fb68060-3d,127.00,64440368.00,64440496.00,64440370,127,2.00,44754.00,44756.00,44754,2,0.00,0.00,0,0
1625602726.754315,tap616c957b-e2,64434428.00,372.00,64434800.00,372,64434427,44749.00,4.00,44753.00,4,44749,0.00,0.00,0,0
1625602726.754426,tap8681c578-97,64434240.00,64434240.00,128868480.00,64434240,64434240,44746.00,44746.00,89492.00,44746,44746,0.00,0.00,0,0
1625602726.754515,total,128868792.00,128874984.00,257743776.00,128874982,128868794,89497.00,89504.00,179001.00,89504,89497,0.00,0.00,0,0
1625602727.754863,tap5fb68060-3d,127.00,64441808.00,64441936.00,64441810,127,2.00,44755.00,44757.00,44755,2,0.00,0.00,0,0
1625602727.755142,tap616c957b-e2,64424348.00,372.00,64424720.00,372,64424347,44742.00,4.00,44746.00,4,44742,0.00,0.00,0,0
1625602727.755253,tap8681c578-97,64434240.00,64434240.00,128868480.00,64434240,64434240,44746.00,44746.00,89492.00,44746,44746,0.00,0.00,0,0
1625602727.755345,total,128858712.00,128876424.00,257735136.00,128876422,128858714,89490.00,89505.00,178995.00,89505,89490,0.00,0.00,0,0
1625602728.755633,tap5fb68060-3d,127.00,64441808.00,64441936.00,64441810,127,2.00,44755.00,44757.00,44755,2,0.00,0.00,0,0
1625602728.755893,tap616c957b-e2,23516768.00,372.00,23517140.00,372,23516767,16333.00,4.00,16337.00,4,16333,0.00,0.00,0,0
1625602728.756004,tap8681c578-97,64440176.00,23495448.00,87935624.00,23495448,64440174,44753.00,16320.00,61073.00,16320,44753,0.00,0.00,0,0
1625602728.756102,total,87957072.00,87937632.00,175894704.00,87937630,87957068,61088.00,61079.00,122167.00,61079,61088,0.00,0.00,0,0
1625602729.756482,tap5fb68060-3d,395.00,64418928.00,64419320.00,64418926,395,4.00,44741.00,44745.00,44741,4,0.00,0.00,0,0
1625602729.756750,tap616c957b-e2,127.00,372.00,499.00,372,127,2.00,4.00,6.00,4,2,0.00,0.00,0,0
1625602729.756860,tap8681c578-97,64441440.00,0.00,64441440.00,0,64441440,44751.00,0.00,44751.00,0,44751,0.00,0.00,0,0
1625602729.756951,total,64441960.00,64419296.00,128861264.00,64419298,64441962,44757.00,44745.00,89502.00,44745,44757,0.00,0.00,0,0
1625602730.757261,tap5fb68060-3d,127.00,64425968.00,64426096.00,64425970,127,2.00,44744.00,44746.00,44744,2,0.00,0.00,0,0
1625602730.757518,tap616c957b-e2,247.00,372.00,619.00,372,247,4.00,4.00,8.00,4,4,0.00,0.00,0,0
1625602730.757626,tap8681c578-97,64418400.00,0.00,64418400.00,0,64418400,44735.00,0.00,44735.00,0,44735,0.00,0.00,0,0
1625602730.757718,total,64418776.00,64426344.00,128845120.00,64426342,64418774,44741.00,44748.00,89489.00,44748,44741,0.00,0.00,0,0
1625602731.758034,tap5fb68060-3d,127.00,64421648.00,64421776.00,64421650,127,2.00,44741.00,44743.00,44741,2,0.00,0.00,0,0
1625602731.758310,tap616c957b-e2,247.00,372.00,619.00,372,247,4.00,4.00,8.00,4,4,0.00,0.00,0,0
1625602731.758419,tap8681c578-97,64409760.00,0.00,64409760.00,0,64409760,44729.00,0.00,44729.00,0,44729,0.00,0.00,0,0
1625602731.758510,total,64410136.00,64422024.00,128832160.00,64422022,64410134,44735.00,44745.00,89480.00,44745,44735,0.00,0.00,0,0
1625602732.758797,tap5fb68060-3d,127.00,64438928.00,64439056.00,64438930,127,2.00,44753.00,44755.00,44753,2,0.00,0.00,0,0
1625602732.759069,tap616c957b-e2,187.00,372.00,559.00,372,187,3.00,4.00,7.00,4,3,0.00,0.00,0,0
1625602732.759185,tap8681c578-97,64441440.00,0.00,64441440.00,0,64441440,44751.00,0.00,44751.00,0,44751,0.00,0.00,0,0
1625602732.759280,total,64441752.00,64439304.00,128881056.00,64439302,64441754,44756.00,44757.00,89513.00,44757,44756,0.00,0.00,0,0
1625602733.759544,tap5fb68060-3d,127.00,64438928.00,64439056.00,64438930,127,2.00,44753.00,44755.00,44753,2,0.00,0.00,0,0
1625602733.759825,tap616c957b-e2,187.00,372.00,559.00,372,187,3.00,4.00,7.00,4,3,0.00,0.00,0,0
1625602733.759933,tap8681c578-97,64432800.00,0.00,64432800.00,0,64432800,44745.00,0.00,44745.00,0,44745,0.00,0.00,0,0
1625602733.760018,total,64433112.00,64439304.00,128872416.00,64439302,64433114,44750.00,44757.00,89507.00,44757,44750,0.00,0.00,0,0
1625602734.760287,tap5fb68060-3d,127.00,64427408.00,64427536.00,64427410,127,2.00,44745.00,44747.00,44745,2,0.00,0.00,0,0
1625602734.760534,tap616c957b-e2,307.00,372.00,679.00,372,307,5.00,4.00,9.00,4,5,0.00,0.00,0,0
1625602734.760645,tap8681c578-97,64431360.00,0.00,64431360.00,0,64431360,44744.00,0.00,44744.00,0,44744,0.00,0.00,0,0
1625602734.760727,total,64431792.00,64427784.00,128859576.00,64427782,64431794,44751.00,44749.00,89500.00,44749,44751,0.00,0.00,0,0
1625602735.761007,tap5fb68060-3d,127.00,64413008.00,64413136.00,64413010,127,2.00,44735.00,44737.00,44735,2,0.00,0.00,0,0
1625602735.761273,tap616c957b-e2,247.00,372.00,619.00,372,247,4.00,4.00,8.00,4,4,0.00,0.00,0,0
1625602735.761379,tap8681c578-97,64412640.00,0.00,64412640.00,0,64412640,44731.00,0.00,44731.00,0,44731,0.00,0.00,0,0
1625602735.761468,total,64413016.00,64413384.00,128826400.00,64413382,64413014,44737.00,44739.00,89476.00,44739,44737,0.00,0.00,0,0
1625602736.761738,tap5fb68060-3d,127.00,64428848.00,64428976.00,64428850,127,2.00,44746.00,44748.00,44746,2,0.00,0.00,0,0
1625602736.761982,tap616c957b-e2,187.00,372.00,559.00,372,187,3.00,4.00,7.00,4,3,0.00,0.00,0,0
1625602736.762088,tap8681c578-97,64428480.00,0.00,64428480.00,0,64428480,44742.00,0.00,44742.00,0,44742,0.00,0.00,0,0
1625602736.762182,total,64428792.00,64429224.00,128858016.00,64429222,64428794,44747.00,44750.00,89497.00,44750,44747,0.00,0.00,0,0
1625602737.762473,tap5fb68060-3d,127.00,64434608.00,64434736.00,64434610,127,2.00,44750.00,44752.00,44750,2,0.00,0.00,0,0
1625602737.762710,tap616c957b-e2,247.00,372.00,619.00,372,247,4.00,4.00,8.00,4,4,0.00,0.00,0,0
1625602737.762810,tap8681c578-97,64434240.00,0.00,64434240.00,0,64434240,44746.00,0.00,44746.00,0,44746,0.00,0.00,0,0
1625602737.762894,total,64434616.00,64434984.00,128869600.00,64434982,64434614,44752.00,44754.00,89506.00,44754,44752,0.00,0.00,0,0
1625602738.763151,tap5fb68060-3d,127.00,64400048.00,64400176.00,64400050,127,2.00,44726.00,44728.00,44726,2,0.00,0.00,0,0
1625602738.763383,tap616c957b-e2,187.00,372.00,559.00,372,187,3.00,4.00,7.00,4,3,0.00,0.00,0,0
1625602738.763485,tap8681c578-97,64408320.00,0.00,64408320.00,0,64408320,44728.00,0.00,44728.00,0,44728,0.00,0.00,0,0
1625602738.763568,total,64408632.00,64400424.00,128809056.00,64400422,64408634,44733.00,44730.00,89463.00,44730,44733,0.00,0.00,0,0
1625602739.763890,tap5fb68060-3d,127.00,64436048.00,64436176.00,64436050,127,2.00,44751.00,44753.00,44751,2,0.00,0.00,0,0
1625602739.764167,tap616c957b-e2,247.00,372.00,619.00,372,247,4.00,4.00,8.00,4,4,0.00,0.00,0,0
1625602739.764278,tap8681c578-97,64451520.00,0.00,64451520.00,0,64451520,44758.00,0.00,44758.00,0,44758,0.00,0.00,0,0
1625602739.764366,total,64451896.00,64436424.00,128888320.00,64436422,64451894,44764.00,44755.00,89519.00,44755,44764,0.00,0.00,0,0
1625602740.764715,tap5fb68060-3d,127.00,64449008.00,64449136.00,64449010,127,2.00,44760.00,44762.00,44760,2,0.00,0.00,0,0
1625602740.764988,tap616c957b-e2,127.00,372.00,499.00,372,127,2.00,4.00,6.00,4,2,0.00,0.00,0,0
1625602740.765098,tap8681c578-97,64419840.00,0.00,64419840.00,0,64419840,44736.00,0.00,44736.00,0,44736,0.00,0.00,0,0
1625602740.765217,total,64420096.00,64449384.00,128869472.00,64449382,64420094,44740.00,44764.00,89504.00,44764,44740,0.00,0.00,0,0
1625602741.765521,tap5fb68060-3d,127.00,64418768.00,64418896.00,64418770,127,2.00,44739.00,44741.00,44739,2,0.00,0.00,0,0
1625602741.765824,tap616c957b-e2,247.00,372.00,619.00,372,247,4.00,4.00,8.00,4,4,0.00,0.00,0,0
1625602741.765950,tap8681c578-97,64422720.00,0.00,64422720.00,0,64422720,44738.00,0.00,44738.00,0,44738,0.00,0.00,0,0
1625602741.766067,total,64423096.00,64419144.00,128842240.00,64419142,64423094,44744.00,44743.00,89487.00,44743,44744,0.00,0.00,0,0
1625602742.766373,tap5fb68060-3d,127.00,64446128.00,64446256.00,64446130,127,2.00,44758.00,44760.00,44758,2,0.00,0.00,0,0
1625602742.766671,tap616c957b-e2,127.00,372.00,499.00,372,127,2.00,4.00,6.00,4,2,0.00,0.00,0,0
1625602742.766784,tap8681c578-97,64447200.00,0.00,64447200.00,0,64447200,44755.00,0.00,44755.00,0,44755,0.00,0.00,0,0
1625602742.766891,total,64447456.00,64446504.00,128893952.00,64446502,64447454,44759.00,44762.00,89521.00,44762,44759,0.00,0.00,0,0
1625602743.767238,tap5fb68060-3d,127.00,64446128.00,64446256.00,64446130,127,2.00,44758.00,44760.00,44758,2,0.00,0.00,0,0
1625602743.767506,tap616c957b-e2,127.00,372.00,499.00,372,127,2.00,4.00,6.00,4,2,0.00,0.00,0,0
1625602743.767615,tap8681c578-97,64435680.00,0.00,64435680.00,0,64435680,44747.00,0.00,44747.00,0,44747,0.00,0.00,0,0
1625602743.767706,total,64435936.00,64446504.00,128882432.00,64446502,64435934,44751.00,44762.00,89513.00,44762,44751,0.00,0.00,0,0
1625602744.767999,tap5fb68060-3d,127.00,64415888.00,64416016.00,64415890,127,2.00,44737.00,44739.00,44737,2,0.00,0.00,0,0
1625602744.768307,tap616c957b-e2,187.00,372.00,559.00,372,187,3.00,4.00,7.00,4,3,0.00,0.00,0,0
1625602744.768421,tap8681c578-97,64432800.00,0.00,64432800.00,0,64432800,44745.00,0.00,44745.00,0,44745,0.00,0.00,0,0
1625602744.768512,total,64433112.00,64416264.00,128849376.00,64416262,64433114,44750.00,44741.00,89491.00,44741,44750,0.00,0.00,0,0
1625602745.768819,tap5fb68060-3d,127.00,64428848.00,64428976.00,64428850,127,2.00,44746.00,44748.00,44746,2,0.00,0.00,0,0
1625602745.769117,tap616c957b-e2,247.00,372.00,619.00,372,247,4.00,4.00,8.00,4,4,0.00,0.00,0,0
1625602745.769230,tap8681c578-97,64432800.00,0.00,64432800.00,0,64432800,44745.00,0.00,44745.00,0,44745,0.00,0.00,0,0
1625602745.769319,total,64433176.00,64429224.00,128862400.00,64429222,64433174,44751.00,44750.00,89501.00,44750,44751,0.00,0.00,0,0
1625602746.769611,tap5fb68060-3d,127.00,64418768.00,64418896.00,64418770,127,2.00,44739.00,44741.00,44739,2,0.00,0.00,0,0
1625602746.769898,tap616c957b-e2,127.00,372.00,499.00,372,127,2.00,4.00,6.00,4,2,0.00,0.00,0,0
1625602746.770016,tap8681c578-97,64408320.00,0.00,64408320.00,0,64408320,44728.00,0.00,44728.00,0,44728,0.00,0.00,0,0
1625602746.770122,total,64408576.00,64419144.00,128827712.00,64419142,64408574,44732.00,44743.00,89475.00,44743,44732,0.00,0.00,0,0
1625602747.770465,tap5fb68060-3d,127.00,64441808.00,64441936.00,64441810,127,2.00,44755.00,44757.00,44755,2,0.00,0.00,0,0
1625602747.770798,tap616c957b-e2,349.00,414.00,763.00,414,349,6.00,5.00,11.00,5,6,0.00,0.00,0,0
1625602747.770910,tap8681c578-97,64442880.00,0.00,64442880.00,0,64442880,44752.00,0.00,44752.00,0,44752,0.00,0.00,0,0
1625602747.771000,total,64443356.00,64442224.00,128885584.00,64442224,64443356,44760.00,44760.00,89520.00,44760,44760,0.00,0.00,0,0
1625602748.771354,tap5fb68060-3d,127.00,64211408.00,64211536.00,64211410,127,2.00,44595.00,44597.00,44595,2,0.00,0.00,0,0
1625602748.771644,tap616c957b-e2,40431188.00,372.00,40431560.00,372,40431187,28082.00,4.00,28086.00,4,28082,0.00,0.00,0,0
1625602748.771761,tap8681c578-97,64215504.00,40458572.00,104674072.00,40458571,64215504,44596.00,28100.00,72696.00,28100,44596,0.00,0.00,0,0
1625602748.771868,total,104646816.00,104670352.00,209317168.00,104670353,104646818,72680.00,72699.00,145379.00,72699,72680,0.00,0.00,0,0
1625602749.772157,tap5fb68060-3d,127.00,64663568.00,64663696.00,64663570,127,2.00,44909.00,44911.00,44909,2,0.00,0.00,0,0
1625602749.772456,tap616c957b-e2,64680728.00,372.00,64681100.00,372,64680727,44921.00,4.00,44925.00,4,44921,0.00,0.00,0,0
1625602749.772570,tap8681c578-97,64664768.00,64665008.00,129329776.00,64665006,64664767,44908.00,44910.00,89818.00,44910,44908,0.00,0.00,0,0
1625602749.772664,total,129345624.00,129328944.00,258674576.00,129328948,129345621,89831.00,89823.00,179654.00,89823,89831,0.00,0.00,0,0
1625602750.772940,tap5fb68060-3d,127.00,64453328.00,64453456.00,64453330,127,2.00,44763.00,44765.00,44763,2,0.00,0.00,0,0
1625602750.773214,tap616c957b-e2,64395548.00,372.00,64395920.00,372,64395547,44722.00,4.00,44726.00,4,44722,0.00,0.00,0,0
1625602750.773325,tap8681c578-97,64434368.00,64417224.00,128851592.00,64417224,64434367,44748.00,44737.00,89485.00,44737,44748,0.00,0.00,0,0
1625602750.773415,total,128830040.00,128870928.00,257700960.00,128870926,128830041,89472.00,89504.00,178976.00,89504,89472,0.00,0.00,0,0
1625602751.773747,tap5fb68060-3d,127.00,64411568.00,64411696.00,64411570,127,2.00,44734.00,44736.00,44734,2,0.00,0.00,0,0
1625602751.774001,tap616c957b-e2,64447388.00,372.00,64447760.00,372,64447387,44758.00,4.00,44762.00,4,44758,0.00,0.00,0,0
1625602751.774117,tap8681c578-97,64422848.00,64438928.00,128861776.00,64438926,64422847,44740.00,44753.00,89493.00,44753,44740,0.00,0.00,0,0
1625602751.774241,total,128870360.00,128850864.00,257721232.00,128850868,128870361,89500.00,89491.00,178991.00,89491,89500,0.00,0.00,0,0
1625602752.774555,tap5fb68060-3d,127.00,64424528.00,64424656.00,64424530,127,2.00,44743.00,44745.00,44743,2,0.00,0.00,0,0
1625602752.774802,tap616c957b-e2,64437308.00,372.00,64437680.00,372,64437307,44751.00,4.00,44755.00,4,44751,0.00,0.00,0,0
1625602752.774907,tap8681c578-97,64441568.00,64428848.00,128870416.00,64428846,64441567,44753.00,44746.00,89499.00,44746,44753,0.00,0.00,0,0
1625602752.774994,total,128879000.00,128853744.00,257732752.00,128853748,128879001,89506.00,89493.00,178999.00,89493,89506,0.00,0.00,0,0
1625602753.775266,tap5fb68060-3d,127.00,64427408.00,64427536.00,64427410,127,2.00,44745.00,44747.00,44745,2,0.00,0.00,0,0
1625602753.775521,tap616c957b-e2,64434488.00,414.00,64434900.00,414,64434487,44750.00,5.00,44755.00,5,44750,0.00,0.00,0,0
1625602753.775628,tap8681c578-97,64417088.00,64433168.00,128850256.00,64433166,64417087,44736.00,44749.00,89485.00,44749,44736,0.00,0.00,0,0
1625602753.775715,total,128851704.00,128860992.00,257712688.00,128860990,128851701,89488.00,89499.00,178987.00,89499,89488,0.00,0.00,0,0
1625602754.775990,tap5fb68060-3d,127.00,64440368.00,64440496.00,64440370,127,2.00,44754.00,44756.00,44754,2,0.00,0.00,0,0
1625602754.776278,tap616c957b-e2,64407248.00,372.00,64407620.00,372,64407247,44733.00,4.00,44737.00,4,44733,0.00,0.00,0,0
1625602754.776388,tap8681c578-97,64422848.00,64424528.00,128847376.00,64424526,64422847,44740.00,44743.00,89483.00,44743,44740,0.00,0.00,0,0
1625602754.776477,total,128830224.00,128865264.00,257695488.00,128865268,128830221,89475.00,89501.00,178976.00,89501,89475,0.00,0.00,0,0
1625602755.776762,tap5fb68060-3d,127.00,64413008.00,64413136.00,64413010,127,2.00,44735.00,44737.00,44735,2,0.00,0.00,0,0
1625602755.777050,tap616c957b-e2,64443008.00,372.00,64443380.00,372,64443007,44754.00,4.00,44758.00,4,44754,0.00,0.00,0,0
1625602755.777185,tap8681c578-97,64443008.00,64431728.00,128874736.00,64431726,64443007,44754.00,44748.00,89502.00,44748,44754,0.00,0.00,0,0
1625602755.777279,total,128886144.00,128845104.00,257731248.00,128845108,128886141,89510.00,89487.00,178997.00,89487,89510,0.00,0.00,0,0
1625602756.777554,tap5fb68060-3d,127.00,64440368.00,64440496.00,64440370,127,2.00,44754.00,44756.00,44754,2,0.00,0.00,0,0
1625602756.777836,tap616c957b-e2,64435868.00,372.00,64436240.00,372,64435867,44750.00,4.00,44754.00,4,44750,0.00,0.00,0,0
1625602756.777958,tap8681c578-97,64411328.00,64420208.00,128831536.00,64420206,64411327,44732.00,44740.00,89472.00,44740,44732,0.00,0.00,0,0
1625602756.778072,total,128847320.00,128860944.00,257708272.00,128860948,128847321,89484.00,89498.00,178982.00,89498,89484,0.00,0.00,0,0
1625602757.778353,tap5fb68060-3d,127.00,64413008.00,64413136.00,64413010,127,2.00,44735.00,44737.00,44735,2,0.00,0.00,0,0
1625602757.778622,tap616c957b-e2,64418588.00,372.00,64418960.00,372,64418587,44738.00,4.00,44742.00,4,44738,0.00,0.00,0,0
1625602757.778743,tap8681c578-97,64411368.00,64414488.00,128825856.00,64414488,64411369,44733.00,44737.00,89470.00,44737,44733,0.00,0.00,0,0
1625602757.778834,total,128830080.00,128827872.00,257657952.00,128827870,128830083,89473.00,89476.00,178949.00,89476,89473,0.00,0.00,0,0
1625602758.779137,tap5fb68060-3d,127.00,64443248.00,64443376.00,64443250,127,2.00,44756.00,44758.00,44756,2,0.00,0.00,0,0
1625602758.779411,tap616c957b-e2,64445888.00,372.00,64446260.00,372,64445887,44756.00,4.00,44760.00,4,44756,0.00,0.00,0,0
1625602758.779521,tap8681c578-97,64454528.00,64450448.00,128904976.00,64450446,64454527,44762.00,44761.00,89523.00,44761,44762,0.00,0.00,0,0
1625602758.779611,total,128900544.00,128894064.00,257794608.00,128894068,128900541,89520.00,89521.00,179041.00,89521,89520,0.00,0.00,0,0
1625602759.779896,tap5fb68060-3d,127.00,64437488.00,64437616.00,64437490,127,2.00,44752.00,44754.00,44752,2,0.00,0.00,0,0
1625602759.780187,tap616c957b-e2,64418528.00,372.00,64418900.00,372,64418527,44737.00,4.00,44741.00,4,44737,0.00,0.00,0,0
1625602759.780300,tap8681c578-97,64425728.00,64430288.00,128856016.00,64430286,64425727,44742.00,44747.00,89489.00,44747,44742,0.00,0.00,0,0
1625602759.780404,total,128844384.00,128868144.00,257712528.00,128868148,128844381,89481.00,89503.00,178984.00,89503,89481,0.00,0.00,0,0
1625602760.780689,tap5fb68060-3d,127.00,64444688.00,64444816.00,64444690,127,2.00,44757.00,44759.00,44757,2,0.00,0.00,0,0
1625602760.780971,tap616c957b-e2,64427228.00,372.00,64427600.00,372,64427227,44744.00,4.00,44748.00,4,44744,0.00,0.00,0,0
1625602760.781092,tap8681c578-97,64443008.00,64443248.00,128886256.00,64443246,64443007,44754.00,44756.00,89510.00,44756,44754,0.00,0.00,0,0
1625602760.781202,total,128870360.00,128888304.00,257758672.00,128888308,128870361,89500.00,89517.00,179017.00,89517,89500,0.00,0.00,0,0
1625602761.781473,tap5fb68060-3d,169.00,64404412.00,64404580.00,64404412,169,3.00,44730.00,44733.00,44730,3,0.00,0.00,0,0
1625602761.781747,tap616c957b-e2,64422968.00,372.00,64423340.00,372,64422967,44742.00,4.00,44746.00,4,44742,0.00,0.00,0,0
1625602761.781865,tap8681c578-97,64421408.00,64405808.00,128827216.00,64405806,64421407,44739.00,44730.00,89469.00,44730,44739,0.00,0.00,0,0
1625602761.781966,total,128844544.00,128810592.00,257655136.00,128810590,128844543,89484.00,89464.00,178948.00,89464,89484,0.00,0.00,0,0
1625602762.782262,tap5fb68060-3d,127.00,64425968.00,64426096.00,64425970,127,2.00,44744.00,44746.00,44744,2,0.00,0.00,0,0
1625602762.782525,tap616c957b-e2,64438688.00,372.00,64439060.00,372,64438687,44751.00,4.00,44755.00,4,44751,0.00,0.00,0,0
1625602762.782636,tap8681c578-97,64415648.00,64427408.00,128843056.00,64427406,64415647,44735.00,44745.00,89480.00,44745,44735,0.00,0.00,0,0
1625602762.782725,total,128854464.00,128853744.00,257708208.00,128853748,128854461,89488.00,89493.00,178981.00,89493,89488,0.00,0.00,0,0
1625602763.782998,tap5fb68060-3d,127.00,64433168.00,64433296.00,64433170,127,2.00,44749.00,44751.00,44749,2,0.00,0.00,0,0
1625602763.783262,tap616c957b-e2,64435868.00,372.00,64436240.00,372,64435867,44750.00,4.00,44754.00,4,44750,0.00,0.00,0,0
1625602763.783372,tap8681c578-97,64444448.00,64447568.00,128892016.00,64447566,64444447,44755.00,44759.00,89514.00,44759,44755,0.00,0.00,0,0
1625602763.783459,total,128880440.00,128881104.00,257761552.00,128881108,128880441,89507.00,89512.00,179019.00,89512,89507,0.00,0.00,0,0
1625602764.783747,tap5fb68060-3d,127.00,64440368.00,64440496.00,64440370,127,2.00,44754.00,44756.00,44754,2,0.00,0.00,0,0
1625602764.784022,tap616c957b-e2,64405628.00,372.00,64406000.00,372,64405627,44729.00,4.00,44733.00,4,44729,0.00,0.00,0,0
1625602764.784147,tap8681c578-97,64422848.00,64424528.00,128847376.00,64424526,64422847,44740.00,44743.00,89483.00,44743,44740,0.00,0.00,0,0
1625602764.784238,total,128828600.00,128865264.00,257693872.00,128865268,128828601,89471.00,89501.00,178972.00,89501,89471,0.00,0.00,0,0
1625602765.784557,tap5fb68060-3d,127.00,64441808.00,64441936.00,64441810,127,2.00,44755.00,44757.00,44755,2,0.00,0.00,0,0
1625602765.784963,tap616c957b-e2,64445888.00,372.00,64446260.00,372,64445887,44756.00,4.00,44760.00,4,44756,0.00,0.00,0,0
1625602765.785117,tap8681c578-97,64444448.00,64444688.00,128889136.00,64444686,64444447,44755.00,44757.00,89512.00,44757,44755,0.00,0.00,0,0
1625602765.785240,total,128761704.00,128758112.00,257519808.00,128886868,128890461,89423.58,89426.58,178850.15,89516,89513,0.00,0.00,0,0
1625602766.785546,tap5fb68060-3d,127.00,64444688.00,64444816.00,64444690,127,2.00,44757.00,44759.00,44757,2,0.00,0.00,0,0
1625602766.785821,tap616c957b-e2,64435868.00,372.00,64436240.00,372,64435867,44750.00,4.00,44754.00,4,44750,0.00,0.00,0,0
1625602766.785935,tap8681c578-97,64440196.00,64437488.00,128877680.00,64437486,64440197,44753.00,44752.00,89505.00,44752,44753,0.00,0.00,0,0
1625602766.786037,total,128876192.00,128882544.00,257758736.00,128882548,128876191,89505.00,89513.00,179018.00,89513,89505,0.00,0.00,0,0
1625602767.786331,tap5fb68060-3d,127.00,64414448.00,64414576.00,64414450,127,2.00,44736.00,44738.00,44736,2,0.00,0.00,0,0
1625602767.786591,tap616c957b-e2,64427408.00,372.00,64427780.00,372,64427407,44747.00,4.00,44751.00,4,44747,0.00,0.00,0,0
1625602767.786710,tap8681c578-97,64422848.00,64420208.00,128843056.00,64420206,64422847,44740.00,44740.00,89480.00,44740,44740,0.00,0.00,0,0
1625602767.786799,total,128850384.00,128835024.00,257685408.00,128835028,128850381,89489.00,89480.00,178969.00,89480,89489,0.00,0.00,0,0
1625602768.787168,tap5fb68060-3d,127.00,64415888.00,64416016.00,64415890,127,2.00,44737.00,44739.00,44737,2,0.00,0.00,0,0
1625602768.787446,tap616c957b-e2,64438748.00,372.00,64439120.00,372,64438747,44752.00,4.00,44756.00,4,44752,0.00,0.00,0,0
1625602768.787557,tap8681c578-97,64421408.00,64421648.00,128843056.00,64421646,64421407,44739.00,44741.00,89480.00,44741,44739,0.00,0.00,0,0
1625602768.787646,total,128860280.00,128837904.00,257698192.00,128837908,128860281,89493.00,89482.00,178975.00,89482,89493,0.00,0.00,0,0
1625602769.788008,tap5fb68060-3d,127.00,64437488.00,64437616.00,64437490,127,2.00,44752.00,44754.00,44752,2,0.00,0.00,0,0
1625602769.788307,tap616c957b-e2,64441668.00,414.00,64442084.00,414,64441669,44755.00,5.00,44760.00,5,44755,0.00,0.00,0,0
1625602769.788425,tap8681c578-97,64427168.00,64433168.00,128860336.00,64433166,64427167,44743.00,44749.00,89492.00,44749,44743,0.00,0.00,0,0
1625602769.788520,total,128868960.00,128871072.00,257740032.00,128871070,128868963,89500.00,89506.00,179006.00,89506,89500,0.00,0.00,0,0
1625602770.788869,tap5fb68060-3d,127.00,64436048.00,64436176.00,64436050,127,2.00,44751.00,44753.00,44751,2,0.00,0.00,0,0
1625602770.789149,tap616c957b-e2,64437308.00,372.00,64437680.00,372,64437307,44751.00,4.00,44755.00,4,44751,0.00,0.00,0,0
1625602770.789262,tap8681c578-97,64444448.00,64444688.00,128889136.00,64444686,64444447,44755.00,44757.00,89512.00,44757,44755,0.00,0.00,0,0
1625602770.789353,total,128881880.00,128881104.00,257762992.00,128881108,128881881,89508.00,89512.00,179020.00,89512,89508,0.00,0.00,0,0
1625602771.789733,tap5fb68060-3d,127.00,64444688.00,64444816.00,64444690,127,2.00,44757.00,44759.00,44757,2,0.00,0.00,0,0
1625602771.790015,tap616c957b-e2,64438808.00,372.00,64439180.00,372,64438807,44753.00,4.00,44757.00,4,44753,0.00,0.00,0,0
1625602771.790142,tap8681c578-97,64444448.00,64444688.00,128889136.00,64444686,64444447,44755.00,44757.00,89512.00,44757,44755,0.00,0.00,0,0
1625602771.790243,total,128883384.00,128889744.00,257773136.00,128889748,128883381,89510.00,89518.00,179028.00,89518,89510,0.00,0.00,0,0
1625602772.790559,tap5fb68060-3d,127.00,64443248.00,64443376.00,64443250,127,2.00,44756.00,44758.00,44756,2,0.00,0.00,0,0
1625602772.790875,tap616c957b-e2,64432988.00,372.00,64433360.00,372,64432987,44748.00,4.00,44752.00,4,44748,0.00,0.00,0,0
1625602772.791015,tap8681c578-97,64437248.00,64437488.00,128874736.00,64437486,64437247,44750.00,44752.00,89502.00,44752,44750,0.00,0.00,0,0
1625602772.791124,total,128870360.00,128881104.00,257751472.00,128881108,128870361,89500.00,89512.00,179012.00,89512,89500,0.00,0.00,0,0
1625602773.791412,tap5fb68060-3d,127.00,64433168.00,64433296.00,64433170,127,2.00,44749.00,44751.00,44749,2,0.00,0.00,0,0
1625602773.791696,tap616c957b-e2,64435808.00,372.00,64436180.00,372,64435807,44749.00,4.00,44753.00,4,44749,0.00,0.00,0,0
1625602773.791817,tap8681c578-97,64435808.00,64436048.00,128871856.00,64436046,64435807,44749.00,44751.00,89500.00,44751,44749,0.00,0.00,0,0
1625602773.791928,total,128871744.00,128869584.00,257741328.00,128869588,128871741,89500.00,89504.00,179004.00,89504,89500,0.00,0.00,0,0
1625602774.792238,tap5fb68060-3d,127.00,64427408.00,64427536.00,64427410,127,2.00,44745.00,44747.00,44745,2,0.00,0.00,0,0
1625602774.792512,tap616c957b-e2,64417148.00,372.00,64417520.00,372,64417147,44737.00,4.00,44741.00,4,44737,0.00,0.00,0,0
1625602774.792624,tap8681c578-97,64438688.00,64427408.00,128866096.00,64427406,64438687,44751.00,44745.00,89496.00,44745,44751,0.00,0.00,0,0
1625602774.792718,total,128855960.00,128855184.00,257711152.00,128855188,128855961,89490.00,89494.00,178984.00,89494,89490,0.00,0.00,0,0
1625602775.793018,tap5fb68060-3d,127.00,64421648.00,64421776.00,64421650,127,2.00,44741.00,44743.00,44741,2,0.00,0.00,0,0
1625602775.793331,tap616c957b-e2,64299068.00,372.00,64299440.00,372,64299067,44655.00,4.00,44659.00,4,44655,0.00,0.00,0,0
1625602775.793503,tap8681c578-97,64418528.00,64418768.00,128837296.00,64418766,64418527,44737.00,44739.00,89476.00,44739,44737,0.00,0.00,0,0
1625602775.793648,total,128717720.00,128840784.00,257558512.00,128840788,128717721,89394.00,89484.00,178878.00,89484,89394,0.00,0.00,0,0
1625602776.793951,tap5fb68060-3d,127.00,64431728.00,64431856.00,64431730,127,2.00,44748.00,44750.00,44748,2,0.00,0.00,0,0
1625602776.794270,tap616c957b-e2,64571228.00,372.00,64571600.00,372,64571227,44844.00,4.00,44848.00,4,44844,0.00,0.00,0,0
1625602776.794390,tap8681c578-97,64428608.00,64434608.00,128863216.00,64434606,64428607,44744.00,44750.00,89494.00,44750,44744,0.00,0.00,0,0
1625602776.794486,total,128999960.00,128866704.00,257866672.00,128866708,128999961,89590.00,89502.00,179092.00,89502,89590,0.00,0.00,0,0
1625602777.794771,tap5fb68060-3d,127.00,64434608.00,64434736.00,64434610,127,2.00,44750.00,44752.00,44750,2,0.00,0.00,0,0
1625602777.795060,tap616c957b-e2,64441568.00,372.00,64441940.00,372,64441567,44753.00,4.00,44757.00,4,44753,0.00,0.00,0,0
1625602777.795199,tap8681c578-97,64435808.00,64441808.00,128877616.00,64441806,64435807,44749.00,44755.00,89504.00,44755,44749,0.00,0.00,0,0
1625602777.795295,total,128877504.00,128876784.00,257754288.00,128876788,128877501,89504.00,89509.00,179013.00,89509,89504,0.00,0.00,0,0
1625602778.795567,tap5fb68060-3d,127.00,64440368.00,64440496.00,64440370,127,2.00,44754.00,44756.00,44754,2,0.00,0.00,0,0
1625602778.795847,tap616c957b-e2,64435928.00,372.00,64436300.00,372,64435927,44751.00,4.00,44755.00,4,44751,0.00,0.00,0,0
1625602778.795966,tap8681c578-97,64440128.00,64440368.00,128880496.00,64440366,64440127,44752.00,44754.00,89506.00,44754,44752,0.00,0.00,0,0
1625602778.796068,total,128876184.00,128881104.00,257757296.00,128881108,128876181,89505.00,89512.00,179017.00,89512,89505,0.00,0.00,0,0
1625602779.796306,tap5fb68060-3d,127.00,64433168.00,64433296.00,64433170,127,2.00,44749.00,44751.00,44749,2,0.00,0.00,0,0
1625602779.796560,tap616c957b-e2,64428608.00,372.00,64428980.00,372,64428607,44744.00,4.00,44748.00,4,44744,0.00,0.00,0,0
1625602779.796668,tap8681c578-97,64424288.00,64424528.00,128848816.00,64424526,64424287,44741.00,44743.00,89484.00,44743,44741,0.00,0.00,0,0
1625602779.796757,total,128853024.00,128858064.00,257711088.00,128858068,128853021,89487.00,89496.00,178983.00,89496,89487,0.00,0.00,0,0
1625602780.797032,tap5fb68060-3d,127.00,64433168.00,64433296.00,64433170,127,2.00,44749.00,44751.00,44749,2,0.00,0.00,0,0
1625602780.797312,tap616c957b-e2,64405628.00,372.00,64406000.00,372,64405627,44729.00,4.00,44733.00,4,44729,0.00,0.00,0,0
1625602780.797421,tap8681c578-97,64440128.00,64420208.00,128860336.00,64420206,64440127,44752.00,44740.00,89492.00,44740,44752,0.00,0.00,0,0
1625602780.797511,total,128845880.00,128853744.00,257699632.00,128853748,128845881,89483.00,89493.00,178976.00,89493,89483,0.00,0.00,0,0
1625602781.797840,tap5fb68060-3d,127.00,64410128.00,64410256.00,64410130,127,2.00,44733.00,44735.00,44733,2,0.00,0.00,0,0
1625602781.798102,tap616c957b-e2,64434368.00,372.00,64434740.00,372,64434367,44748.00,4.00,44752.00,4,44748,0.00,0.00,0,0
1625602781.798276,tap8681c578-97,64412768.00,64415888.00,128828656.00,64415886,64412767,44733.00,44737.00,89470.00,44737,44733,0.00,0.00,0,0
1625602781.798418,total,128847264.00,128826384.00,257673648.00,128826388,128847261,89483.00,89474.00,178957.00,89474,89483,0.00,0.00,0,0
1625602782.798711,tap5fb68060-3d,127.00,64441808.00,64441936.00,64441810,127,2.00,44755.00,44757.00,44755,2,0.00,0.00,0,0
1625602782.798966,tap616c957b-e2,64446188.00,372.00,64446560.00,372,64446187,44761.00,4.00,44765.00,4,44761,0.00,0.00,0,0
1625602782.799073,tap8681c578-97,64422916.00,64440368.00,128863280.00,64440366,64422917,44741.00,44754.00,89495.00,44754,44741,0.00,0.00,0,0
1625602782.799180,total,128869232.00,128882544.00,257751776.00,128882548,128869231,89504.00,89513.00,179017.00,89513,89504,0.00,0.00,0,0
1625602783.799523,tap5fb68060-3d,127.00,64428848.00,64428976.00,64428850,127,2.00,44746.00,44748.00,44746,2,0.00,0.00,0,0
1625602783.799793,tap616c957b-e2,64433108.00,414.00,64433520.00,414,64433107,44750.00,5.00,44755.00,5,44750,0.00,0.00,0,0
1625602783.799904,tap8681c578-97,64447328.00,64447568.00,128894896.00,64447566,64447327,44757.00,44759.00,89516.00,44759,44757,0.00,0.00,0,0
1625602783.799995,total,128880560.00,128876832.00,257757392.00,128876830,128880561,89509.00,89510.00,179019.00,89510,89509,0.00,0.00,0,0
1625602784.800285,tap5fb68060-3d,127.00,64443248.00,64443376.00,64443250,127,2.00,44756.00,44758.00,44756,2,0.00,0.00,0,0
1625602784.800549,tap616c957b-e2,64428668.00,372.00,64429040.00,372,64428667,44745.00,4.00,44749.00,4,44745,0.00,0.00,0,0
1625602784.800659,tap8681c578-97,64427168.00,64427408.00,128854576.00,64427406,64427167,44743.00,44745.00,89488.00,44745,44743,0.00,0.00,0,0
1625602784.800760,total,128855960.00,128871024.00,257726992.00,128871028,128855961,89490.00,89505.00,178995.00,89505,89490,0.00,0.00,0,0
1625602785.801044,tap5fb68060-3d,127.00,64440368.00,64440496.00,64440370,127,2.00,44754.00,44756.00,44754,2,0.00,0.00,0,0
1625602785.801339,tap616c957b-e2,64411448.00,372.00,64411820.00,372,64411447,44734.00,4.00,44738.00,4,44734,0.00,0.00,0,0
1625602785.801453,tap8681c578-97,64437248.00,64437488.00,128874736.00,64437486,64437247,44750.00,44752.00,89502.00,44752,44750,0.00,0.00,0,0
1625602785.801543,total,128848824.00,128878224.00,257727056.00,128878228,128848821,89486.00,89510.00,178996.00,89510,89486,0.00,0.00,0,0
1625602786.801860,tap5fb68060-3d,127.00,64424528.00,64424656.00,64424530,127,2.00,44743.00,44745.00,44743,2,0.00,0.00,0,0
1625602786.802116,tap616c957b-e2,64431548.00,372.00,64431920.00,372,64431547,44747.00,4.00,44751.00,4,44747,0.00,0.00,0,0
1625602786.802225,tap8681c578-97,64421408.00,64415888.00,128837296.00,64415886,64421407,44739.00,44737.00,89476.00,44737,44739,0.00,0.00,0,0
1625602786.802315,total,128853080.00,128840784.00,257693872.00,128840788,128853081,89488.00,89484.00,178972.00,89484,89488,0.00,0.00,0,0
1625602787.802562,tap5fb68060-3d,127.00,64408688.00,64408816.00,64408690,127,2.00,44732.00,44734.00,44732,2,0.00,0.00,0,0
1625602787.802840,tap616c957b-e2,64440308.00,372.00,64440680.00,372,64440307,44755.00,4.00,44759.00,4,44755,0.00,0.00,0,0
1625602787.802957,tap8681c578-97,64411328.00,64417328.00,128828656.00,64417326,64411327,44732.00,44738.00,89470.00,44738,44732,0.00,0.00,0,0
1625602787.803056,total,128851760.00,128826384.00,257678144.00,128826388,128851761,89489.00,89474.00,178963.00,89474,89489,0.00,0.00,0,0
1625602788.803330,tap5fb68060-3d,127.00,64430288.00,64430416.00,64430290,127,2.00,44747.00,44749.00,44747,2,0.00,0.00,0,0
1625602788.803629,tap616c957b-e2,64433048.00,372.00,64433420.00,372,64433047,44749.00,4.00,44753.00,4,44749,0.00,0.00,0,0
1625602788.803756,tap8681c578-97,64443008.00,64443248.00,128886256.00,64443246,64443007,44754.00,44756.00,89510.00,44756,44754,0.00,0.00,0,0
1625602788.803857,total,128876184.00,128873904.00,257750096.00,128873908,128876181,89505.00,89507.00,179012.00,89507,89505,0.00,0.00,0,0
1625602789.804207,tap5fb68060-3d,127.00,64449008.00,64449136.00,64449010,127,2.00,44760.00,44762.00,44760,2,0.00,0.00,0,0
1625602789.804474,tap616c957b-e2,64437248.00,372.00,64437620.00,372,64437247,44750.00,4.00,44754.00,4,44750,0.00,0.00,0,0
1625602789.804582,tap8681c578-97,64443008.00,64443248.00,128886256.00,64443246,64443007,44754.00,44756.00,89510.00,44756,44754,0.00,0.00,0,0
1625602789.804672,total,128880384.00,128892624.00,257773008.00,128892628,128880381,89506.00,89520.00,179026.00,89520,89506,0.00,0.00,0,0
1625602790.804974,tap5fb68060-3d,127.00,64441808.00,64441936.00,64441810,127,2.00,44755.00,44757.00,44755,2,0.00,0.00,0,0
1625602790.805272,tap616c957b-e2,64433048.00,372.00,64433420.00,372,64433047,44749.00,4.00,44753.00,4,44749,0.00,0.00,0,0
1625602790.805397,tap8681c578-97,64434368.00,64434608.00,128868976.00,64434606,64434367,44748.00,44750.00,89498.00,44750,44748,0.00,0.00,0,0
1625602790.805498,total,128867544.00,128876784.00,257744336.00,128876788,128867541,89499.00,89509.00,179008.00,89509,89499,0.00,0.00,0,0
1625602791.805837,tap5fb68060-3d,127.00,64436048.00,64436176.00,64436050,127,2.00,44751.00,44753.00,44751,2,0.00,0.00,0,0
1625602791.806101,tap616c957b-e2,64412868.00,414.00,64413284.00,414,64412869,44735.00,5.00,44740.00,5,44735,0.00,0.00,0,0
1625602791.806224,tap8681c578-97,64435808.00,64425968.00,128861776.00,64425966,64435807,44749.00,44744.00,89493.00,44744,44749,0.00,0.00,0,0
1625602791.806315,total,128848800.00,128862432.00,257711232.00,128862430,128848803,89486.00,89500.00,178986.00,89500,89486,0.00,0.00,0,0
1625602792.806605,tap5fb68060-3d,127.00,64401488.00,64401616.00,64401490,127,2.00,44727.00,44729.00,44727,2,0.00,0.00,0,0
1625602792.806898,tap616c957b-e2,64441568.00,372.00,64441940.00,372,64441567,44753.00,4.00,44757.00,4,44753,0.00,0.00,0,0
1625602792.807024,tap8681c578-97,64428608.00,64423088.00,128851696.00,64423086,64428607,44744.00,44742.00,89486.00,44742,44744,0.00,0.00,0,0
1625602792.807133,total,128870304.00,128824944.00,257695248.00,128824948,128870301,89499.00,89473.00,178972.00,89473,89499,0.00,0.00,0,0
1625602793.807475,tap5fb68060-3d,127.00,64433168.00,64433296.00,64433170,127,2.00,44749.00,44751.00,44749,2,0.00,0.00,0,0
1625602793.807873,tap616c957b-e2,64447448.00,372.00,64447820.00,372,64447447,44759.00,4.00,44763.00,4,44759,0.00,0.00,0,0
1625602793.808044,tap8681c578-97,64358492.00,64373116.00,128731608.00,64437486,64422847,44695.31,44707.29,89402.60,44752,44740,0.00,0.00,0,0
1625602793.808189,total,128741688.00,128742288.00,257483984.00,128871028,128870421,89411.59,89415.59,178827.18,89505,89501,0.00,0.00,0,0
1625602794.808542,tap5fb68060-3d,126.87,64390380.00,64390508.00,64454770,127,2.00,44719.28,44721.28,44764,2,0.00,0.00,0,0
1625602794.808960,tap616c957b-e2,64375872.00,371.63,64376244.00,372,64440247,44709.29,4.00,44713.29,4,44754,0.00,0.00,0,0
1625602794.809148,tap8681c578-97,64391580.00,64386064.00,128777640.00,64450446,64455967,44718.28,44716.28,89434.57,44761,44763,0.00,0.00,0,0
1625602794.809284,total,128767576.00,128776808.00,257544400.00,128905588,128896341,89429.57,89439.56,178869.14,89529,89519,0.00,0.00,0,0
1625602795.809579,tap5fb68060-3d,126.87,64384624.00,64384752.00,64449010,127,2.00,44715.29,44717.28,44760,2,0.00,0.00,0,0
1625602795.809872,tap616c957b-e2,64435988.00,372.00,64436360.00,372,64435987,44752.00,4.00,44756.00,4,44752,0.00,0.00,0,0
1625602795.810000,tap8681c578-97,64461728.00,64451888.00,128913616.00,64451886,64461727,44767.00,44762.00,89529.00,44762,44767,0.00,0.00,0,0
1625602795.810121,total,128897840.00,128901264.00,257799104.00,128901268,128897841,89521.00,89526.00,179047.00,89526,89521,0.00,0.00,0,0
1625602796.810400,tap5fb68060-3d,127.00,64420208.00,64420336.00,64420210,127,2.00,44740.00,44742.00,44740,2,0.00,0.00,0,0
1625602796.810653,tap616c957b-e2,64432928.00,372.00,64433300.00,372,64432927,44747.00,4.00,44751.00,4,44747,0.00,0.00,0,0
1625602796.810758,tap8681c578-97,64388288.00,64405704.00,128793992.00,64405704,64388287,44716.00,44729.00,89445.00,44729,44716,0.00,0.00,0,0
1625602796.810851,total,128821344.00,128826288.00,257647632.00,128826286,128821341,89465.00,89473.00,178938.00,89473,89465,0.00,0.00,0,0
1625602797.811125,tap5fb68060-3d,127.00,64431728.00,64431856.00,64431730,127,2.00,44748.00,44750.00,44748,2,0.00,0.00,0,0
1625602797.811380,tap616c957b-e2,64433048.00,372.00,64433420.00,372,64433047,44749.00,4.00,44753.00,4,44749,0.00,0.00,0,0
1625602797.811486,tap8681c578-97,64444448.00,64444584.00,128889032.00,64444584,64444447,44755.00,44756.00,89511.00,44756,44755,0.00,0.00,0,0
1625602797.811572,total,128877624.00,128876688.00,257754304.00,128876686,128877621,89506.00,89508.00,179014.00,89508,89506,0.00,0.00,0,0
1625602798.811852,tap5fb68060-3d,127.00,64441808.00,64441936.00,64441810,127,2.00,44755.00,44757.00,44755,2,0.00,0.00,0,0
1625602798.812153,tap616c957b-e2,64424408.00,372.00,64424780.00,372,64424407,44743.00,4.00,44747.00,4,44743,0.00,0.00,0,0
1625602798.812266,tap8681c578-97,64430048.00,64430288.00,128860336.00,64430286,64430047,44745.00,44747.00,89492.00,44747,44745,0.00,0.00,0,0
1625602798.812355,total,128854584.00,128872464.00,257727056.00,128872468,128854581,89490.00,89506.00,178996.00,89506,89490,0.00,0.00,0,0
1625602799.812629,tap5fb68060-3d,127.00,64443248.00,64443376.00,64443250,127,2.00,44756.00,44758.00,44756,2,0.00,0.00,0,0
1625602799.812909,tap616c957b-e2,64421468.00,372.00,64421840.00,372,64421467,44740.00,4.00,44744.00,4,44740,0.00,0.00,0,0
1625602799.813029,tap8681c578-97,64441568.00,64441808.00,128883376.00,64441806,64441567,44753.00,44755.00,89508.00,44755,44753,0.00,0.00,0,0
1625602799.813146,total,128863160.00,128885424.00,257748592.00,128885428,128863161,89495.00,89515.00,179010.00,89515,89495,0.00,0.00,0,0
1625602800.813434,tap5fb68060-3d,127.00,64414448.00,64414576.00,64414450,127,2.00,44736.00,44738.00,44736,2,0.00,0.00,0,0
1625602800.813703,tap616c957b-e2,64427168.00,372.00,64427540.00,372,64427167,44743.00,4.00,44747.00,4,44743,0.00,0.00,0,0
1625602800.813814,tap8681c578-97,64427168.00,64413008.00,128840176.00,64413006,64427167,44743.00,44735.00,89478.00,44735,44743,0.00,0.00,0,0
1625602800.813903,total,128854464.00,128827824.00,257682288.00,128827828,128854461,89488.00,89475.00,178963.00,89475,89488,0.00,0.00,0,0
1625602801.814191,tap5fb68060-3d,127.00,64415888.00,64416016.00,64415890,127,2.00,44737.00,44739.00,44737,2,0.00,0.00,0,0
1625602801.814459,tap616c957b-e2,64434428.00,372.00,64434800.00,372,64434427,44749.00,4.00,44753.00,4,44749,0.00,0.00,0,0
1625602801.814570,tap8681c578-97,64405568.00,64420208.00,128825776.00,64420206,64405567,44728.00,44740.00,89468.00,44740,44728,0.00,0.00,0,0
1625602801.814660,total,128840120.00,128836464.00,257676592.00,128836468,128840121,89479.00,89481.00,178960.00,89481,89479,0.00,0.00,0,0
1625602802.814958,tap5fb68060-3d,127.00,64433168.00,64433296.00,64433170,127,2.00,44749.00,44751.00,44749,2,0.00,0.00,0,0
1625602802.815253,tap616c957b-e2,64436048.00,372.00,64436420.00,372,64436047,44753.00,4.00,44757.00,4,44753,0.00,0.00,0,0
1625602802.815366,tap8681c578-97,64441568.00,64441808.00,128883376.00,64441806,64441567,44753.00,44755.00,89508.00,44755,44753,0.00,0.00,0,0
1625602802.815454,total,128877744.00,128875344.00,257753088.00,128875348,128877741,89508.00,89508.00,179016.00,89508,89508,0.00,0.00,0,0
1625602803.815752,tap5fb68060-3d,127.00,64441808.00,64441936.00,64441810,127,2.00,44755.00,44757.00,44755,2,0.00,0.00,0,0
1625602803.816045,tap616c957b-e2,64424348.00,372.00,64424720.00,372,64424347,44742.00,4.00,44746.00,4,44742,0.00,0.00,0,0
1625602803.816183,tap8681c578-97,64438688.00,64434608.00,128873296.00,64434606,64438687,44751.00,44750.00,89501.00,44750,44751,0.00,0.00,0,0
1625602803.816288,total,128863160.00,128876784.00,257739952.00,128876788,128863161,89495.00,89509.00,179004.00,89509,89495,0.00,0.00,0,0
1625602804.816583,tap5fb68060-3d,127.00,64444688.00,64444816.00,64444690,127,2.00,44757.00,44759.00,44757,2,0.00,0.00,0,0
1625602804.816878,tap616c957b-e2,64427228.00,372.00,64427600.00,372,64427227,44744.00,4.00,44748.00,4,44744,0.00,0.00,0,0
1625602804.817006,tap8681c578-97,64435808.00,64440368.00,128876176.00,64440366,64435807,44749.00,44754.00,89503.00,44754,44749,0.00,0.00,0,0
1625602804.817123,total,128863160.00,128885424.00,257748592.00,128885428,128863161,89495.00,89515.00,179010.00,89515,89495,0.00,0.00,0,0
1625602805.817425,tap5fb68060-3d,127.00,64425968.00,64426096.00,64425970,127,2.00,44744.00,44746.00,44744,2,0.00,0.00,0,0
1625602805.817712,tap616c957b-e2,64431608.00,372.00,64431980.00,372,64431607,44748.00,4.00,44752.00,4,44748,0.00,0.00,0,0
1625602805.817834,tap8681c578-97,64438688.00,64427408.00,128866096.00,64427406,64438687,44751.00,44745.00,89496.00,44745,44751,0.00,0.00,0,0
1625602805.817933,total,128870424.00,128853744.00,257724176.00,128853748,128870421,89501.00,89493.00,178994.00,89493,89501,0.00,0.00,0,0
1625602806.818254,tap5fb68060-3d,127.00,64414448.00,64414576.00,64414450,127,2.00,44736.00,44738.00,44736,2,0.00,0.00,0,0
1625602806.818531,tap616c957b-e2,64437248.00,372.00,64437620.00,372,64437247,44750.00,4.00,44754.00,4,44750,0.00,0.00,0,0
1625602806.818643,tap8681c578-97,64408448.00,64415888.00,128824336.00,64415886,64408447,44730.00,44737.00,89467.00,44737,44730,0.00,0.00,0,0
1625602806.818734,total,128845824.00,128830704.00,257676528.00,128830708,128845821,89482.00,89477.00,178959.00,89477,89482,0.00,0.00,0,0
1625602807.819029,tap5fb68060-3d,127.00,64427408.00,64427536.00,64427410,127,2.00,44745.00,44747.00,44745,2,0.00,0.00,0,0
1625602807.819314,tap616c957b-e2,64441568.00,372.00,64441940.00,372,64441567,44753.00,4.00,44757.00,4,44753,0.00,0.00,0,0
1625602807.819432,tap8681c578-97,64425728.00,64430288.00,128856016.00,64430286,64425727,44742.00,44747.00,89489.00,44747,44742,0.00,0.00,0,0
1625602807.819522,total,128867424.00,128858064.00,257725488.00,128858068,128867421,89497.00,89496.00,178993.00,89496,89497,0.00,0.00,0,0
1625602808.819852,tap5fb68060-3d,958.00,45381928.00,45382884.00,45381926,958,11.00,31533.00,31544.00,31533,11,0.00,0.00,0,0
1625602808.820144,tap616c957b-e2,45375396.00,990.00,45376388.00,990,45375397,31521.00,10.00,31531.00,10,31521,0.00,0.00,0,0
1625602808.820261,tap8681c578-97,45374528.00,45374768.00,90749296.00,45374766,45374527,31512.00,31514.00,63026.00,31514,31512,0.00,0.00,0,0
1625602808.820351,total,90750880.00,90757680.00,181508560.00,90757682,90750882,63044.00,63057.00,126101.00,63057,63044,0.00,0.00,0,0
1625602809.820653,tap5fb68060-3d,127.00,370.00,497.00,370,127,2.00,4.00,6.00,4,2,0.00,0.00,0,0
1625602809.820969,tap616c957b-e2,127.00,372.00,499.00,372,127,2.00,4.00,6.00,4,2,0.00,0.00,0,0
1625602809.821100,tap8681c578-97,127.00,366.00,493.00,366,127,2.00,4.00,6.00,4,2,0.00,0.00,0,0
1625602809.821241,total,381.00,1108.00,1489.00,1108,381,6.00,12.00,18.00,12,6,0.00,0.00,0,0
