0.1;0.1;0.1;0.1;0.1;0.104
0.1;0.1;0.1;0.1;0.101;0.105
0.1;0.1;0.1;0.1;0.101;0.106
0.1;0.1;0.1;0.1;0.102;0.107
0.1;0.1;0.1;0.1;0.102;0.111
0.1;0.1;0.101;0.1;0.102;0.113
0.1;0.1;0.101;0.101;0.104;0.113
0.1;0.1;0.101;0.101;0.104;0.118
0.1;0.1;0.101;0.101;0.104;0.119
0.1;0.1;0.101;0.101;0.104;0.12
0.1;0.1;0.101;0.101;0.105;0.121
0.1;0.1;0.101;0.101;0.105;0.122
0.1;0.1;0.101;0.101;0.105;0.122
0.1;0.1;0.101;0.102;0.105;0.123
0.1;0.1;0.101;0.102;0.106;0.124
0.1;0.1;0.101;0.102;0.106;0.125
0.1;0.1;0.101;0.102;0.106;0.126
0.1;0.1;0.101;0.102;0.106;0.126
0.1;0.1;0.101;0.102;0.107;0.127
0.1;0.101;0.101;0.102;0.107;0.127
0.1;0.101;0.101;0.102;0.107;0.127
0.1;0.101;0.101;0.103;0.107;0.128
0.1;0.101;0.101;0.103;0.108;0.13
0.1;0.101;0.101;0.103;0.108;0.13
0.1;0.101;0.101;0.103;0.108;0.131
0.1;0.101;0.101;0.103;0.108;0.131
0.1;0.101;0.101;0.103;0.108;0.131
0.101;0.101;0.101;0.103;0.108;0.131
0.101;0.101;0.102;0.103;0.108;0.132
0.101;0.101;0.102;0.104;0.109;0.132
0.101;0.101;0.102;0.104;0.109;0.132
0.101;0.101;0.102;0.104;0.109;0.132
0.101;0.101;0.102;0.104;0.109;0.132
0.101;0.101;0.102;0.104;0.109;0.133
0.101;0.101;0.102;0.104;0.109;0.133
0.101;0.101;0.102;0.104;0.109;0.133
0.101;0.101;0.102;0.104;0.109;0.133
0.101;0.101;0.102;0.104;0.109;0.134
0.101;0.101;0.102;0.105;0.109;0.134
0.101;0.101;0.102;0.105;0.109;0.134
0.101;0.101;0.102;0.105;0.109;0.134
0.101;0.101;0.102;0.105;0.11;0.134
0.101;0.101;0.102;0.105;0.11;0.134
0.101;0.101;0.102;0.105;0.11;0.134
0.101;0.101;0.102;0.105;0.11;0.134
0.101;0.101;0.102;0.105;0.11;0.134
0.101;0.101;0.103;0.105;0.11;0.135
0.101;0.101;0.103;0.105;0.11;0.135
0.101;0.101;0.103;0.105;0.11;0.135
0.101;0.101;0.103;0.105;0.11;0.135
0.101;0.101;0.103;0.106;0.11;0.135
0.101;0.101;0.103;0.106;0.11;0.135
0.101;0.101;0.103;0.106;0.11;0.135
0.101;0.101;0.103;0.106;0.11;0.135
0.101;0.101;0.103;0.106;0.111;0.135
0.101;0.101;0.103;0.106;0.111;0.136
0.101;0.101;0.103;0.106;0.111;0.136
0.101;0.101;0.103;0.106;0.111;0.136
0.101;0.101;0.103;0.106;0.111;0.136
0.101;0.101;0.103;0.106;0.111;0.136
0.102;0.101;0.103;0.106;0.111;0.136
0.102;0.101;0.103;0.106;0.111;0.136
0.102;0.101;0.103;0.106;0.111;0.137
0.102;0.101;0.103;0.106;0.111;0.137
0.102;0.101;0.104;0.106;0.111;0.137
0.102;0.101;0.104;0.106;0.111;0.137
0.102;0.101;0.104;0.106;0.112;0.137
0.102;0.101;0.104;0.106;0.112;0.137
0.102;0.101;0.104;0.107;0.112;0.137
0.102;0.101;0.104;0.107;0.112;0.137
0.102;0.101;0.104;0.107;0.112;0.138
0.102;0.101;0.104;0.107;0.112;0.138
0.102;0.102;0.104;0.107;0.112;0.138
0.102;0.102;0.104;0.107;0.112;0.138
0.102;0.102;0.104;0.107;0.112;0.138
0.102;0.102;0.104;0.107;0.112;0.138
0.102;0.102;0.104;0.107;0.112;0.138
0.102;0.102;0.104;0.107;0.112;0.139
0.102;0.102;0.104;0.107;0.112;0.139
0.102;0.102;0.104;0.107;0.112;0.139
0.102;0.102;0.104;0.107;0.112;0.139
0.102;0.102;0.104;0.107;0.113;0.139
0.102;0.102;0.104;0.107;0.113;0.139
0.102;0.102;0.104;0.108;0.113;0.139
0.102;0.102;0.104;0.108;0.113;0.139
0.102;0.102;0.104;0.108;0.113;0.139
0.102;0.102;0.105;0.108;0.113;0.139
0.102;0.102;0.105;0.108;0.113;0.139
0.102;0.102;0.105;0.108;0.113;0.139
0.102;0.102;0.105;0.108;0.113;0.139
0.102;0.102;0.105;0.108;0.113;0.139
0.103;0.102;0.105;0.108;0.113;0.139
0.103;0.102;0.105;0.108;0.113;0.139
0.103;0.102;0.105;0.108;0.113;0.139
0.103;0.102;0.105;0.108;0.113;0.139
0.103;0.102;0.105;0.108;0.114;0.14
0.103;0.102;0.105;0.108;0.114;0.14
0.103;0.102;0.105;0.108;0.114;0.14
0.103;0.102;0.105;0.108;0.114;0.14
0.103;0.102;0.105;0.108;0.114;0.14
0.103;0.102;0.105;0.108;0.114;0.141
0.103;0.102;0.105;0.108;0.114;0.141
0.103;0.102;0.105;0.108;0.114;0.141
0.103;0.102;0.105;0.108;0.114;0.141
0.103;0.102;0.105;0.108;0.114;0.141
0.103;0.102;0.105;0.109;0.114;0.141
0.103;0.102;0.105;0.109;0.114;0.141
0.103;0.102;0.105;0.109;0.114;0.141
0.103;0.102;0.105;0.109;0.114;0.141
0.103;0.102;0.105;0.109;0.114;0.141
0.103;0.102;0.105;0.109;0.114;0.141
0.103;0.102;0.105;0.109;0.114;0.141
0.103;0.102;0.105;0.109;0.114;0.141
0.103;0.102;0.105;0.109;0.114;0.141
0.103;0.102;0.105;0.109;0.115;0.142
0.103;0.102;0.106;0.109;0.115;0.142
0.103;0.102;0.106;0.109;0.115;0.142
0.103;0.102;0.106;0.109;0.115;0.142
0.103;0.102;0.106;0.109;0.115;0.142
0.104;0.102;0.106;0.109;0.115;0.142
0.104;0.102;0.106;0.109;0.115;0.142
0.104;0.102;0.106;0.109;0.115;0.142
0.104;0.102;0.106;0.109;0.115;0.142
0.104;0.102;0.106;0.109;0.115;0.142
0.104;0.103;0.106;0.109;0.115;0.142
0.104;0.103;0.106;0.109;0.115;0.142
0.104;0.103;0.106;0.11;0.115;0.142
0.104;0.103;0.106;0.11;0.115;0.142
0.104;0.103;0.106;0.11;0.115;0.142
0.104;0.103;0.106;0.11;0.115;0.142
0.104;0.103;0.106;0.11;0.115;0.142
0.104;0.103;0.106;0.11;0.116;0.142
0.104;0.103;0.106;0.11;0.116;0.143
0.104;0.103;0.106;0.11;0.116;0.143
0.104;0.103;0.106;0.11;0.116;0.143
0.104;0.103;0.106;0.11;0.116;0.143
0.104;0.103;0.106;0.11;0.116;0.143
0.104;0.103;0.106;0.11;0.116;0.143
0.104;0.103;0.106;0.11;0.116;0.143
0.104;0.103;0.106;0.11;0.116;0.143
0.104;0.103;0.106;0.11;0.116;0.143
0.104;0.103;0.107;0.11;0.116;0.143
0.104;0.103;0.107;0.11;0.116;0.143
0.105;0.103;0.107;0.111;0.116;0.143
0.105;0.103;0.107;0.111;0.116;0.143
0.105;0.103;0.107;0.111;0.116;0.143
0.105;0.103;0.107;0.111;0.116;0.143
0.105;0.103;0.107;0.111;0.116;0.143
0.105;0.103;0.107;0.111;0.116;0.144
0.105;0.103;0.107;0.111;0.116;0.144
0.105;0.103;0.107;0.111;0.116;0.144
0.105;0.103;0.107;0.111;0.117;0.144
0.105;0.103;0.107;0.111;0.117;0.144
0.105;0.103;0.107;0.111;0.117;0.144
0.105;0.103;0.107;0.111;0.117;0.144
0.105;0.103;0.107;0.111;0.117;0.144
0.105;0.103;0.107;0.111;0.117;0.144
0.105;0.103;0.107;0.111;0.117;0.144
0.105;0.103;0.107;0.111;0.117;0.144
0.105;0.103;0.107;0.111;0.117;0.144
0.105;0.103;0.107;0.111;0.117;0.144
0.105;0.103;0.107;0.111;0.117;0.144
0.105;0.103;0.107;0.111;0.117;0.144
0.105;0.103;0.107;0.111;0.117;0.144
0.105;0.103;0.107;0.111;0.117;0.144
0.105;0.103;0.107;0.111;0.117;0.144
0.105;0.103;0.107;0.111;0.117;0.144
0.105;0.103;0.107;0.112;0.117;0.144
0.105;0.103;0.107;0.112;0.117;0.144
0.106;0.103;0.107;0.112;0.117;0.144
0.106;0.103;0.107;0.112;0.117;0.144
0.106;0.103;0.107;0.112;0.117;0.145
0.106;0.103;0.107;0.112;0.117;0.145
0.106;0.103;0.107;0.112;0.117;0.145
0.106;0.103;0.107;0.112;0.117;0.145
0.106;0.103;0.107;0.112;0.118;0.145
0.106;0.103;0.107;0.112;0.118;0.145
0.106;0.103;0.107;0.112;0.118;0.145
0.106;0.103;0.108;0.112;0.118;0.145
0.106;0.103;0.108;0.112;0.118;0.145
0.106;0.103;0.108;0.112;0.118;0.145
0.106;0.103;0.108;0.112;0.118;0.145
0.106;0.104;0.108;0.112;0.118;0.145
0.106;0.104;0.108;0.112;0.118;0.145
0.106;0.104;0.108;0.112;0.118;0.146
0.106;0.104;0.108;0.112;0.118;0.146
0.106;0.104;0.108;0.112;0.118;0.146
0.107;0.104;0.108;0.112;0.118;0.146
0.107;0.104;0.108;0.112;0.118;0.146
0.107;0.104;0.108;0.112;0.118;0.146
0.107;0.104;0.108;0.113;0.118;0.146
0.107;0.104;0.108;0.113;0.118;0.146
0.107;0.104;0.108;0.113;0.118;0.146
0.107;0.104;0.108;0.113;0.118;0.146
0.107;0.104;0.108;0.113;0.118;0.146
0.107;0.104;0.108;0.113;0.118;0.146
0.107;0.104;0.108;0.113;0.118;0.146
0.107;0.104;0.108;0.113;0.118;0.146
0.107;0.104;0.108;0.113;0.118;0.146
0.107;0.104;0.108;0.113;0.118;0.146
0.107;0.104;0.108;0.113;0.118;0.146
0.107;0.104;0.108;0.113;0.118;0.146
0.107;0.104;0.108;0.113;0.118;0.146
0.108;0.104;0.108;0.113;0.118;0.146
0.108;0.104;0.108;0.113;0.118;0.146
0.108;0.104;0.108;0.113;0.118;0.146
0.108;0.104;0.108;0.113;0.118;0.147
0.108;0.104;0.108;0.113;0.118;0.147
0.108;0.104;0.108;0.113;0.118;0.147
0.108;0.104;0.108;0.113;0.118;0.147
0.108;0.104;0.108;0.113;0.119;0.147
0.108;0.104;0.108;0.113;0.119;0.147
0.108;0.104;0.109;0.113;0.119;0.147
0.108;0.104;0.109;0.113;0.119;0.147
0.108;0.104;0.109;0.113;0.119;0.147
0.108;0.104;0.109;0.113;0.119;0.147
0.108;0.104;0.109;0.113;0.119;0.147
0.108;0.104;0.109;0.113;0.119;0.147
0.108;0.104;0.109;0.113;0.119;0.147
0.109;0.104;0.109;0.113;0.119;0.147
0.109;0.104;0.109;0.113;0.119;0.147
0.109;0.104;0.109;0.113;0.119;0.147
0.109;0.104;0.109;0.113;0.119;0.147
0.109;0.104;0.109;0.114;0.119;0.147
0.109;0.104;0.109;0.114;0.119;0.147
0.109;0.104;0.109;0.114;0.119;0.147
0.109;0.104;0.109;0.114;0.119;0.148
0.109;0.104;0.109;0.114;0.119;0.148
0.109;0.104;0.109;0.114;0.119;0.148
0.109;0.104;0.109;0.114;0.119;0.148
0.109;0.104;0.109;0.114;0.119;0.148
0.109;0.104;0.109;0.114;0.119;0.148
0.109;0.104;0.109;0.114;0.119;0.148
0.109;0.104;0.109;0.114;0.119;0.148
0.109;0.104;0.109;0.114;0.119;0.148
0.109;0.104;0.109;0.114;0.12;0.148
0.109;0.104;0.109;0.114;0.12;0.148
0.109;0.104;0.109;0.114;0.12;0.148
0.11;0.104;0.109;0.114;0.12;0.148
0.11;0.105;0.109;0.114;0.12;0.148
0.11;0.105;0.109;0.114;0.12;0.148
0.11;0.105;0.11;0.114;0.12;0.148
0.11;0.105;0.11;0.114;0.12;0.148
0.11;0.105;0.11;0.114;0.12;0.148
0.11;0.105;0.11;0.114;0.12;0.149
0.11;0.105;0.11;0.114;0.12;0.149
0.11;0.105;0.11;0.114;0.12;0.149
0.11;0.105;0.11;0.114;0.12;0.149
0.11;0.105;0.11;0.114;0.12;0.149
0.11;0.105;0.11;0.114;0.12;0.149
0.11;0.105;0.11;0.115;0.12;0.149
0.11;0.105;0.11;0.115;0.12;0.149
0.11;0.105;0.11;0.115;0.12;0.149
0.11;0.105;0.11;0.115;0.12;0.149
0.11;0.105;0.11;0.115;0.12;0.149
0.11;0.105;0.11;0.115;0.12;0.149
0.11;0.105;0.11;0.115;0.12;0.149
0.11;0.105;0.11;0.115;0.12;0.149
0.111;0.105;0.11;0.115;0.12;0.149
0.111;0.105;0.11;0.115;0.12;0.149
0.111;0.105;0.11;0.115;0.12;0.149
0.111;0.105;0.11;0.115;0.12;0.149
0.111;0.105;0.11;0.115;0.12;0.149
0.111;0.105;0.11;0.115;0.12;0.149
0.111;0.105;0.11;0.115;0.12;0.149
0.111;0.105;0.11;0.115;0.121;0.149
0.111;0.105;0.11;0.115;0.121;0.149
0.111;0.105;0.11;0.115;0.121;0.15
0.111;0.105;0.11;0.115;0.121;0.15
0.111;0.105;0.11;0.115;0.121;0.15
0.111;0.105;0.111;0.115;0.121;0.15
0.111;0.105;0.111;0.115;0.121;0.15
0.111;0.105;0.111;0.115;0.121;0.15
0.111;0.105;0.111;0.115;0.121;0.15
0.111;0.105;0.111;0.115;0.121;0.15
0.112;0.105;0.111;0.115;0.121;0.15
0.112;0.105;0.111;0.115;0.121;0.15
0.112;0.105;0.111;0.115;0.121;0.15
0.112;0.105;0.111;0.115;0.121;0.15
0.112;0.105;0.111;0.115;0.121;0.15
0.112;0.105;0.111;0.115;0.121;0.15
0.112;0.105;0.111;0.116;0.121;0.15
0.112;0.105;0.111;0.116;0.121;0.15
0.112;0.105;0.111;0.116;0.121;0.15
0.112;0.105;0.111;0.116;0.121;0.15
0.112;0.105;0.111;0.116;0.121;0.15
0.112;0.105;0.111;0.116;0.121;0.15
0.112;0.105;0.111;0.116;0.121;0.15
0.113;0.105;0.111;0.116;0.121;0.15
0.113;0.105;0.111;0.116;0.121;0.15
0.113;0.105;0.111;0.116;0.122;0.151
0.113;0.105;0.111;0.116;0.122;0.151
0.113;0.105;0.111;0.116;0.122;0.151
0.113;0.105;0.111;0.116;0.122;0.151
0.113;0.105;0.111;0.116;0.122;0.151
0.113;0.105;0.111;0.116;0.122;0.151
0.113;0.105;0.111;0.116;0.122;0.151
0.113;0.105;0.111;0.116;0.122;0.151
0.114;0.105;0.111;0.116;0.122;0.151
0.114;0.105;0.111;0.116;0.122;0.151
0.114;0.105;0.111;0.116;0.122;0.151
0.114;0.106;0.111;0.116;0.122;0.151
0.114;0.106;0.111;0.116;0.122;0.151
0.114;0.106;0.111;0.116;0.122;0.151
0.114;0.106;0.111;0.116;0.122;0.151
0.114;0.106;0.112;0.116;0.122;0.151
0.114;0.106;0.112;0.116;0.122;0.151
0.115;0.106;0.112;0.116;0.122;0.151
0.115;0.106;0.112;0.116;0.122;0.151
0.115;0.106;0.112;0.116;0.122;0.151
0.115;0.106;0.112;0.116;0.122;0.152
0.115;0.106;0.112;0.116;0.122;0.152
0.115;0.106;0.112;0.116;0.122;0.152
0.115;0.106;0.112;0.116;0.122;0.152
0.116;0.106;0.112;0.116;0.122;0.152
0.116;0.106;0.112;0.116;0.122;0.152
0.116;0.106;0.112;0.116;0.122;0.152
0.116;0.106;0.112;0.116;0.122;0.152
0.116;0.106;0.112;0.116;0.122;0.152
0.116;0.106;0.112;0.116;0.122;0.152
0.116;0.106;0.112;0.117;0.122;0.152
0.116;0.106;0.112;0.117;0.122;0.152
0.116;0.106;0.112;0.117;0.122;0.152
0.116;0.106;0.112;0.117;0.122;0.152
0.117;0.106;0.112;0.117;0.122;0.152
0.117;0.106;0.112;0.117;0.122;0.152
0.117;0.106;0.112;0.117;0.122;0.152
0.117;0.106;0.112;0.117;0.122;0.153
0.117;0.106;0.112;0.117;0.122;0.153
0.117;0.106;0.112;0.117;0.122;0.153
0.117;0.106;0.113;0.117;0.122;0.153
0.117;0.106;0.113;0.117;0.122;0.153
0.117;0.106;0.113;0.117;0.122;0.153
0.117;0.106;0.113;0.117;0.122;0.153
0.118;0.106;0.113;0.117;0.122;0.153
0.118;0.106;0.113;0.117;0.123;0.153
0.118;0.106;0.113;0.117;0.123;0.153
0.118;0.106;0.113;0.117;0.123;0.153
0.118;0.106;0.113;0.117;0.123;0.153
0.118;0.106;0.113;0.117;0.123;0.153
0.118;0.106;0.113;0.117;0.123;0.153
0.118;0.106;0.113;0.117;0.123;0.153
0.118;0.106;0.113;0.117;0.123;0.153
0.119;0.106;0.113;0.117;0.123;0.153
0.119;0.106;0.113;0.117;0.123;0.153
0.119;0.106;0.113;0.117;0.123;0.153
0.119;0.106;0.113;0.117;0.123;0.153
0.119;0.106;0.113;0.117;0.123;0.153
0.12;0.106;0.113;0.117;0.123;0.153
0.12;0.106;0.113;0.117;0.123;0.153
0.12;0.106;0.113;0.117;0.123;0.153
0.121;0.106;0.113;0.117;0.123;0.153
0.121;0.106;0.113;0.117;0.123;0.153
0.121;0.106;0.113;0.117;0.123;0.153
0.121;0.106;0.113;0.117;0.123;0.153
0.122;0.106;0.113;0.117;0.123;0.153
0.123;0.106;0.113;0.117;0.123;0.153
0.123;0.106;0.113;0.117;0.123;0.153
0.123;0.106;0.113;0.117;0.123;0.153
0.123;0.107;0.113;0.117;0.123;0.153
0.124;0.107;0.113;0.117;0.123;0.153
0.124;0.107;0.113;0.117;0.123;0.153
0.124;0.107;0.113;0.117;0.123;0.153
0.125;0.107;0.113;0.117;0.123;0.153
0.126;0.107;0.113;0.117;0.123;0.153
0.127;0.107;0.114;0.118;0.123;0.154
0.127;0.107;0.114;0.118;0.123;0.154
0.128;0.107;0.114;0.118;0.124;0.154
0.128;0.107;0.114;0.118;0.124;0.154
0.129;0.107;0.114;0.118;0.124;0.154
0.129;0.107;0.114;0.118;0.124;0.154
0.13;0.107;0.114;0.118;0.124;0.154
0.13;0.107;0.114;0.118;0.124;0.154
0.131;0.107;0.114;0.118;0.124;0.154
0.132;0.107;0.114;0.118;0.124;0.154
0.132;0.107;0.114;0.118;0.124;0.154
0.136;0.107;0.114;0.118;0.124;0.154
0.143;0.107;0.114;0.118;0.124;0.154
0.147;0.107;0.114;0.118;0.124;0.154
0.152;0.107;0.114;0.118;0.124;0.154
0.154;0.107;0.114;0.118;0.124;0.154
0.372;0.107;0.114;0.118;0.124;0.154
0.373;0.107;0.114;0.118;0.124;0.154
0.427;0.107;0.114;0.118;0.124;0.154
0.47;0.107;0.114;0.118;0.124;0.154
0.479;0.107;0.114;0.118;0.124;0.154
0.482;0.107;0.114;0.118;0.124;0.154
0.506;0.107;0.114;0.118;0.124;0.154
0.512;0.107;0.114;0.118;0.124;0.154
0.512;0.107;0.114;0.118;0.124;0.154
0.514;0.107;0.114;0.118;0.124;0.154
0.514;0.107;0.114;0.118;0.124;0.154
0.522;0.107;0.114;0.118;0.124;0.154
0.522;0.107;0.114;0.118;0.124;0.154
0.532;0.107;0.114;0.119;0.124;0.154
0.532;0.107;0.114;0.119;0.124;0.154
0.538;0.107;0.114;0.119;0.124;0.154
0.542;0.107;0.114;0.119;0.124;0.155
0.544;0.107;0.114;0.119;0.124;0.155
0.547;0.107;0.114;0.119;0.124;0.155
0.55;0.107;0.114;0.119;0.124;0.155
0.554;0.107;0.114;0.119;0.124;0.155
0.554;0.107;0.115;0.119;0.124;0.155
0.555;0.107;0.115;0.119;0.124;0.155
0.557;0.107;0.115;0.119;0.124;0.155
0.561;0.107;0.115;0.119;0.125;0.155
0.561;0.107;0.115;0.119;0.125;0.155
0.564;0.107;0.115;0.119;0.125;0.155
0.565;0.107;0.115;0.119;0.125;0.155
0.567;0.107;0.115;0.119;0.125;0.155
0.569;0.107;0.115;0.119;0.125;0.155
0.57;0.107;0.115;0.119;0.125;0.155
0.574;0.107;0.115;0.119;0.125;0.155
0.577;0.107;0.115;0.119;0.125;0.155
0.58;0.107;0.115;0.119;0.125;0.155
0.58;0.107;0.115;0.119;0.125;0.155
0.584;0.107;0.115;0.119;0.125;0.155
0.584;0.107;0.115;0.119;0.125;0.155
0.586;0.107;0.115;0.119;0.125;0.155
0.586;0.107;0.115;0.119;0.125;0.155
0.587;0.107;0.115;0.119;0.125;0.155
0.588;0.107;0.115;0.119;0.125;0.155
0.588;0.107;0.115;0.119;0.125;0.155
0.59;0.107;0.115;0.119;0.125;0.155
0.591;0.107;0.115;0.119;0.125;0.155
0.594;0.108;0.115;0.119;0.125;0.155
0.597;0.108;0.115;0.119;0.125;0.155
0.599;0.108;0.115;0.119;0.125;0.155
0.601;0.108;0.115;0.119;0.125;0.155
0.601;0.108;0.115;0.119;0.125;0.155
0.602;0.108;0.115;0.119;0.125;0.155
0.603;0.108;0.115;0.119;0.125;0.156
0.603;0.108;0.115;0.119;0.125;0.156
0.603;0.108;0.115;0.119;0.125;0.156
0.604;0.108;0.115;0.119;0.125;0.156
0.604;0.108;0.115;0.119;0.125;0.156
0.604;0.108;0.115;0.119;0.125;0.156
0.605;0.108;0.115;0.119;0.125;0.156
0.606;0.108;0.115;0.119;0.125;0.156
0.609;0.108;0.115;0.12;0.125;0.156
0.609;0.108;0.115;0.12;0.125;0.156
0.609;0.108;0.115;0.12;0.125;0.156
0.611;0.108;0.115;0.12;0.125;0.156
0.611;0.108;0.115;0.12;0.125;0.156
0.612;0.108;0.115;0.12;0.125;0.156
0.613;0.108;0.115;0.12;0.125;0.156
0.614;0.108;0.115;0.12;0.126;0.156
0.617;0.108;0.115;0.12;0.126;0.156
0.619;0.108;0.115;0.12;0.126;0.156
0.619;0.108;0.115;0.12;0.126;0.156
0.62;0.108;0.115;0.12;0.126;0.156
0.62;0.108;0.116;0.12;0.126;0.156
0.623;0.108;0.116;0.12;0.126;0.156
0.624;0.108;0.116;0.12;0.126;0.156
0.625;0.108;0.116;0.12;0.126;0.156
0.625;0.108;0.116;0.12;0.126;0.156
0.626;0.108;0.116;0.12;0.126;0.156
0.626;0.108;0.116;0.12;0.126;0.156
0.626;0.108;0.116;0.12;0.126;0.156
0.626;0.108;0.116;0.12;0.126;0.156
0.627;0.108;0.116;0.12;0.126;0.156
0.627;0.108;0.116;0.12;0.126;0.156
0.628;0.108;0.116;0.12;0.126;0.156
0.629;0.108;0.116;0.12;0.126;0.156
0.629;0.108;0.116;0.12;0.126;0.157
0.63;0.108;0.116;0.12;0.126;0.157
0.63;0.108;0.116;0.12;0.126;0.157
0.63;0.108;0.116;0.12;0.126;0.157
0.631;0.108;0.116;0.12;0.126;0.157
0.633;0.108;0.116;0.12;0.126;0.157
0.633;0.108;0.116;0.12;0.126;0.157
0.633;0.108;0.116;0.12;0.126;0.157
0.633;0.108;0.116;0.12;0.126;0.157
0.634;0.108;0.116;0.12;0.126;0.157
0.636;0.108;0.116;0.12;0.126;0.157
0.636;0.109;0.116;0.12;0.126;0.157
0.636;0.109;0.116;0.12;0.126;0.157
0.637;0.109;0.116;0.121;0.126;0.157
0.637;0.109;0.116;0.121;0.126;0.157
0.638;0.109;0.116;0.121;0.126;0.157
0.638;0.109;0.116;0.121;0.126;0.157
0.639;0.109;0.116;0.121;0.127;0.157
0.639;0.109;0.116;0.121;0.127;0.157
0.64;0.109;0.116;0.121;0.127;0.157
0.641;0.109;0.116;0.121;0.127;0.157
0.641;0.109;0.116;0.121;0.127;0.157
0.641;0.109;0.116;0.121;0.127;0.157
0.642;0.109;0.116;0.121;0.127;0.157
0.642;0.109;0.116;0.121;0.127;0.157
0.642;0.109;0.116;0.121;0.127;0.157
0.645;0.109;0.116;0.121;0.127;0.157
0.646;0.109;0.116;0.121;0.127;0.157
0.646;0.109;0.116;0.121;0.127;0.157
0.648;0.109;0.116;0.121;0.127;0.158
0.648;0.109;0.116;0.121;0.127;0.158
0.648;0.109;0.116;0.121;0.127;0.158
0.648;0.109;0.116;0.121;0.127;0.158
0.65;0.109;0.116;0.121;0.127;0.158
0.65;0.109;0.116;0.121;0.127;0.158
0.65;0.109;0.117;0.121;0.127;0.158
0.651;0.109;0.117;0.121;0.127;0.158
0.652;0.109;0.117;0.121;0.127;0.158
0.653;0.109;0.117;0.121;0.127;0.158
0.653;0.109;0.117;0.121;0.127;0.158
0.653;0.109;0.117;0.121;0.127;0.158
0.653;0.109;0.117;0.121;0.127;0.158
0.654;0.109;0.117;0.121;0.127;0.158
0.654;0.109;0.117;0.121;0.127;0.158
0.654;0.109;0.117;0.121;0.127;0.158
0.654;0.109;0.117;0.121;0.127;0.158
0.655;0.109;0.117;0.121;0.127;0.158
0.655;0.109;0.117;0.121;0.127;0.158
0.655;0.109;0.117;0.121;0.127;0.158
0.655;0.109;0.117;0.121;0.127;0.158
0.655;0.109;0.117;0.121;0.127;0.158
0.656;0.109;0.117;0.121;0.127;0.158
0.656;0.109;0.117;0.121;0.127;0.158
0.657;0.109;0.117;0.121;0.127;0.158
0.658;0.109;0.117;0.121;0.127;0.158
0.658;0.109;0.117;0.121;0.127;0.158
0.658;0.109;0.117;0.121;0.127;0.158
0.659;0.109;0.117;0.121;0.127;0.158
0.659;0.109;0.117;0.121;0.128;0.158
0.659;0.109;0.117;0.122;0.128;0.158
0.66;0.109;0.117;0.122;0.128;0.158
0.66;0.11;0.117;0.122;0.128;0.158
0.661;0.11;0.117;0.122;0.128;0.158
0.661;0.11;0.117;0.122;0.128;0.158
0.662;0.11;0.117;0.122;0.128;0.158
0.664;0.11;0.117;0.122;0.128;0.158
0.665;0.11;0.117;0.122;0.128;0.159
0.665;0.11;0.117;0.122;0.128;0.159
0.666;0.11;0.117;0.122;0.128;0.159
0.667;0.11;0.117;0.122;0.128;0.159
0.667;0.11;0.117;0.122;0.128;0.159
0.667;0.11;0.117;0.122;0.128;0.159
0.668;0.11;0.117;0.122;0.128;0.159
0.669;0.11;0.117;0.122;0.128;0.159
0.669;0.11;0.117;0.122;0.128;0.159
0.67;0.11;0.117;0.122;0.128;0.159
0.671;0.11;0.117;0.122;0.128;0.159
0.671;0.11;0.117;0.122;0.128;0.159
0.672;0.11;0.117;0.122;0.128;0.159
0.672;0.11;0.117;0.122;0.128;0.159
0.672;0.11;0.117;0.122;0.128;0.159
0.672;0.11;0.118;0.122;0.128;0.159
0.673;0.11;0.118;0.122;0.128;0.159
0.673;0.11;0.118;0.122;0.128;0.159
0.673;0.11;0.118;0.122;0.128;0.159
0.674;0.11;0.118;0.122;0.128;0.159
0.675;0.11;0.118;0.122;0.128;0.159
0.675;0.11;0.118;0.122;0.129;0.159
0.676;0.11;0.118;0.122;0.129;0.159
0.676;0.11;0.118;0.122;0.129;0.159
0.676;0.11;0.118;0.122;0.129;0.159
0.677;0.11;0.118;0.122;0.129;0.159
0.677;0.11;0.118;0.122;0.129;0.159
0.678;0.11;0.118;0.122;0.129;0.159
0.678;0.11;0.118;0.122;0.129;0.159
0.679;0.11;0.118;0.122;0.129;0.159
0.679;0.11;0.118;0.122;0.129;0.159
0.679;0.11;0.118;0.122;0.129;0.159
0.679;0.11;0.118;0.122;0.129;0.159
0.68;0.11;0.118;0.122;0.129;0.159
0.68;0.11;0.118;0.122;0.129;0.159
0.681;0.11;0.118;0.123;0.129;0.159
0.681;0.11;0.118;0.123;0.129;0.159
0.681;0.11;0.118;0.123;0.129;0.159
0.682;0.11;0.118;0.123;0.129;0.159
0.682;0.11;0.118;0.123;0.129;0.16
0.684;0.11;0.118;0.123;0.129;0.16
0.685;0.11;0.118;0.123;0.129;0.16
0.685;0.11;0.118;0.123;0.129;0.16
0.685;0.11;0.118;0.123;0.129;0.16
0.685;0.11;0.118;0.123;0.129;0.16
0.685;0.111;0.118;0.123;0.129;0.16
0.686;0.111;0.118;0.123;0.129;0.16
0.686;0.111;0.118;0.123;0.129;0.16
0.686;0.111;0.118;0.123;0.129;0.16
0.686;0.111;0.118;0.123;0.129;0.16
0.686;0.111;0.118;0.123;0.129;0.16
0.687;0.111;0.118;0.123;0.129;0.16
0.687;0.111;0.118;0.123;0.129;0.16
0.687;0.111;0.118;0.123;0.129;0.16
0.687;0.111;0.118;0.123;0.129;0.16
0.688;0.111;0.118;0.123;0.129;0.16
0.688;0.111;0.118;0.123;0.129;0.16
0.688;0.111;0.118;0.123;0.129;0.16
0.689;0.111;0.118;0.123;0.129;0.16
0.689;0.111;0.119;0.123;0.129;0.16
0.689;0.111;0.119;0.123;0.129;0.16
0.689;0.111;0.119;0.123;0.129;0.16
0.689;0.111;0.119;0.123;0.129;0.16
0.69;0.111;0.119;0.123;0.129;0.16
0.69;0.111;0.119;0.123;0.129;0.16
0.69;0.111;0.119;0.123;0.129;0.16
0.69;0.111;0.119;0.123;0.129;0.16
0.691;0.111;0.119;0.123;0.129;0.16
0.691;0.111;0.119;0.123;0.129;0.16
0.691;0.111;0.119;0.123;0.129;0.161
0.692;0.111;0.119;0.123;0.129;0.161
0.692;0.111;0.119;0.123;0.129;0.161
0.693;0.111;0.119;0.123;0.129;0.161
0.693;0.111;0.119;0.123;0.129;0.161
0.693;0.111;0.119;0.123;0.129;0.161
0.694;0.111;0.119;0.123;0.129;0.161
0.694;0.111;0.119;0.123;0.129;0.161
0.694;0.111;0.119;0.123;0.129;0.161
0.694;0.111;0.119;0.123;0.13;0.161
0.695;0.111;0.119;0.123;0.13;0.161
0.695;0.111;0.119;0.123;0.13;0.161
0.696;0.111;0.119;0.123;0.13;0.161
0.696;0.111;0.119;0.123;0.13;0.161
0.696;0.111;0.119;0.123;0.13;0.161
0.697;0.111;0.119;0.123;0.13;0.161
0.697;0.111;0.119;0.123;0.13;0.161
0.697;0.111;0.119;0.123;0.13;0.161
0.699;0.111;0.119;0.123;0.13;0.161
0.701;0.111;0.119;0.124;0.13;0.161
0.701;0.111;0.119;0.124;0.13;0.161
0.701;0.111;0.12;0.124;0.13;0.161
0.701;0.111;0.12;0.124;0.13;0.161
0.702;0.111;0.12;0.124;0.13;0.161
0.702;0.111;0.12;0.124;0.13;0.161
0.702;0.111;0.12;0.124;0.13;0.161
0.703;0.111;0.12;0.124;0.13;0.161
0.703;0.111;0.12;0.124;0.13;0.161
0.703;0.111;0.12;0.124;0.13;0.161
0.703;0.111;0.12;0.124;0.13;0.161
0.704;0.112;0.12;0.124;0.13;0.161
0.705;0.112;0.12;0.124;0.13;0.161
0.705;0.112;0.12;0.124;0.13;0.161
0.705;0.112;0.12;0.124;0.13;0.161
0.706;0.112;0.12;0.124;0.13;0.161
0.706;0.112;0.12;0.124;0.13;0.161
0.706;0.112;0.12;0.124;0.13;0.161
0.706;0.112;0.12;0.124;0.13;0.161
0.706;0.112;0.12;0.124;0.13;0.161
0.706;0.112;0.12;0.124;0.13;0.161
0.706;0.112;0.12;0.124;0.13;0.161
0.707;0.112;0.12;0.124;0.13;0.161
0.709;0.112;0.12;0.124;0.13;0.161
0.709;0.112;0.12;0.124;0.13;0.162
0.71;0.112;0.12;0.124;0.13;0.162
0.71;0.112;0.12;0.124;0.13;0.162
0.711;0.112;0.12;0.124;0.13;0.162
0.711;0.112;0.12;0.124;0.13;0.162
0.711;0.112;0.12;0.124;0.13;0.162
0.711;0.112;0.12;0.124;0.13;0.162
0.712;0.112;0.12;0.124;0.13;0.162
0.712;0.112;0.12;0.124;0.13;0.162
0.712;0.112;0.12;0.124;0.13;0.162
0.714;0.112;0.12;0.124;0.13;0.162
0.714;0.112;0.12;0.124;0.13;0.162
0.714;0.112;0.12;0.124;0.13;0.162
0.714;0.112;0.12;0.124;0.13;0.162
0.714;0.112;0.12;0.124;0.13;0.162
0.714;0.112;0.12;0.124;0.13;0.162
0.715;0.112;0.12;0.124;0.13;0.162
0.715;0.112;0.12;0.124;0.13;0.162
0.715;0.112;0.12;0.124;0.13;0.162
0.715;0.112;0.12;0.124;0.13;0.162
0.715;0.112;0.12;0.124;0.13;0.162
0.716;0.112;0.12;0.124;0.13;0.162
0.716;0.112;0.12;0.124;0.131;0.162
0.716;0.112;0.12;0.124;0.131;0.162
0.716;0.112;0.12;0.124;0.131;0.162
0.716;0.112;0.12;0.124;0.131;0.162
0.717;0.112;0.12;0.124;0.131;0.162
0.718;0.112;0.12;0.124;0.131;0.162
0.718;0.112;0.12;0.124;0.131;0.162
0.718;0.112;0.12;0.125;0.131;0.162
0.718;0.112;0.12;0.125;0.131;0.162
0.718;0.112;0.12;0.125;0.131;0.162
0.719;0.112;0.121;0.125;0.131;0.162
0.719;0.112;0.121;0.125;0.131;0.162
0.719;0.112;0.121;0.125;0.131;0.162
0.72;0.112;0.121;0.125;0.131;0.163
0.72;0.112;0.121;0.125;0.131;0.163
0.721;0.112;0.121;0.125;0.131;0.163
0.721;0.113;0.121;0.125;0.131;0.163
0.721;0.113;0.121;0.125;0.131;0.163
0.721;0.113;0.121;0.125;0.131;0.163
0.722;0.113;0.121;0.125;0.131;0.163
0.722;0.113;0.121;0.125;0.131;0.163
0.723;0.113;0.121;0.125;0.131;0.163
0.723;0.113;0.121;0.125;0.131;0.163
0.723;0.113;0.121;0.125;0.131;0.163
0.724;0.113;0.121;0.125;0.131;0.163
0.724;0.113;0.121;0.125;0.131;0.163
0.724;0.113;0.121;0.125;0.131;0.163
0.724;0.113;0.121;0.125;0.131;0.163
0.725;0.113;0.121;0.125;0.131;0.163
0.725;0.113;0.121;0.125;0.131;0.163
0.726;0.113;0.121;0.125;0.131;0.163
0.726;0.113;0.121;0.125;0.131;0.163
0.726;0.113;0.121;0.125;0.131;0.163
0.726;0.113;0.121;0.125;0.131;0.163
0.726;0.113;0.121;0.125;0.131;0.163
0.726;0.113;0.121;0.125;0.131;0.163
0.726;0.113;0.121;0.125;0.131;0.163
0.726;0.113;0.121;0.125;0.131;0.163
0.726;0.113;0.121;0.125;0.131;0.163
0.727;0.113;0.121;0.125;0.131;0.163
0.727;0.113;0.122;0.125;0.132;0.163
0.728;0.113;0.122;0.125;0.132;0.163
0.729;0.113;0.122;0.125;0.132;0.163
0.729;0.113;0.122;0.125;0.132;0.163
0.729;0.113;0.122;0.125;0.132;0.163
0.73;0.113;0.122;0.125;0.132;0.163
0.73;0.113;0.122;0.125;0.132;0.163
0.73;0.113;0.122;0.125;0.132;0.163
0.731;0.113;0.122;0.125;0.132;0.163
0.731;0.113;0.122;0.125;0.132;0.163
0.731;0.113;0.122;0.126;0.132;0.163
0.731;0.113;0.122;0.126;0.132;0.163
0.732;0.113;0.122;0.126;0.132;0.163
0.732;0.113;0.122;0.126;0.132;0.163
0.733;0.113;0.122;0.126;0.132;0.164
0.733;0.113;0.122;0.126;0.132;0.164
0.734;0.113;0.122;0.126;0.132;0.164
0.734;0.113;0.122;0.126;0.132;0.164
0.735;0.113;0.122;0.126;0.132;0.164
0.735;0.113;0.122;0.126;0.132;0.164
0.735;0.113;0.122;0.126;0.132;0.164
0.736;0.113;0.122;0.126;0.132;0.164
0.736;0.113;0.122;0.126;0.132;0.164
0.736;0.113;0.122;0.126;0.132;0.164
0.736;0.113;0.122;0.126;0.132;0.164
0.737;0.114;0.122;0.126;0.132;0.164
0.737;0.114;0.122;0.126;0.132;0.164
0.737;0.114;0.122;0.126;0.132;0.164
0.737;0.114;0.122;0.126;0.132;0.164
0.738;0.114;0.122;0.126;0.132;0.164
0.738;0.114;0.122;0.126;0.132;0.164
0.738;0.114;0.122;0.126;0.132;0.164
0.738;0.114;0.122;0.126;0.132;0.164
0.738;0.114;0.122;0.126;0.132;0.164
0.738;0.114;0.122;0.126;0.132;0.164
0.738;0.114;0.122;0.126;0.132;0.164
0.739;0.114;0.122;0.126;0.132;0.164
0.739;0.114;0.122;0.126;0.132;0.164
0.739;0.114;0.122;0.126;0.132;0.164
0.739;0.114;0.122;0.126;0.132;0.164
0.739;0.114;0.122;0.126;0.132;0.164
0.74;0.114;0.122;0.126;0.132;0.164
0.74;0.114;0.122;0.126;0.132;0.164
0.74;0.114;0.122;0.126;0.132;0.164
0.74;0.114;0.122;0.126;0.132;0.164
0.741;0.114;0.122;0.126;0.132;0.164
0.741;0.114;0.123;0.126;0.132;0.164
0.741;0.114;0.123;0.126;0.132;0.164
0.741;0.114;0.123;0.127;0.132;0.164
0.741;0.114;0.123;0.127;0.132;0.164
0.741;0.114;0.123;0.127;0.132;0.164
0.741;0.114;0.123;0.127;0.132;0.164
0.741;0.114;0.123;0.127;0.132;0.164
0.741;0.114;0.123;0.127;0.132;0.164
0.742;0.114;0.123;0.127;0.133;0.164
0.742;0.114;0.123;0.127;0.133;0.164
0.742;0.114;0.123;0.127;0.133;0.164
0.743;0.114;0.123;0.127;0.133;0.164
0.743;0.114;0.123;0.127;0.133;0.164
0.743;0.114;0.123;0.127;0.133;0.165
0.743;0.114;0.123;0.127;0.133;0.165
0.744;0.114;0.123;0.127;0.133;0.165
0.744;0.114;0.123;0.127;0.133;0.165
0.744;0.114;0.123;0.127;0.133;0.165
0.744;0.114;0.123;0.127;0.133;0.165
0.744;0.114;0.123;0.127;0.133;0.165
0.744;0.114;0.123;0.127;0.133;0.165
0.744;0.114;0.123;0.127;0.133;0.165
0.745;0.114;0.123;0.127;0.133;0.165
0.746;0.114;0.123;0.127;0.133;0.165
0.746;0.114;0.123;0.127;0.133;0.165
0.746;0.114;0.123;0.127;0.133;0.165
0.747;0.114;0.123;0.127;0.133;0.165
0.747;0.114;0.123;0.127;0.133;0.165
0.747;0.114;0.123;0.127;0.133;0.165
0.748;0.114;0.123;0.127;0.133;0.165
0.748;0.114;0.123;0.127;0.133;0.165
0.748;0.114;0.123;0.127;0.133;0.165
0.749;0.115;0.123;0.127;0.133;0.165
0.749;0.115;0.123;0.127;0.133;0.165
0.749;0.115;0.123;0.127;0.133;0.165
0.749;0.115;0.123;0.127;0.133;0.165
0.749;0.115;0.123;0.127;0.133;0.165
0.749;0.115;0.123;0.127;0.133;0.165
0.749;0.115;0.123;0.127;0.133;0.165
0.75;0.115;0.123;0.127;0.133;0.165
0.75;0.115;0.123;0.127;0.133;0.165
0.75;0.115;0.123;0.127;0.133;0.165
0.75;0.115;0.123;0.128;0.133;0.165
0.751;0.115;0.123;0.128;0.133;0.165
0.751;0.115;0.123;0.128;0.133;0.165
0.751;0.115;0.123;0.128;0.133;0.165
0.751;0.115;0.123;0.128;0.133;0.165
0.752;0.115;0.123;0.128;0.133;0.165
0.752;0.115;0.123;0.128;0.134;0.165
0.752;0.115;0.123;0.128;0.134;0.165
0.752;0.115;0.123;0.128;0.134;0.166
0.752;0.115;0.123;0.128;0.134;0.166
0.752;0.115;0.123;0.128;0.134;0.166
0.752;0.115;0.123;0.128;0.134;0.166
0.753;0.115;0.123;0.128;0.134;0.166
0.753;0.115;0.123;0.128;0.134;0.166
0.753;0.115;0.123;0.128;0.134;0.166
0.753;0.115;0.123;0.128;0.134;0.166
0.753;0.115;0.124;0.128;0.134;0.166
0.754;0.115;0.124;0.128;0.134;0.166
0.754;0.115;0.124;0.128;0.134;0.166
0.754;0.115;0.124;0.128;0.134;0.166
0.755;0.115;0.124;0.128;0.134;0.166
0.755;0.115;0.124;0.128;0.134;0.166
0.755;0.115;0.124;0.128;0.134;0.166
0.755;0.115;0.124;0.128;0.134;0.166
0.755;0.115;0.124;0.128;0.134;0.166
0.756;0.115;0.124;0.128;0.134;0.166
0.756;0.115;0.124;0.128;0.134;0.166
0.756;0.115;0.124;0.128;0.134;0.166
0.757;0.115;0.124;0.128;0.134;0.166
0.757;0.115;0.124;0.128;0.134;0.166
0.757;0.115;0.124;0.128;0.134;0.166
0.757;0.115;0.124;0.128;0.134;0.166
0.757;0.115;0.124;0.128;0.134;0.166
0.757;0.115;0.124;0.128;0.134;0.166
0.758;0.115;0.124;0.128;0.134;0.166
0.758;0.115;0.124;0.128;0.134;0.166
0.758;0.115;0.124;0.128;0.134;0.166
0.758;0.116;0.124;0.128;0.134;0.166
0.758;0.116;0.124;0.128;0.134;0.166
0.759;0.116;0.124;0.128;0.134;0.166
0.759;0.116;0.124;0.129;0.134;0.166
0.759;0.116;0.124;0.129;0.134;0.166
0.76;0.116;0.124;0.129;0.134;0.166
0.76;0.116;0.124;0.129;0.134;0.166
0.761;0.116;0.124;0.129;0.134;0.166
0.761;0.116;0.124;0.129;0.134;0.166
0.761;0.116;0.124;0.129;0.134;0.166
0.761;0.116;0.124;0.129;0.134;0.166
0.761;0.116;0.124;0.129;0.134;0.167
0.761;0.116;0.124;0.129;0.134;0.167
0.761;0.116;0.124;0.129;0.134;0.167
0.762;0.116;0.124;0.129;0.134;0.167
0.762;0.116;0.124;0.129;0.134;0.167
0.762;0.116;0.124;0.129;0.134;0.167
0.762;0.116;0.125;0.129;0.134;0.167
0.762;0.116;0.125;0.129;0.134;0.167
0.762;0.116;0.125;0.129;0.135;0.167
0.763;0.116;0.125;0.129;0.135;0.167
0.763;0.116;0.125;0.129;0.135;0.167
0.763;0.116;0.125;0.129;0.135;0.167
0.763;0.116;0.125;0.129;0.135;0.167
0.763;0.116;0.125;0.129;0.135;0.167
0.763;0.116;0.125;0.129;0.135;0.167
0.764;0.116;0.125;0.129;0.135;0.167
0.764;0.116;0.125;0.129;0.135;0.167
0.764;0.116;0.125;0.129;0.135;0.167
0.764;0.116;0.125;0.129;0.135;0.167
0.765;0.116;0.125;0.129;0.135;0.167
0.765;0.116;0.125;0.129;0.135;0.167
0.765;0.116;0.125;0.129;0.135;0.167
0.765;0.116;0.125;0.129;0.135;0.167
0.766;0.116;0.125;0.129;0.135;0.167
0.766;0.116;0.125;0.129;0.135;0.167
0.766;0.116;0.125;0.129;0.135;0.167
0.766;0.116;0.125;0.129;0.135;0.167
0.766;0.116;0.125;0.129;0.135;0.167
0.767;0.116;0.125;0.129;0.135;0.167
0.768;0.116;0.125;0.129;0.135;0.167
0.768;0.116;0.125;0.129;0.135;0.167
0.768;0.116;0.125;0.129;0.135;0.167
0.769;0.116;0.125;0.129;0.135;0.167
0.769;0.117;0.125;0.129;0.135;0.167
0.769;0.117;0.125;0.129;0.135;0.167
0.769;0.117;0.125;0.129;0.135;0.167
0.769;0.117;0.125;0.129;0.135;0.168
0.769;0.117;0.125;0.129;0.135;0.168
0.769;0.117;0.125;0.129;0.135;0.168
0.77;0.117;0.125;0.13;0.135;0.168
0.77;0.117;0.125;0.13;0.135;0.168
0.77;0.117;0.125;0.13;0.135;0.168
0.77;0.117;0.125;0.13;0.135;0.168
0.77;0.117;0.125;0.13;0.135;0.168
0.771;0.117;0.125;0.13;0.135;0.168
0.771;0.117;0.125;0.13;0.135;0.168
0.771;0.117;0.125;0.13;0.135;0.168
0.771;0.117;0.125;0.13;0.135;0.168
0.772;0.117;0.125;0.13;0.135;0.168
0.772;0.117;0.125;0.13;0.136;0.168
0.772;0.117;0.125;0.13;0.136;0.168
0.772;0.117;0.125;0.13;0.136;0.168
0.772;0.117;0.125;0.13;0.136;0.168
0.773;0.117;0.125;0.13;0.136;0.168
0.773;0.117;0.125;0.13;0.136;0.168
0.774;0.117;0.125;0.13;0.136;0.168
0.774;0.117;0.126;0.13;0.136;0.168
0.774;0.117;0.126;0.13;0.136;0.168
0.774;0.117;0.126;0.13;0.136;0.168
0.775;0.117;0.126;0.13;0.136;0.168
0.775;0.117;0.126;0.13;0.136;0.168
0.775;0.117;0.126;0.13;0.136;0.168
0.775;0.117;0.126;0.13;0.136;0.168
0.776;0.117;0.126;0.13;0.136;0.168
0.776;0.117;0.126;0.13;0.136;0.168
0.776;0.117;0.126;0.13;0.136;0.168
0.776;0.117;0.126;0.13;0.136;0.168
0.777;0.117;0.126;0.13;0.136;0.168
0.777;0.117;0.126;0.13;0.136;0.168
0.777;0.117;0.126;0.13;0.136;0.168
0.777;0.118;0.126;0.13;0.136;0.168
0.777;0.118;0.126;0.13;0.136;0.168
0.777;0.118;0.126;0.13;0.136;0.169
0.778;0.118;0.126;0.13;0.136;0.169
0.778;0.118;0.126;0.13;0.136;0.169
0.778;0.118;0.126;0.13;0.136;0.169
0.778;0.118;0.126;0.13;0.136;0.169
0.779;0.118;0.126;0.13;0.136;0.169
0.779;0.118;0.126;0.13;0.136;0.169
0.779;0.118;0.126;0.131;0.136;0.169
0.779;0.118;0.126;0.131;0.136;0.169
0.779;0.118;0.126;0.131;0.136;0.169
0.779;0.118;0.126;0.131;0.136;0.169
0.78;0.118;0.126;0.131;0.136;0.169
0.78;0.118;0.126;0.131;0.137;0.169
0.78;0.118;0.126;0.131;0.137;0.169
0.78;0.118;0.126;0.131;0.137;0.169
0.781;0.118;0.126;0.131;0.137;0.169
0.781;0.118;0.126;0.131;0.137;0.169
0.781;0.118;0.126;0.131;0.137;0.169
0.781;0.118;0.126;0.131;0.137;0.169
0.781;0.118;0.126;0.131;0.137;0.169
0.781;0.118;0.126;0.131;0.137;0.169
0.781;0.118;0.126;0.131;0.137;0.169
0.781;0.118;0.126;0.131;0.137;0.169
0.781;0.118;0.126;0.131;0.137;0.169
0.782;0.118;0.126;0.131;0.137;0.169
0.782;0.118;0.126;0.131;0.137;0.169
0.782;0.118;0.126;0.131;0.137;0.169
0.782;0.118;0.126;0.131;0.137;0.169
0.782;0.118;0.126;0.131;0.137;0.169
0.782;0.118;0.126;0.131;0.137;0.169
0.782;0.118;0.126;0.131;0.137;0.169
0.782;0.118;0.126;0.131;0.137;0.169
0.782;0.118;0.126;0.131;0.137;0.169
0.782;0.118;0.126;0.131;0.137;0.169
0.782;0.118;0.126;0.131;0.137;0.169
0.783;0.118;0.127;0.131;0.137;0.169
0.783;0.119;0.127;0.131;0.137;0.169
0.783;0.119;0.127;0.131;0.137;0.169
0.783;0.119;0.127;0.131;0.137;0.169
0.784;0.119;0.127;0.131;0.137;0.169
0.784;0.119;0.127;0.131;0.137;0.17
0.784;0.119;0.127;0.131;0.137;0.17
0.784;0.119;0.127;0.131;0.137;0.17
0.785;0.119;0.127;0.131;0.137;0.17
0.785;0.119;0.127;0.131;0.137;0.17
0.785;0.119;0.127;0.131;0.137;0.17
0.785;0.119;0.127;0.131;0.137;0.17
0.785;0.119;0.127;0.131;0.137;0.17
0.785;0.119;0.127;0.131;0.137;0.17
0.785;0.119;0.127;0.131;0.137;0.17
0.786;0.119;0.127;0.131;0.137;0.17
0.786;0.119;0.127;0.131;0.137;0.17
0.786;0.119;0.127;0.131;0.137;0.17
0.786;0.119;0.127;0.131;0.137;0.17
0.786;0.119;0.127;0.131;0.137;0.17
0.787;0.119;0.127;0.131;0.137;0.17
0.787;0.119;0.127;0.131;0.137;0.17
0.787;0.119;0.127;0.132;0.137;0.17
0.787;0.119;0.127;0.132;0.137;0.17
0.787;0.119;0.127;0.132;0.137;0.17
0.787;0.119;0.127;0.132;0.138;0.17
0.788;0.119;0.127;0.132;0.138;0.17
0.788;0.119;0.127;0.132;0.138;0.17
0.788;0.119;0.127;0.132;0.138;0.17
0.788;0.119;0.127;0.132;0.138;0.17
0.788;0.119;0.127;0.132;0.138;0.17
0.788;0.119;0.127;0.132;0.138;0.17
0.789;0.119;0.127;0.132;0.138;0.17
0.789;0.119;0.127;0.132;0.138;0.17
0.789;0.119;0.127;0.132;0.138;0.17
0.789;0.119;0.127;0.132;0.138;0.17
0.789;0.119;0.127;0.132;0.138;0.17
0.789;0.119;0.127;0.132;0.138;0.17
0.789;0.12;0.127;0.132;0.138;0.17
0.79;0.12;0.128;0.132;0.138;0.17
0.79;0.12;0.128;0.132;0.138;0.17
0.79;0.12;0.128;0.132;0.138;0.17
0.79;0.12;0.128;0.132;0.138;0.17
0.79;0.12;0.128;0.132;0.138;0.17
0.791;0.12;0.128;0.132;0.138;0.17
0.791;0.12;0.128;0.132;0.138;0.17
0.791;0.12;0.128;0.132;0.138;0.17
0.792;0.12;0.128;0.132;0.138;0.17
0.792;0.12;0.128;0.132;0.138;0.17
0.792;0.12;0.128;0.132;0.138;0.17
0.792;0.12;0.128;0.132;0.138;0.17
0.792;0.12;0.128;0.132;0.138;0.17
0.793;0.12;0.128;0.132;0.138;0.17
0.793;0.12;0.128;0.133;0.138;0.171
0.793;0.12;0.128;0.133;0.138;0.171
0.793;0.12;0.128;0.133;0.138;0.171
0.793;0.12;0.128;0.133;0.138;0.171
0.793;0.12;0.128;0.133;0.138;0.171
0.794;0.12;0.128;0.133;0.138;0.171
0.794;0.12;0.128;0.133;0.138;0.171
0.794;0.12;0.128;0.133;0.138;0.171
0.795;0.12;0.128;0.133;0.138;0.171
0.795;0.12;0.128;0.133;0.138;0.171
0.795;0.12;0.128;0.133;0.138;0.171
0.795;0.12;0.128;0.133;0.138;0.171
0.795;0.12;0.128;0.133;0.138;0.171
0.796;0.12;0.128;0.133;0.138;0.171
0.796;0.12;0.128;0.133;0.138;0.171
0.796;0.12;0.128;0.133;0.138;0.171
0.797;0.121;0.128;0.133;0.138;0.171
0.797;0.121;0.128;0.133;0.138;0.171
0.797;0.121;0.128;0.133;0.138;0.171
0.798;0.121;0.128;0.133;0.138;0.171
0.798;0.121;0.128;0.133;0.138;0.171
0.798;0.121;0.128;0.133;0.138;0.171
0.798;0.121;0.128;0.133;0.138;0.171
0.798;0.121;0.129;0.133;0.138;0.171
0.798;0.121;0.129;0.133;0.138;0.171
0.798;0.121;0.129;0.133;0.138;0.171
0.799;0.121;0.129;0.133;0.139;0.171
0.8;0.121;0.129;0.133;0.139;0.171
0.8;0.121;0.129;0.133;0.139;0.171
0.8;0.121;0.129;0.133;0.139;0.171
0.8;0.121;0.129;0.133;0.139;0.171
0.8;0.121;0.129;0.133;0.139;0.171
0.801;0.121;0.129;0.133;0.139;0.171
0.801;0.121;0.129;0.133;0.139;0.171
0.801;0.121;0.129;0.133;0.139;0.171
0.801;0.121;0.129;0.133;0.139;0.171
0.801;0.121;0.129;0.133;0.139;0.171
0.801;0.121;0.129;0.134;0.139;0.171
0.801;0.121;0.129;0.134;0.139;0.171
0.801;0.121;0.129;0.134;0.139;0.172
0.801;0.121;0.129;0.134;0.139;0.172
0.802;0.121;0.129;0.134;0.139;0.172
0.802;0.121;0.129;0.134;0.139;0.172
0.802;0.121;0.129;0.134;0.139;0.172
0.803;0.122;0.129;0.134;0.139;0.172
0.803;0.122;0.129;0.134;0.139;0.172
0.803;0.122;0.129;0.134;0.139;0.172
0.803;0.122;0.129;0.134;0.139;0.172
0.803;0.122;0.129;0.134;0.139;0.172
0.804;0.122;0.129;0.134;0.139;0.172
0.804;0.122;0.129;0.134;0.139;0.172
0.804;0.122;0.129;0.134;0.139;0.172
0.804;0.122;0.129;0.134;0.139;0.172
0.804;0.122;0.129;0.134;0.139;0.172
0.804;0.122;0.13;0.134;0.139;0.172
0.804;0.122;0.13;0.134;0.139;0.172
0.804;0.122;0.13;0.134;0.139;0.172
0.805;0.122;0.13;0.134;0.139;0.172
0.805;0.122;0.13;0.134;0.139;0.172
0.805;0.122;0.13;0.134;0.139;0.172
0.805;0.122;0.13;0.134;0.139;0.172
0.805;0.122;0.13;0.134;0.139;0.172
0.805;0.122;0.13;0.134;0.139;0.172
0.805;0.122;0.13;0.134;0.139;0.172
0.806;0.122;0.13;0.134;0.139;0.172
0.806;0.122;0.13;0.134;0.139;0.172
0.806;0.122;0.13;0.134;0.139;0.172
0.806;0.122;0.13;0.134;0.139;0.172
0.806;0.122;0.13;0.134;0.139;0.172
0.807;0.122;0.13;0.134;0.139;0.172
0.807;0.122;0.13;0.134;0.139;0.172
0.807;0.122;0.13;0.134;0.139;0.172
0.807;0.122;0.13;0.134;0.139;0.173
0.807;0.123;0.13;0.134;0.139;0.173
0.808;0.123;0.13;0.134;0.139;0.173
0.808;0.123;0.13;0.134;0.139;0.173
0.808;0.123;0.13;0.134;0.139;0.173
0.808;0.123;0.13;0.134;0.139;0.173
0.808;0.123;0.13;0.134;0.139;0.173
0.808;0.123;0.13;0.134;0.139;0.173
0.808;0.123;0.13;0.134;0.139;0.173
0.808;0.123;0.13;0.134;0.139;0.173
0.809;0.123;0.131;0.134;0.139;0.173
0.809;0.123;0.131;0.134;0.139;0.173
0.809;0.123;0.131;0.134;0.139;0.173
0.809;0.123;0.131;0.134;0.139;0.173
0.809;0.123;0.131;0.135;0.139;0.173
0.809;0.123;0.131;0.135;0.139;0.173
0.809;0.123;0.131;0.135;0.139;0.173
0.809;0.123;0.131;0.135;0.139;0.173
0.809;0.123;0.131;0.135;0.139;0.173
0.81;0.123;0.131;0.135;0.139;0.173
0.81;0.123;0.131;0.135;0.14;0.173
0.81;0.123;0.131;0.135;0.14;0.173
0.811;0.123;0.131;0.135;0.14;0.173
0.811;0.123;0.131;0.135;0.14;0.173
0.811;0.123;0.131;0.135;0.14;0.173
0.812;0.123;0.131;0.135;0.14;0.173
0.812;0.123;0.131;0.135;0.14;0.173
0.812;0.123;0.131;0.135;0.14;0.173
0.812;0.124;0.131;0.135;0.14;0.173
0.812;0.124;0.131;0.135;0.14;0.173
0.812;0.124;0.131;0.135;0.14;0.173
0.812;0.124;0.131;0.135;0.14;0.173
0.812;0.124;0.131;0.135;0.14;0.173
0.812;0.124;0.131;0.135;0.14;0.173
0.813;0.124;0.131;0.135;0.14;0.173
0.813;0.124;0.131;0.135;0.14;0.173
0.813;0.124;0.131;0.135;0.14;0.173
0.814;0.124;0.131;0.135;0.14;0.173
0.814;0.124;0.131;0.135;0.14;0.173
0.814;0.124;0.131;0.135;0.14;0.173
0.814;0.124;0.131;0.135;0.14;0.173
0.814;0.124;0.131;0.135;0.14;0.173
0.814;0.124;0.132;0.135;0.14;0.173
0.814;0.124;0.132;0.135;0.14;0.173
0.815;0.124;0.132;0.135;0.14;0.173
0.815;0.124;0.132;0.135;0.14;0.173
0.815;0.124;0.132;0.135;0.14;0.173
0.815;0.124;0.132;0.135;0.14;0.173
0.815;0.124;0.132;0.135;0.14;0.173
0.815;0.124;0.132;0.135;0.14;0.173
0.816;0.125;0.132;0.135;0.14;0.173
0.816;0.125;0.132;0.135;0.14;0.173
0.816;0.125;0.132;0.135;0.14;0.173
0.817;0.125;0.132;0.135;0.14;0.173
0.817;0.125;0.132;0.135;0.14;0.173
0.818;0.125;0.132;0.136;0.14;0.173
0.818;0.125;0.132;0.136;0.14;0.174
0.818;0.125;0.132;0.136;0.14;0.174
0.818;0.125;0.132;0.136;0.14;0.174
0.818;0.125;0.132;0.136;0.14;0.174
0.819;0.125;0.132;0.136;0.14;0.174
0.819;0.125;0.132;0.136;0.141;0.174
0.819;0.125;0.132;0.136;0.141;0.174
0.819;0.125;0.132;0.136;0.141;0.174
0.819;0.125;0.132;0.136;0.141;0.174
0.819;0.125;0.132;0.136;0.141;0.174
0.82;0.125;0.132;0.136;0.141;0.174
0.82;0.125;0.132;0.136;0.141;0.174
0.82;0.125;0.132;0.136;0.141;0.174
0.82;0.125;0.132;0.136;0.141;0.174
0.82;0.125;0.132;0.136;0.141;0.174
0.821;0.125;0.132;0.136;0.141;0.174
0.821;0.125;0.132;0.136;0.141;0.174
0.821;0.125;0.132;0.136;0.141;0.174
0.821;0.125;0.132;0.136;0.141;0.174
0.821;0.125;0.132;0.136;0.141;0.174
0.821;0.125;0.132;0.136;0.141;0.174
0.822;0.125;0.132;0.136;0.141;0.174
0.822;0.126;0.132;0.136;0.141;0.174
0.822;0.126;0.132;0.136;0.141;0.174
0.822;0.126;0.133;0.136;0.141;0.174
0.822;0.126;0.133;0.136;0.141;0.174
0.822;0.126;0.133;0.136;0.141;0.174
0.822;0.126;0.133;0.136;0.141;0.174
0.822;0.126;0.133;0.136;0.141;0.174
0.823;0.126;0.133;0.136;0.141;0.174
0.823;0.126;0.133;0.136;0.141;0.174
0.823;0.126;0.133;0.136;0.141;0.174
0.824;0.126;0.133;0.136;0.141;0.174
0.824;0.126;0.133;0.136;0.141;0.174
0.824;0.126;0.133;0.136;0.141;0.174
0.824;0.126;0.133;0.136;0.141;0.174
0.824;0.126;0.133;0.137;0.141;0.174
0.825;0.126;0.133;0.137;0.141;0.175
0.825;0.126;0.133;0.137;0.141;0.175
0.825;0.126;0.133;0.137;0.141;0.175
0.825;0.126;0.133;0.137;0.141;0.175
0.825;0.126;0.133;0.137;0.141;0.175
0.825;0.127;0.133;0.137;0.141;0.175
0.825;0.127;0.133;0.137;0.141;0.175
0.825;0.127;0.133;0.137;0.141;0.175
0.825;0.127;0.133;0.137;0.141;0.175
0.825;0.127;0.133;0.137;0.141;0.175
0.826;0.127;0.133;0.137;0.141;0.175
0.826;0.127;0.133;0.137;0.142;0.175
0.826;0.127;0.133;0.137;0.142;0.175
0.826;0.127;0.133;0.137;0.142;0.175
0.826;0.127;0.133;0.137;0.142;0.175
0.827;0.127;0.133;0.137;0.142;0.175
0.827;0.127;0.133;0.137;0.142;0.175
0.827;0.127;0.133;0.137;0.142;0.175
0.828;0.127;0.133;0.137;0.142;0.175
0.828;0.127;0.133;0.137;0.142;0.175
0.828;0.127;0.134;0.137;0.142;0.175
0.828;0.127;0.134;0.137;0.142;0.175
0.828;0.127;0.134;0.137;0.142;0.175
0.828;0.127;0.134;0.137;0.142;0.175
0.828;0.127;0.134;0.137;0.142;0.175
0.828;0.127;0.134;0.137;0.142;0.175
0.829;0.127;0.134;0.137;0.142;0.175
0.829;0.127;0.134;0.137;0.142;0.175
0.829;0.127;0.134;0.137;0.142;0.175
0.829;0.127;0.134;0.137;0.142;0.175
0.829;0.128;0.134;0.137;0.142;0.175
0.829;0.128;0.134;0.137;0.142;0.175
0.829;0.128;0.134;0.137;0.142;0.175
0.83;0.128;0.134;0.137;0.142;0.175
0.83;0.128;0.134;0.137;0.142;0.175
0.83;0.128;0.134;0.137;0.142;0.175
0.831;0.128;0.134;0.137;0.142;0.175
0.831;0.128;0.134;0.137;0.142;0.175
0.831;0.128;0.134;0.137;0.142;0.175
0.831;0.128;0.134;0.137;0.142;0.175
0.831;0.128;0.134;0.138;0.142;0.175
0.832;0.128;0.134;0.138;0.142;0.176
0.832;0.128;0.134;0.138;0.142;0.176
0.832;0.128;0.134;0.138;0.142;0.176
0.832;0.128;0.134;0.138;0.142;0.176
0.832;0.128;0.134;0.138;0.142;0.176
0.832;0.128;0.134;0.138;0.142;0.176
0.832;0.128;0.134;0.138;0.142;0.176
0.832;0.128;0.134;0.138;0.142;0.176
0.833;0.128;0.134;0.138;0.142;0.176
0.833;0.128;0.134;0.138;0.142;0.176
0.833;0.129;0.134;0.138;0.142;0.176
0.833;0.129;0.135;0.138;0.142;0.176
0.833;0.129;0.135;0.138;0.142;0.176
0.833;0.129;0.135;0.138;0.142;0.176
0.833;0.129;0.135;0.138;0.142;0.176
0.833;0.129;0.135;0.138;0.142;0.176
0.833;0.129;0.135;0.138;0.142;0.176
0.833;0.129;0.135;0.138;0.142;0.176
0.833;0.129;0.135;0.138;0.142;0.176
0.833;0.129;0.135;0.138;0.143;0.176
0.834;0.129;0.135;0.138;0.143;0.176
0.834;0.129;0.135;0.138;0.143;0.176
0.834;0.129;0.135;0.138;0.143;0.176
0.834;0.129;0.135;0.138;0.143;0.176
0.834;0.129;0.135;0.138;0.143;0.176
0.834;0.129;0.135;0.138;0.143;0.176
0.834;0.129;0.135;0.138;0.143;0.176
0.835;0.13;0.135;0.138;0.143;0.176
0.836;0.13;0.135;0.138;0.143;0.176
0.836;0.13;0.135;0.138;0.143;0.176
0.836;0.13;0.135;0.138;0.143;0.176
0.836;0.13;0.135;0.138;0.143;0.176
0.837;0.13;0.135;0.138;0.143;0.176
0.837;0.13;0.135;0.138;0.143;0.176
0.837;0.13;0.135;0.138;0.143;0.176
0.837;0.13;0.135;0.138;0.143;0.176
0.837;0.13;0.135;0.138;0.143;0.176
0.838;0.13;0.135;0.138;0.143;0.176
0.838;0.13;0.135;0.138;0.143;0.176
0.838;0.131;0.135;0.138;0.143;0.177
0.838;0.131;0.135;0.138;0.143;0.177
0.839;0.131;0.135;0.138;0.143;0.177
0.839;0.131;0.135;0.139;0.143;0.177
0.839;0.131;0.135;0.139;0.143;0.177
0.839;0.131;0.135;0.139;0.143;0.177
0.839;0.131;0.136;0.139;0.143;0.177
0.839;0.131;0.136;0.139;0.143;0.177
0.84;0.131;0.136;0.139;0.143;0.177
0.84;0.131;0.136;0.139;0.143;0.177
0.84;0.131;0.136;0.139;0.143;0.177
0.84;0.131;0.136;0.139;0.143;0.177
0.84;0.131;0.136;0.139;0.143;0.177
0.84;0.131;0.136;0.139;0.143;0.177
0.84;0.131;0.136;0.139;0.143;0.177
0.841;0.131;0.136;0.139;0.143;0.177
0.841;0.131;0.136;0.139;0.143;0.177
0.841;0.131;0.136;0.139;0.143;0.177
0.841;0.131;0.136;0.139;0.143;0.177
0.841;0.132;0.136;0.139;0.143;0.177
0.841;0.132;0.136;0.139;0.143;0.177
0.841;0.132;0.136;0.139;0.143;0.177
0.842;0.132;0.136;0.139;0.144;0.177
0.842;0.132;0.136;0.139;0.144;0.177
0.842;0.132;0.136;0.139;0.144;0.177
0.842;0.132;0.136;0.139;0.144;0.177
0.842;0.132;0.136;0.139;0.144;0.177
0.842;0.132;0.136;0.139;0.144;0.178
0.842;0.132;0.136;0.139;0.144;0.178
0.842;0.132;0.136;0.139;0.144;0.178
0.842;0.132;0.136;0.139;0.144;0.178
0.843;0.132;0.136;0.139;0.144;0.178
0.843;0.132;0.136;0.139;0.144;0.178
0.843;0.132;0.136;0.139;0.144;0.178
0.843;0.132;0.136;0.139;0.144;0.178
0.844;0.133;0.136;0.139;0.144;0.178
0.844;0.133;0.136;0.139;0.144;0.178
0.844;0.133;0.136;0.139;0.144;0.178
0.844;0.133;0.136;0.139;0.144;0.178
0.844;0.133;0.136;0.139;0.144;0.178
0.845;0.133;0.136;0.139;0.144;0.178
0.845;0.133;0.137;0.139;0.144;0.178
0.845;0.133;0.137;0.139;0.144;0.178
0.845;0.133;0.137;0.139;0.144;0.178
0.845;0.133;0.137;0.139;0.144;0.178
0.845;0.133;0.137;0.139;0.144;0.178
0.845;0.133;0.137;0.139;0.144;0.178
0.845;0.134;0.137;0.139;0.144;0.178
0.845;0.134;0.137;0.139;0.144;0.178
0.845;0.134;0.137;0.139;0.144;0.178
0.846;0.134;0.137;0.139;0.144;0.178
0.846;0.134;0.137;0.139;0.144;0.178
0.846;0.134;0.137;0.139;0.144;0.178
0.846;0.134;0.137;0.139;0.144;0.178
0.846;0.134;0.137;0.14;0.144;0.178
0.846;0.134;0.137;0.14;0.144;0.178
0.847;0.134;0.137;0.14;0.144;0.178
0.847;0.134;0.137;0.14;0.144;0.178
0.847;0.134;0.137;0.14;0.144;0.178
0.847;0.135;0.137;0.14;0.144;0.178
0.847;0.135;0.137;0.14;0.144;0.178
0.848;0.135;0.137;0.14;0.144;0.178
0.848;0.135;0.137;0.14;0.145;0.178
0.848;0.135;0.137;0.14;0.145;0.178
0.848;0.135;0.137;0.14;0.145;0.178
0.848;0.135;0.137;0.14;0.145;0.178
0.849;0.135;0.137;0.14;0.145;0.178
0.849;0.136;0.137;0.14;0.145;0.178
0.849;0.136;0.137;0.14;0.145;0.178
0.849;0.136;0.137;0.14;0.145;0.179
0.849;0.136;0.137;0.14;0.145;0.179
0.849;0.136;0.138;0.14;0.145;0.179
0.849;0.136;0.138;0.14;0.145;0.179
0.849;0.136;0.138;0.14;0.145;0.179
0.85;0.136;0.138;0.14;0.145;0.179
0.85;0.136;0.138;0.14;0.145;0.179
0.85;0.136;0.138;0.14;0.145;0.179
0.85;0.137;0.138;0.14;0.145;0.179
0.85;0.137;0.138;0.14;0.145;0.179
0.85;0.137;0.138;0.14;0.145;0.179
0.85;0.137;0.138;0.14;0.145;0.179
0.851;0.137;0.138;0.14;0.145;0.179
0.851;0.137;0.138;0.14;0.145;0.179
0.851;0.137;0.138;0.14;0.145;0.179
0.851;0.137;0.138;0.14;0.145;0.179
0.851;0.138;0.138;0.14;0.145;0.179
0.852;0.138;0.138;0.14;0.145;0.179
0.852;0.138;0.138;0.14;0.145;0.179
0.852;0.138;0.138;0.14;0.145;0.179
0.852;0.138;0.138;0.141;0.145;0.179
0.852;0.138;0.138;0.141;0.145;0.179
0.853;0.138;0.138;0.141;0.145;0.179
0.853;0.138;0.138;0.141;0.145;0.179
0.853;0.138;0.138;0.141;0.145;0.179
0.853;0.138;0.139;0.141;0.145;0.179
0.853;0.139;0.139;0.141;0.145;0.179
0.853;0.139;0.139;0.141;0.145;0.179
0.853;0.139;0.139;0.141;0.145;0.179
0.853;0.139;0.139;0.141;0.145;0.179
0.854;0.139;0.139;0.141;0.145;0.179
0.854;0.139;0.139;0.141;0.145;0.179
0.854;0.139;0.139;0.141;0.145;0.179
0.854;0.14;0.139;0.141;0.145;0.179
0.854;0.14;0.139;0.141;0.145;0.179
0.855;0.14;0.139;0.141;0.145;0.179
0.855;0.14;0.139;0.141;0.145;0.179
0.855;0.14;0.139;0.141;0.145;0.179
0.855;0.141;0.139;0.141;0.145;0.179
0.855;0.141;0.139;0.141;0.145;0.179
0.856;0.141;0.139;0.141;0.145;0.179
0.856;0.142;0.139;0.141;0.145;0.179
0.856;0.142;0.139;0.141;0.145;0.179
0.856;0.142;0.139;0.141;0.146;0.179
0.856;0.142;0.139;0.141;0.146;0.179
0.856;0.143;0.139;0.141;0.146;0.179
0.856;0.143;0.139;0.141;0.146;0.179
0.856;0.143;0.139;0.141;0.146;0.179
0.856;0.143;0.139;0.141;0.146;0.179
0.856;0.143;0.14;0.142;0.146;0.179
0.856;0.144;0.14;0.142;0.146;0.179
0.856;0.144;0.14;0.142;0.146;0.179
0.857;0.144;0.14;0.142;0.146;0.179
0.857;0.144;0.14;0.142;0.146;0.179
0.857;0.145;0.14;0.142;0.146;0.179
0.857;0.146;0.14;0.142;0.146;0.18
0.857;0.146;0.14;0.142;0.146;0.18
0.857;0.146;0.14;0.142;0.146;0.18
0.857;0.147;0.14;0.142;0.146;0.18
0.857;0.147;0.14;0.142;0.146;0.18
0.858;0.147;0.14;0.142;0.146;0.18
0.858;0.148;0.14;0.142;0.146;0.18
0.858;0.149;0.14;0.142;0.146;0.18
0.858;0.149;0.14;0.142;0.146;0.18
0.858;0.15;0.14;0.142;0.146;0.18
0.859;0.15;0.14;0.142;0.146;0.18
0.859;0.15;0.14;0.142;0.146;0.18
0.859;0.15;0.14;0.142;0.146;0.18
0.859;0.15;0.14;0.142;0.146;0.18
0.859;0.151;0.14;0.142;0.146;0.18
0.86;0.151;0.14;0.142;0.146;0.18
0.86;0.151;0.14;0.142;0.146;0.18
0.86;0.151;0.14;0.142;0.146;0.18
0.86;0.152;0.14;0.142;0.146;0.18
0.86;0.154;0.14;0.142;0.146;0.18
0.86;0.154;0.14;0.142;0.146;0.18
0.86;0.154;0.14;0.142;0.146;0.18
0.86;0.154;0.14;0.143;0.146;0.18
0.861;0.155;0.14;0.143;0.146;0.18
0.861;0.156;0.14;0.143;0.146;0.18
0.861;0.158;0.14;0.143;0.146;0.18
0.861;0.158;0.14;0.143;0.146;0.18
0.861;0.158;0.141;0.143;0.146;0.18
0.861;0.159;0.141;0.143;0.146;0.18
0.861;0.159;0.141;0.143;0.146;0.181
0.861;0.161;0.141;0.143;0.146;0.181
0.861;0.162;0.141;0.143;0.146;0.181
0.861;0.162;0.141;0.143;0.146;0.181
0.862;0.163;0.141;0.143;0.146;0.181
0.862;0.164;0.141;0.143;0.146;0.181
0.862;0.165;0.141;0.143;0.146;0.181
0.862;0.166;0.141;0.143;0.146;0.181
0.863;0.168;0.141;0.143;0.146;0.181
0.863;0.17;0.141;0.143;0.146;0.181
0.863;0.173;0.141;0.143;0.146;0.181
0.863;0.184;0.141;0.143;0.146;0.181
0.863;0.239;0.141;0.143;0.146;0.181
0.864;0.387;0.141;0.143;0.146;0.181
0.864;0.467;0.141;0.143;0.146;0.181
0.864;0.602;0.141;0.143;0.146;0.181
0.865;0.637;0.141;0.143;0.146;0.181
0.865;0.639;0.141;0.143;0.146;0.181
0.865;0.647;0.141;0.143;0.147;0.181
0.865;0.65;0.141;0.143;0.147;0.181
0.866;0.665;0.141;0.143;0.147;0.181
0.866;0.669;0.142;0.143;0.147;0.181
0.866;0.686;0.142;0.143;0.147;0.181
0.867;0.688;0.142;0.143;0.147;0.182
0.867;0.697;0.142;0.143;0.147;0.182
0.867;0.698;0.142;0.143;0.147;0.182
0.867;0.7;0.142;0.143;0.147;0.182
0.867;0.704;0.142;0.143;0.147;0.182
0.868;0.705;0.142;0.143;0.147;0.182
0.868;0.705;0.142;0.143;0.147;0.182
0.869;0.733;0.142;0.143;0.147;0.182
0.869;0.733;0.142;0.143;0.147;0.182
0.869;0.737;0.142;0.143;0.147;0.182
0.869;0.737;0.142;0.144;0.147;0.182
0.869;0.737;0.142;0.144;0.147;0.182
0.869;0.738;0.142;0.144;0.147;0.182
0.869;0.739;0.142;0.144;0.147;0.182
0.869;0.744;0.142;0.144;0.147;0.182
0.87;0.746;0.142;0.144;0.147;0.182
0.87;0.747;0.142;0.144;0.147;0.182
0.87;0.752;0.142;0.144;0.147;0.182
0.87;0.753;0.142;0.144;0.147;0.182
0.87;0.757;0.142;0.144;0.147;0.182
0.87;0.758;0.142;0.144;0.147;0.182
0.87;0.759;0.142;0.144;0.147;0.182
0.87;0.761;0.142;0.144;0.147;0.182
0.87;0.768;0.143;0.144;0.147;0.183
0.87;0.768;0.143;0.144;0.147;0.183
0.87;0.768;0.143;0.144;0.147;0.183
0.871;0.77;0.143;0.144;0.147;0.183
0.871;0.771;0.143;0.144;0.147;0.183
0.871;0.773;0.143;0.144;0.147;0.183
0.871;0.779;0.143;0.144;0.147;0.183
0.871;0.779;0.143;0.144;0.147;0.183
0.871;0.779;0.143;0.144;0.147;0.183
0.871;0.78;0.143;0.144;0.147;0.183
0.871;0.782;0.143;0.144;0.147;0.183
0.871;0.783;0.143;0.144;0.147;0.183
0.871;0.785;0.143;0.144;0.147;0.183
0.871;0.787;0.143;0.144;0.147;0.183
0.872;0.787;0.143;0.144;0.147;0.183
0.872;0.79;0.143;0.144;0.147;0.183
0.872;0.791;0.143;0.144;0.148;0.183
0.872;0.794;0.143;0.144;0.148;0.183
0.872;0.794;0.143;0.144;0.148;0.183
0.873;0.795;0.143;0.145;0.148;0.183
0.873;0.795;0.143;0.145;0.148;0.183
0.873;0.796;0.143;0.145;0.148;0.183
0.874;0.797;0.143;0.145;0.148;0.183
0.874;0.799;0.143;0.145;0.148;0.183
0.874;0.799;0.143;0.145;0.148;0.183
0.874;0.799;0.144;0.145;0.148;0.183
0.874;0.799;0.144;0.145;0.148;0.183
0.874;0.8;0.144;0.145;0.148;0.183
0.875;0.801;0.144;0.145;0.148;0.184
0.875;0.803;0.144;0.145;0.148;0.184
0.875;0.806;0.144;0.145;0.148;0.184
0.875;0.808;0.144;0.145;0.148;0.184
0.875;0.808;0.144;0.145;0.148;0.184
0.875;0.809;0.144;0.145;0.148;0.184
0.875;0.809;0.144;0.145;0.148;0.184
0.875;0.809;0.144;0.145;0.148;0.184
0.875;0.812;0.144;0.145;0.148;0.184
0.875;0.815;0.144;0.145;0.148;0.184
0.875;0.816;0.144;0.145;0.148;0.184
0.875;0.816;0.144;0.145;0.148;0.184
0.876;0.816;0.144;0.145;0.148;0.184
0.876;0.817;0.144;0.145;0.148;0.184
0.876;0.817;0.144;0.145;0.148;0.184
0.876;0.817;0.144;0.145;0.148;0.184
0.876;0.817;0.144;0.145;0.148;0.184
0.876;0.817;0.144;0.145;0.148;0.184
0.877;0.818;0.144;0.145;0.148;0.184
0.878;0.818;0.144;0.145;0.148;0.184
0.878;0.818;0.144;0.145;0.148;0.184
0.878;0.818;0.144;0.145;0.148;0.184
0.878;0.818;0.144;0.145;0.148;0.184
0.878;0.818;0.144;0.145;0.148;0.184
0.878;0.819;0.144;0.145;0.148;0.184
0.878;0.819;0.144;0.145;0.148;0.184
0.878;0.82;0.144;0.145;0.148;0.184
0.878;0.82;0.144;0.145;0.149;0.184
0.878;0.82;0.145;0.145;0.149;0.184
0.878;0.821;0.145;0.145;0.149;0.185
0.878;0.821;0.145;0.146;0.149;0.185
0.878;0.823;0.145;0.146;0.149;0.185
0.878;0.824;0.145;0.146;0.149;0.185
0.879;0.826;0.145;0.146;0.149;0.185
0.879;0.826;0.145;0.146;0.149;0.185
0.879;0.827;0.145;0.146;0.149;0.185
0.879;0.828;0.145;0.146;0.149;0.185
0.88;0.828;0.145;0.146;0.149;0.185
0.88;0.828;0.145;0.146;0.149;0.185
0.88;0.83;0.145;0.146;0.149;0.185
0.88;0.83;0.145;0.146;0.149;0.185
0.881;0.83;0.145;0.146;0.149;0.185
0.881;0.83;0.145;0.146;0.149;0.185
0.881;0.831;0.145;0.146;0.149;0.185
0.881;0.831;0.145;0.146;0.149;0.185
0.881;0.832;0.145;0.146;0.149;0.185
0.881;0.833;0.145;0.146;0.149;0.185
0.881;0.834;0.145;0.146;0.149;0.185
0.881;0.834;0.145;0.146;0.149;0.185
0.881;0.836;0.145;0.146;0.149;0.185
0.882;0.837;0.145;0.146;0.149;0.185
0.882;0.837;0.145;0.146;0.149;0.185
0.882;0.837;0.145;0.146;0.149;0.185
0.882;0.838;0.146;0.146;0.149;0.185
0.882;0.838;0.146;0.146;0.149;0.185
0.882;0.838;0.146;0.146;0.149;0.185
0.882;0.839;0.146;0.146;0.149;0.185
0.882;0.84;0.146;0.146;0.15;0.185
0.882;0.84;0.146;0.147;0.15;0.186
0.883;0.84;0.146;0.147;0.15;0.186
0.883;0.841;0.146;0.147;0.15;0.186
0.884;0.841;0.146;0.147;0.15;0.186
0.884;0.841;0.146;0.147;0.15;0.186
0.884;0.841;0.146;0.147;0.15;0.186
0.884;0.841;0.146;0.147;0.15;0.186
0.885;0.842;0.146;0.147;0.15;0.186
0.885;0.842;0.146;0.147;0.15;0.186
0.885;0.843;0.146;0.147;0.15;0.186
0.885;0.843;0.146;0.147;0.15;0.186
0.885;0.843;0.146;0.147;0.15;0.186
0.885;0.844;0.146;0.147;0.15;0.186
0.885;0.845;0.146;0.147;0.15;0.186
0.886;0.847;0.146;0.147;0.15;0.186
0.886;0.847;0.146;0.147;0.15;0.186
0.886;0.848;0.146;0.147;0.15;0.186
0.886;0.849;0.146;0.147;0.15;0.186
0.887;0.85;0.146;0.147;0.15;0.186
0.887;0.85;0.146;0.147;0.15;0.186
0.887;0.851;0.146;0.147;0.15;0.186
0.887;0.851;0.146;0.147;0.15;0.186
0.887;0.851;0.146;0.147;0.15;0.186
0.887;0.851;0.146;0.147;0.151;0.186
0.887;0.852;0.146;0.147;0.151;0.186
0.888;0.852;0.146;0.147;0.151;0.186
0.888;0.852;0.146;0.147;0.151;0.186
0.888;0.855;0.146;0.147;0.151;0.186
0.889;0.855;0.146;0.147;0.151;0.186
0.889;0.856;0.146;0.147;0.151;0.186
0.889;0.856;0.147;0.147;0.151;0.187
0.889;0.856;0.147;0.147;0.151;0.187
0.889;0.856;0.147;0.148;0.151;0.187
0.89;0.856;0.147;0.148;0.151;0.187
0.89;0.856;0.147;0.148;0.151;0.187
0.89;0.856;0.147;0.148;0.151;0.187
0.89;0.857;0.147;0.148;0.151;0.187
0.89;0.857;0.147;0.148;0.151;0.187
0.891;0.858;0.147;0.148;0.151;0.187
0.891;0.858;0.147;0.148;0.151;0.187
0.891;0.859;0.147;0.148;0.151;0.187
0.891;0.86;0.147;0.148;0.151;0.187
0.891;0.86;0.147;0.148;0.151;0.187
0.891;0.861;0.147;0.148;0.151;0.187
0.891;0.861;0.147;0.148;0.151;0.187
0.892;0.861;0.147;0.148;0.152;0.187
0.892;0.861;0.147;0.148;0.152;0.187
0.892;0.862;0.147;0.148;0.152;0.187
0.892;0.862;0.147;0.148;0.152;0.187
0.892;0.864;0.147;0.148;0.152;0.187
0.893;0.865;0.147;0.148;0.152;0.188
0.893;0.865;0.147;0.148;0.152;0.188
0.893;0.866;0.147;0.148;0.152;0.188
0.893;0.867;0.147;0.148;0.152;0.188
0.893;0.867;0.148;0.148;0.152;0.188
0.893;0.868;0.148;0.148;0.152;0.188
0.894;0.868;0.148;0.148;0.152;0.188
0.894;0.868;0.148;0.148;0.152;0.188
0.894;0.87;0.148;0.148;0.152;0.188
0.894;0.87;0.148;0.148;0.152;0.188
0.894;0.87;0.148;0.148;0.152;0.188
0.894;0.871;0.148;0.149;0.152;0.188
0.895;0.872;0.148;0.149;0.152;0.188
0.895;0.872;0.148;0.149;0.152;0.188
0.895;0.872;0.148;0.149;0.152;0.188
0.895;0.872;0.148;0.149;0.152;0.188
0.895;0.873;0.148;0.149;0.152;0.188
0.895;0.873;0.148;0.149;0.152;0.188
0.895;0.873;0.148;0.149;0.152;0.188
0.895;0.873;0.148;0.149;0.152;0.188
0.896;0.873;0.148;0.149;0.152;0.188
0.896;0.873;0.148;0.149;0.152;0.188
0.896;0.874;0.148;0.149;0.152;0.188
0.896;0.874;0.148;0.149;0.152;0.188
0.896;0.874;0.148;0.149;0.152;0.188
0.896;0.874;0.148;0.149;0.152;0.188
0.896;0.876;0.148;0.149;0.152;0.188
0.896;0.876;0.148;0.149;0.153;0.188
0.896;0.876;0.148;0.149;0.153;0.189
0.896;0.876;0.148;0.149;0.153;0.189
0.896;0.877;0.148;0.149;0.153;0.189
0.896;0.877;0.148;0.149;0.153;0.189
0.897;0.878;0.148;0.149;0.153;0.189
0.897;0.878;0.148;0.15;0.153;0.189
0.897;0.878;0.148;0.15;0.153;0.189
0.897;0.878;0.148;0.15;0.153;0.189
0.897;0.878;0.149;0.15;0.153;0.189
0.897;0.878;0.149;0.15;0.153;0.189
0.897;0.879;0.149;0.15;0.153;0.189
0.897;0.88;0.149;0.15;0.153;0.189
0.897;0.881;0.149;0.15;0.153;0.189
0.897;0.881;0.149;0.15;0.153;0.189
0.898;0.882;0.149;0.15;0.153;0.189
0.898;0.882;0.149;0.15;0.153;0.189
0.898;0.883;0.149;0.15;0.153;0.189
0.898;0.883;0.149;0.15;0.153;0.189
0.898;0.883;0.149;0.15;0.153;0.189
0.898;0.884;0.149;0.15;0.153;0.189
0.898;0.884;0.149;0.15;0.153;0.19
0.899;0.884;0.149;0.15;0.153;0.19
0.899;0.884;0.149;0.15;0.153;0.19
0.899;0.885;0.149;0.15;0.153;0.19
0.9;0.885;0.149;0.15;0.153;0.19
0.9;0.886;0.149;0.15;0.153;0.19
0.9;0.886;0.149;0.15;0.153;0.19
0.9;0.886;0.149;0.15;0.153;0.19
0.9;0.886;0.149;0.15;0.153;0.19
0.901;0.886;0.149;0.15;0.153;0.19
0.901;0.887;0.149;0.151;0.153;0.19
0.901;0.887;0.149;0.151;0.153;0.19
0.901;0.888;0.149;0.151;0.153;0.19
0.901;0.888;0.149;0.151;0.153;0.19
0.901;0.888;0.15;0.151;0.153;0.19
0.902;0.889;0.15;0.151;0.153;0.19
0.902;0.889;0.15;0.151;0.153;0.19
0.902;0.889;0.15;0.151;0.154;0.191
0.902;0.889;0.15;0.151;0.154;0.191
0.902;0.889;0.15;0.151;0.154;0.191
0.903;0.889;0.15;0.151;0.154;0.191
0.903;0.89;0.15;0.151;0.154;0.191
0.903;0.89;0.15;0.151;0.154;0.191
0.903;0.89;0.15;0.151;0.154;0.191
0.904;0.89;0.15;0.151;0.154;0.191
0.904;0.89;0.15;0.151;0.154;0.191
0.904;0.892;0.151;0.151;0.154;0.191
0.904;0.892;0.151;0.151;0.154;0.191
0.904;0.893;0.151;0.151;0.154;0.191
0.904;0.893;0.151;0.151;0.154;0.191
0.904;0.893;0.151;0.151;0.154;0.191
0.904;0.893;0.151;0.151;0.154;0.191
0.904;0.893;0.151;0.151;0.154;0.191
0.905;0.894;0.151;0.151;0.154;0.191
0.905;0.894;0.151;0.151;0.154;0.191
0.905;0.894;0.151;0.152;0.154;0.191
0.905;0.894;0.151;0.152;0.154;0.191
0.906;0.895;0.151;0.152;0.154;0.191
0.906;0.895;0.151;0.152;0.154;0.191
0.906;0.896;0.151;0.152;0.154;0.191
0.906;0.896;0.151;0.152;0.154;0.192
0.906;0.896;0.151;0.152;0.154;0.192
0.907;0.896;0.151;0.152;0.154;0.192
0.907;0.896;0.151;0.152;0.154;0.192
0.907;0.897;0.151;0.152;0.154;0.192
0.907;0.897;0.152;0.152;0.154;0.192
0.907;0.898;0.152;0.152;0.154;0.192
0.908;0.898;0.152;0.152;0.154;0.192
0.908;0.899;0.152;0.152;0.154;0.192
0.908;0.899;0.152;0.152;0.154;0.192
0.909;0.9;0.152;0.152;0.154;0.192
0.909;0.9;0.152;0.152;0.155;0.192
0.909;0.901;0.152;0.152;0.155;0.192
0.909;0.902;0.152;0.152;0.155;0.192
0.909;0.902;0.152;0.152;0.155;0.192
0.91;0.902;0.152;0.152;0.155;0.192
0.91;0.902;0.152;0.152;0.155;0.193
0.91;0.902;0.152;0.152;0.155;0.193
0.91;0.903;0.152;0.152;0.155;0.193
0.91;0.903;0.152;0.153;0.155;0.193
0.911;0.903;0.152;0.153;0.155;0.193
0.911;0.903;0.152;0.153;0.155;0.193
0.911;0.904;0.152;0.153;0.155;0.193
0.911;0.904;0.152;0.153;0.155;0.193
0.911;0.904;0.152;0.153;0.155;0.193
0.912;0.904;0.152;0.153;0.155;0.193
0.912;0.904;0.152;0.153;0.155;0.193
0.912;0.905;0.152;0.153;0.155;0.193
0.913;0.906;0.152;0.153;0.155;0.193
0.913;0.906;0.152;0.153;0.155;0.193
0.913;0.906;0.152;0.153;0.155;0.193
0.913;0.906;0.152;0.153;0.155;0.193
0.913;0.906;0.153;0.153;0.155;0.193
0.913;0.906;0.153;0.153;0.155;0.193
0.914;0.907;0.153;0.153;0.155;0.193
0.914;0.907;0.153;0.153;0.155;0.193
0.914;0.907;0.153;0.153;0.156;0.194
0.914;0.908;0.153;0.153;0.156;0.194
0.915;0.908;0.153;0.153;0.156;0.194
0.915;0.908;0.153;0.153;0.156;0.194
0.915;0.908;0.153;0.154;0.156;0.194
0.915;0.909;0.153;0.154;0.156;0.194
0.915;0.91;0.153;0.154;0.156;0.194
0.915;0.91;0.153;0.154;0.156;0.194
0.915;0.91;0.153;0.154;0.156;0.194
0.915;0.91;0.153;0.154;0.156;0.194
0.916;0.91;0.153;0.154;0.156;0.194
0.916;0.911;0.153;0.154;0.156;0.194
0.916;0.911;0.153;0.154;0.156;0.194
0.917;0.911;0.153;0.154;0.156;0.194
0.917;0.912;0.154;0.154;0.156;0.195
0.917;0.912;0.154;0.154;0.156;0.195
0.918;0.912;0.154;0.154;0.156;0.195
0.918;0.913;0.154;0.154;0.156;0.195
0.918;0.914;0.154;0.154;0.156;0.195
0.918;0.914;0.154;0.154;0.156;0.195
0.918;0.914;0.154;0.154;0.156;0.195
0.918;0.914;0.154;0.154;0.156;0.195
0.919;0.914;0.154;0.154;0.156;0.195
0.919;0.915;0.154;0.154;0.157;0.195
0.92;0.916;0.154;0.154;0.157;0.195
0.92;0.916;0.154;0.154;0.157;0.195
0.92;0.916;0.154;0.154;0.157;0.195
0.92;0.916;0.154;0.154;0.157;0.195
0.92;0.916;0.154;0.154;0.157;0.195
0.92;0.916;0.154;0.154;0.157;0.196
0.921;0.917;0.154;0.154;0.157;0.196
0.921;0.917;0.154;0.154;0.157;0.196
0.921;0.917;0.154;0.155;0.157;0.196
0.921;0.918;0.154;0.155;0.157;0.196
0.922;0.918;0.154;0.155;0.157;0.196
0.922;0.918;0.154;0.155;0.157;0.196
0.922;0.918;0.154;0.155;0.157;0.196
0.922;0.918;0.154;0.155;0.157;0.196
0.922;0.919;0.155;0.155;0.157;0.196
0.922;0.919;0.155;0.155;0.157;0.196
0.923;0.919;0.155;0.155;0.157;0.196
0.923;0.919;0.155;0.155;0.157;0.196
0.923;0.919;0.155;0.155;0.157;0.196
0.924;0.92;0.155;0.155;0.157;0.196
0.924;0.92;0.155;0.155;0.157;0.196
0.924;0.921;0.155;0.155;0.157;0.197
0.924;0.921;0.155;0.155;0.157;0.197
0.924;0.921;0.155;0.155;0.158;0.197
0.925;0.921;0.155;0.155;0.158;0.197
0.925;0.922;0.155;0.155;0.158;0.197
0.925;0.922;0.155;0.155;0.158;0.197
0.925;0.922;0.155;0.155;0.158;0.197
0.925;0.922;0.155;0.155;0.158;0.197
0.925;0.922;0.155;0.155;0.158;0.197
0.926;0.922;0.156;0.155;0.158;0.197
0.926;0.923;0.156;0.155;0.158;0.197
0.926;0.923;0.156;0.155;0.158;0.197
0.926;0.923;0.156;0.155;0.158;0.197
0.927;0.923;0.156;0.155;0.158;0.197
0.927;0.924;0.156;0.155;0.158;0.197
0.927;0.924;0.156;0.156;0.158;0.197
0.928;0.925;0.156;0.156;0.158;0.197
0.928;0.925;0.156;0.156;0.158;0.197
0.928;0.926;0.156;0.156;0.158;0.197
0.928;0.926;0.156;0.156;0.159;0.197
0.928;0.926;0.156;0.156;0.159;0.197
0.928;0.926;0.156;0.156;0.159;0.198
0.929;0.927;0.156;0.156;0.159;0.198
0.929;0.928;0.156;0.156;0.159;0.198
0.929;0.928;0.156;0.156;0.159;0.198
0.929;0.928;0.156;0.156;0.159;0.198
0.929;0.929;0.156;0.156;0.159;0.198
0.93;0.929;0.157;0.156;0.159;0.198
0.93;0.929;0.157;0.156;0.159;0.198
0.93;0.929;0.157;0.156;0.159;0.198
0.93;0.93;0.157;0.156;0.159;0.198
0.93;0.931;0.157;0.156;0.159;0.198
0.93;0.931;0.157;0.156;0.159;0.198
0.93;0.931;0.157;0.156;0.159;0.198
0.93;0.932;0.157;0.156;0.159;0.198
0.931;0.932;0.157;0.156;0.159;0.198
0.931;0.932;0.158;0.156;0.16;0.198
0.931;0.933;0.158;0.156;0.16;0.198
0.931;0.933;0.158;0.157;0.16;0.198
0.932;0.933;0.158;0.157;0.16;0.198
0.932;0.933;0.158;0.157;0.16;0.198
0.932;0.933;0.158;0.157;0.16;0.198
0.932;0.933;0.158;0.157;0.16;0.198
0.932;0.933;0.158;0.157;0.16;0.199
0.933;0.933;0.158;0.157;0.16;0.199
0.933;0.933;0.158;0.157;0.16;0.199
0.933;0.934;0.158;0.157;0.16;0.199
0.933;0.934;0.158;0.157;0.16;0.199
0.933;0.935;0.158;0.157;0.16;0.199
0.934;0.935;0.158;0.157;0.16;0.199
0.935;0.936;0.158;0.157;0.16;0.199
0.935;0.936;0.159;0.157;0.16;0.199
0.935;0.936;0.159;0.157;0.16;0.199
0.936;0.936;0.159;0.157;0.16;0.199
0.936;0.936;0.159;0.157;0.16;0.199
0.936;0.936;0.159;0.158;0.16;0.2
0.936;0.936;0.159;0.158;0.16;0.2
0.936;0.937;0.159;0.158;0.16;0.2
0.936;0.937;0.159;0.158;0.16;0.2
0.936;0.937;0.159;0.158;0.16;0.2
0.937;0.937;0.159;0.158;0.16;0.2
0.937;0.937;0.159;0.158;0.161;0.2
0.937;0.937;0.159;0.158;0.161;0.2
0.937;0.938;0.159;0.158;0.161;0.2
0.937;0.938;0.159;0.158;0.161;0.2
0.937;0.938;0.159;0.158;0.161;0.2
0.938;0.939;0.159;0.158;0.161;0.2
0.938;0.94;0.159;0.158;0.161;0.2
0.938;0.94;0.16;0.158;0.161;0.2
0.938;0.94;0.16;0.158;0.161;0.2
0.938;0.941;0.16;0.158;0.161;0.2
0.939;0.941;0.16;0.158;0.161;0.201
0.939;0.941;0.16;0.158;0.161;0.201
0.939;0.942;0.16;0.159;0.161;0.201
0.939;0.942;0.16;0.159;0.161;0.201
0.939;0.943;0.16;0.159;0.161;0.201
0.94;0.943;0.16;0.159;0.161;0.201
0.94;0.943;0.16;0.159;0.161;0.201
0.94;0.943;0.16;0.159;0.161;0.201
0.94;0.943;0.16;0.159;0.161;0.201
0.94;0.943;0.16;0.159;0.161;0.201
0.94;0.944;0.161;0.159;0.161;0.201
0.94;0.944;0.161;0.159;0.161;0.202
0.94;0.944;0.161;0.159;0.161;0.202
0.94;0.944;0.161;0.159;0.161;0.202
0.941;0.944;0.161;0.159;0.161;0.202
0.941;0.945;0.161;0.159;0.161;0.202
0.941;0.945;0.161;0.159;0.161;0.202
0.942;0.945;0.161;0.159;0.161;0.202
0.942;0.945;0.161;0.159;0.162;0.202
0.942;0.946;0.161;0.159;0.162;0.202
0.942;0.946;0.161;0.159;0.162;0.202
0.943;0.946;0.161;0.16;0.162;0.202
0.943;0.946;0.162;0.16;0.162;0.202
0.943;0.946;0.162;0.16;0.162;0.202
0.943;0.946;0.162;0.16;0.162;0.202
0.943;0.947;0.162;0.16;0.162;0.202
0.943;0.947;0.162;0.16;0.162;0.203
0.943;0.947;0.162;0.16;0.162;0.203
0.944;0.947;0.162;0.16;0.162;0.203
0.944;0.947;0.162;0.16;0.162;0.203
0.944;0.947;0.162;0.16;0.162;0.203
0.944;0.947;0.162;0.16;0.162;0.203
0.944;0.947;0.163;0.16;0.162;0.203
0.944;0.947;0.163;0.161;0.162;0.203
0.944;0.948;0.163;0.161;0.162;0.204
0.944;0.948;0.163;0.161;0.163;0.204
0.944;0.948;0.163;0.161;0.163;0.204
0.944;0.948;0.163;0.161;0.163;0.204
0.945;0.95;0.163;0.161;0.163;0.204
0.945;0.95;0.163;0.161;0.163;0.204
0.945;0.95;0.163;0.161;0.163;0.204
0.945;0.95;0.163;0.161;0.163;0.204
0.945;0.951;0.163;0.161;0.163;0.204
0.945;0.951;0.164;0.161;0.163;0.204
0.945;0.951;0.164;0.161;0.163;0.204
0.946;0.951;0.164;0.161;0.163;0.204
0.946;0.952;0.164;0.161;0.163;0.205
0.946;0.952;0.164;0.161;0.163;0.205
0.946;0.952;0.164;0.161;0.163;0.205
0.946;0.952;0.164;0.161;0.163;0.205
0.946;0.953;0.164;0.161;0.163;0.205
0.946;0.953;0.164;0.161;0.163;0.205
0.946;0.954;0.164;0.162;0.164;0.205
0.947;0.954;0.164;0.162;0.164;0.205
0.947;0.954;0.164;0.162;0.164;0.205
0.947;0.954;0.164;0.162;0.164;0.205
0.947;0.954;0.164;0.162;0.164;0.205
0.947;0.955;0.165;0.162;0.164;0.205
0.948;0.955;0.165;0.162;0.164;0.205
0.948;0.955;0.165;0.162;0.164;0.205
0.948;0.955;0.165;0.162;0.164;0.205
0.948;0.955;0.165;0.162;0.164;0.206
0.948;0.955;0.165;0.162;0.164;0.206
0.948;0.956;0.165;0.163;0.164;0.206
0.948;0.956;0.165;0.163;0.164;0.206
0.948;0.956;0.165;0.163;0.165;0.206
0.949;0.956;0.165;0.163;0.165;0.206
0.949;0.957;0.166;0.163;0.165;0.206
0.949;0.957;0.166;0.163;0.165;0.206
0.95;0.957;0.166;0.163;0.165;0.206
0.95;0.957;0.166;0.163;0.165;0.206
0.95;0.957;0.166;0.163;0.165;0.206
0.95;0.958;0.166;0.163;0.165;0.206
0.95;0.958;0.166;0.163;0.165;0.206
0.951;0.958;0.166;0.163;0.165;0.206
0.951;0.959;0.166;0.163;0.165;0.206
0.951;0.959;0.166;0.163;0.165;0.207
0.952;0.959;0.167;0.164;0.165;0.207
0.952;0.959;0.167;0.164;0.165;0.207
0.952;0.96;0.167;0.164;0.165;0.207
0.953;0.96;0.167;0.164;0.166;0.207
0.953;0.96;0.167;0.164;0.166;0.207
0.953;0.96;0.167;0.164;0.166;0.207
0.953;0.961;0.167;0.164;0.166;0.207
0.953;0.961;0.168;0.164;0.166;0.207
0.954;0.961;0.168;0.164;0.166;0.207
0.954;0.961;0.168;0.164;0.166;0.207
0.954;0.961;0.168;0.165;0.166;0.207
0.954;0.961;0.168;0.165;0.166;0.207
0.955;0.962;0.168;0.165;0.166;0.208
0.955;0.962;0.168;0.165;0.166;0.208
0.955;0.963;0.168;0.165;0.166;0.208
0.956;0.963;0.168;0.165;0.166;0.208
0.956;0.963;0.168;0.165;0.166;0.208
0.956;0.963;0.169;0.165;0.167;0.208
0.956;0.963;0.169;0.165;0.167;0.208
0.956;0.964;0.169;0.165;0.167;0.208
0.956;0.964;0.169;0.165;0.167;0.208
0.957;0.964;0.169;0.165;0.167;0.208
0.957;0.964;0.169;0.165;0.167;0.208
0.957;0.964;0.17;0.165;0.167;0.208
0.957;0.965;0.17;0.166;0.167;0.208
0.958;0.965;0.17;0.166;0.167;0.209
0.958;0.965;0.17;0.166;0.167;0.209
0.958;0.965;0.17;0.166;0.167;0.209
0.958;0.965;0.17;0.166;0.167;0.209
0.958;0.965;0.171;0.166;0.167;0.209
0.958;0.965;0.171;0.166;0.167;0.209
0.959;0.965;0.171;0.166;0.168;0.209
0.959;0.966;0.171;0.166;0.168;0.209
0.959;0.966;0.171;0.166;0.168;0.209
0.959;0.966;0.171;0.166;0.168;0.209
0.959;0.966;0.171;0.166;0.168;0.21
0.959;0.966;0.171;0.167;0.168;0.21
0.96;0.966;0.172;0.167;0.168;0.21
0.96;0.966;0.172;0.167;0.168;0.21
0.96;0.966;0.172;0.167;0.168;0.21
0.96;0.967;0.172;0.167;0.168;0.21
0.96;0.967;0.172;0.167;0.168;0.21
0.96;0.967;0.172;0.167;0.168;0.21
0.96;0.967;0.172;0.167;0.168;0.21
0.961;0.967;0.172;0.168;0.169;0.21
0.961;0.968;0.172;0.168;0.169;0.21
0.961;0.968;0.173;0.168;0.169;0.21
0.961;0.968;0.173;0.168;0.169;0.21
0.962;0.969;0.173;0.168;0.169;0.21
0.962;0.969;0.173;0.168;0.169;0.21
0.962;0.969;0.173;0.168;0.169;0.211
0.962;0.969;0.174;0.168;0.169;0.211
0.962;0.969;0.174;0.168;0.169;0.211
0.962;0.97;0.174;0.168;0.17;0.211
0.962;0.97;0.174;0.169;0.17;0.211
0.963;0.97;0.175;0.169;0.17;0.211
0.963;0.97;0.175;0.169;0.17;0.212
0.963;0.971;0.175;0.169;0.17;0.212
0.964;0.971;0.175;0.169;0.17;0.212
0.964;0.972;0.176;0.169;0.17;0.212
0.964;0.972;0.176;0.169;0.171;0.212
0.964;0.972;0.177;0.169;0.171;0.212
0.964;0.972;0.177;0.169;0.171;0.212
0.965;0.973;0.177;0.17;0.171;0.212
0.965;0.973;0.178;0.17;0.172;0.212
0.965;0.973;0.178;0.17;0.172;0.212
0.965;0.973;0.178;0.17;0.173;0.213
0.966;0.973;0.179;0.171;0.173;0.213
0.966;0.973;0.179;0.171;0.173;0.213
0.966;0.973;0.179;0.171;0.173;0.213
0.966;0.974;0.179;0.171;0.173;0.213
0.967;0.974;0.18;0.171;0.174;0.213
0.967;0.974;0.18;0.172;0.174;0.214
0.967;0.974;0.18;0.172;0.174;0.215
0.967;0.974;0.18;0.172;0.174;0.215
0.967;0.974;0.18;0.172;0.174;0.215
0.968;0.975;0.18;0.173;0.175;0.215
0.969;0.975;0.181;0.173;0.175;0.215
0.969;0.975;0.181;0.173;0.176;0.215
0.969;0.975;0.181;0.173;0.176;0.216
0.969;0.976;0.182;0.173;0.176;0.216
0.969;0.976;0.182;0.174;0.177;0.216
0.969;0.976;0.183;0.174;0.177;0.216
0.969;0.977;0.183;0.174;0.177;0.217
0.97;0.977;0.186;0.174;0.177;0.217
0.97;0.977;0.187;0.174;0.177;0.217
0.971;0.978;0.187;0.174;0.178;0.217
0.971;0.978;0.188;0.174;0.178;0.217
0.971;0.978;0.19;0.174;0.178;0.217
0.971;0.978;0.19;0.174;0.178;0.217
0.971;0.979;0.192;0.174;0.178;0.218
0.972;0.979;0.194;0.175;0.179;0.218
0.972;0.979;0.196;0.175;0.179;0.218
0.972;0.979;0.197;0.175;0.179;0.218
0.972;0.979;0.198;0.175;0.18;0.218
0.972;0.98;0.204;0.176;0.18;0.219
0.972;0.98;0.207;0.176;0.18;0.219
0.973;0.98;0.211;0.176;0.18;0.219
0.973;0.98;0.216;0.176;0.18;0.219
0.973;0.981;0.217;0.176;0.18;0.219
0.973;0.981;0.218;0.177;0.181;0.219
0.973;0.981;0.226;0.177;0.181;0.219
0.973;0.981;0.237;0.177;0.181;0.22
0.973;0.982;0.34;0.177;0.181;0.22
0.974;0.982;0.584;0.177;0.181;0.22
0.974;0.982;0.616;0.178;0.182;0.22
0.975;0.982;0.692;0.178;0.182;0.221
0.975;0.982;0.7;0.178;0.183;0.221
0.975;0.983;0.708;0.178;0.183;0.221
0.975;0.983;0.738;0.179;0.183;0.221
0.976;0.983;0.753;0.179;0.183;0.221
0.976;0.983;0.761;0.179;0.184;0.221
0.976;0.983;0.778;0.18;0.184;0.221
0.976;0.983;0.794;0.18;0.184;0.222
0.976;0.983;0.805;0.181;0.184;0.222
0.976;0.984;0.822;0.181;0.185;0.222
0.976;0.984;0.825;0.182;0.186;0.222
0.976;0.984;0.836;0.183;0.186;0.223
0.977;0.984;0.839;0.183;0.186;0.224
0.977;0.985;0.859;0.183;0.186;0.224
0.977;0.985;0.859;0.184;0.187;0.224
0.977;0.986;0.864;0.184;0.187;0.225
0.978;0.986;0.867;0.184;0.187;0.226
0.978;0.987;0.869;0.185;0.187;0.227
0.979;0.987;0.871;0.185;0.188;0.228
0.979;0.987;0.881;0.185;0.188;0.228
0.979;0.987;0.882;0.186;0.189;0.228
0.979;0.988;0.893;0.186;0.19;0.229
0.98;0.988;0.894;0.187;0.191;0.229
0.98;0.988;0.896;0.187;0.192;0.229
0.98;0.988;0.906;0.187;0.192;0.23
0.98;0.989;0.909;0.188;0.195;0.23
0.98;0.989;0.914;0.19;0.195;0.23
0.981;0.989;0.922;0.19;0.195;0.231
0.982;0.989;0.925;0.19;0.198;0.231
0.982;0.989;0.928;0.191;0.198;0.231
0.982;0.99;0.93;0.197;0.198;0.231
0.982;0.99;0.935;0.198;0.2;0.232
0.982;0.99;0.939;0.198;0.2;0.232
0.983;0.99;0.94;0.201;0.201;0.235
0.983;0.99;0.94;0.201;0.202;0.236
0.983;0.991;0.942;0.206;0.203;0.237
0.983;0.991;0.944;0.207;0.203;0.237
0.983;0.991;0.947;0.215;0.203;0.237
0.984;0.991;0.949;0.221;0.204;0.238
0.984;0.991;0.949;0.229;0.205;0.241
0.984;0.991;0.954;0.241;0.207;0.242
0.984;0.992;0.956;0.305;0.209;0.242
0.985;0.992;0.956;0.323;0.209;0.242
0.985;0.992;0.957;0.351;0.211;0.244
0.985;0.992;0.96;0.768;0.213;0.245
0.985;0.992;0.963;0.857;0.219;0.245
0.985;0.992;0.964;0.868;0.22;0.248
0.986;0.993;0.965;0.922;0.226;0.253
0.986;0.993;0.967;0.922;0.231;0.255
0.986;0.993;0.972;0.928;0.28;0.385
0.986;0.993;0.972;0.93;0.437;0.624
0.987;0.993;0.972;0.932;0.489;0.964
0.988;0.993;0.972;0.956;0.847;
0.988;0.993;0.973;0.958;0.901;
0.989;0.993;0.974;0.96;0.93;
0.989;0.994;0.974;0.961;0.937;
0.989;0.994;0.975;0.963;0.94;
0.989;0.994;0.976;0.969;0.948;
0.989;0.994;0.979;0.97;0.957;
0.989;0.994;0.979;0.973;0.96;
0.989;0.994;0.982;0.973;0.999;
0.99;0.995;0.982;0.976;;
0.99;0.995;0.984;0.984;;
0.99;0.995;0.984;0.985;;
0.99;0.995;0.985;0.987;;
0.99;0.995;0.985;0.988;;
0.99;0.995;0.986;0.99;;
0.99;0.996;0.987;0.994;;
0.991;0.996;0.988;0.999;;
0.991;0.996;0.988;0.999;;
0.991;0.996;0.989;;;
0.992;0.996;0.991;;;
0.992;0.996;0.993;;;
0.992;0.996;0.994;;;
0.992;0.996;0.995;;;
0.993;0.996;0.995;;;
0.993;0.997;0.996;;;
0.993;0.997;0.999;;;
0.993;0.997;0.999;;;
0.993;0.998;;;;
0.994;0.998;;;;
0.994;0.999;;;;
0.994;0.999;;;;
0.994;0.999;;;;
0.995;0.999;;;;
0.995;0.999;;;;
0.995;0.999;;;;
0.996;0.999;;;;
0.996;;;;;
0.997;;;;;
0.997;;;;;
0.997;;;;;
0.997;;;;;
0.998;;;;;
0.998;;;;;
0.999;;;;;
0.999;;;;;
