1625354683.412019,qvb08dfd47b-31,0.00,0.00,0.00,0,0,0.00,0.00,0.00,0,0,0.00,0.00,0,0
1625354683.412112,WebServer,0.00,0.00,0.00,0,0,0.00,0.00,0.00,0,0,0.00,0.00,0,0
1625354683.412145,qvo3854936e-ce,0.00,0.00,0.00,0,0,0.00,0.00,0.00,0,0,0.00,0.00,0,0
1625354683.412173,eth0,0.00,0.00,0.00,0,0,0.00,0.00,0.00,0,0,0.00,0.00,0,0
1625354683.412195,VNF1,0.00,0.00,0.00,0,0,0.00,0.00,0.00,0,0,0.00,0.00,0,0
1625354683.412218,qvo5d0e6d7d-89,0.00,0.00,0.00,0,0,0.00,0.00,0.00,0,0,0.00,0.00,0,0
1625354683.412398,qvb3854936e-ce,0.00,0.00,0.00,0,0,0.00,0.00,0.00,0,0,0.00,0.00,0,0
1625354683.412443,qbr3854936e-ce,0.00,0.00,0.00,0,0,0.00,0.00,0.00,0,0,0.00,0.00,0,0
1625354683.412466,qvo08dfd47b-31,0.00,0.00,0.00,0,0,0.00,0.00,0.00,0,0,0.00,0.00,0,0
1625354683.412488,qbr5d0e6d7d-89,0.00,0.00,0.00,0,0,0.00,0.00,0.00,0,0,0.00,0.00,0,0
1625354683.412625,VMa,0.00,0.00,0.00,0,0,0.00,0.00,0.00,0,0,0.00,0.00,0,0
1625354683.412664,docker0,0.00,0.00,0.00,0,0,0.00,0.00,0.00,0,0,0.00,0.00,0,0
1625354683.412687,qvb5d0e6d7d-89,0.00,0.00,0.00,0,0,0.00,0.00,0.00,0,0,0.00,0.00,0,0
1625354683.412710,eth1,0.00,0.00,0.00,0,0,0.00,0.00,0.00,0,0,0.00,0.00,0,0
1625354683.412731,qbr08dfd47b-31,0.00,0.00,0.00,0,0,0.00,0.00,0.00,0,0,0.00,0.00,0,0
1625354683.412753,lo,0.00,0.00,0.00,0,0,0.00,0.00,0.00,0,0,0.00,0.00,0,0
1625354683.412775,vxlan_sys_4789,0.00,0.00,0.00,0,0,0.00,0.00,0.00,0,0,0.00,0.00,0,0
1625354683.412794,total,0.00,0.00,0.00,0,0,0.00,0.00,0.00,0,0,0.00,0.00,0,0
1625354684.413261,qvb08dfd47b-31,369.63,126.87,496.50,127,370,4.00,2.00,5.99,2,4,0.00,0.00,0,0
1625354684.413404,WebServer,126.87,369.63,496.50,370,127,2.00,4.00,5.99,4,2,0.00,0.00,0,0
1625354684.413441,qvo3854936e-ce,316.68,371.63,688.31,372,317,5.00,4.00,8.99,4,5,0.00,0.00,0,0
1625354684.413472,eth0,77222.78,16567.43,93790.21,16584,77300,55.94,63.94,119.88,64,56,0.00,0.00,0,0
1625354684.413552,VNF1,186.81,371.63,558.44,372,187,3.00,4.00,6.99,4,3,0.00,0.00,0,0
1625354684.413579,qvo5d0e6d7d-89,126.87,365.63,492.51,366,127,2.00,4.00,5.99,4,2,0.00,0.00,0,0
1625354684.413718,qvb3854936e-ce,371.63,316.68,688.31,317,372,4.00,5.00,8.99,5,4,0.00,0.00,0,0
1625354684.413755,qbr3854936e-ce,0.00,141.86,141.86,142,0,0.00,3.00,3.00,3,0,0.00,0.00,0,0
1625354684.413782,qvo08dfd47b-31,126.87,369.63,496.50,370,127,2.00,4.00,5.99,4,2,0.00,0.00,0,0
1625354684.413808,qbr5d0e6d7d-89,0.00,0.00,0.00,0,0,0.00,0.00,0.00,0,0,0.00,0.00,0,0
1625354684.413948,VMa,126.87,365.63,492.51,366,127,2.00,4.00,5.99,4,2,0.00,0.00,0,0
1625354684.413983,docker0,0.00,0.00,0.00,0,0,0.00,0.00,0.00,0,0,0.00,0.00,0,0
1625354684.414006,qvb5d0e6d7d-89,365.63,126.87,492.51,127,366,4.00,2.00,5.99,2,4,0.00,0.00,0,0
1625354684.414034,eth1,371.63,316.68,688.31,317,372,4.00,5.00,8.99,5,4,0.00,0.00,0,0
1625354684.414060,qbr08dfd47b-31,0.00,0.00,0.00,0,0,0.00,0.00,0.00,0,0,0.00,0.00,0,0
1625354684.414083,lo,573.43,573.43,1146.85,574,574,7.99,7.99,15.98,8,8,0.00,0.00,0,0
1625354684.414111,vxlan_sys_4789,623.38,197.80,821.18,198,624,7.99,4.00,11.99,4,8,0.00,0.00,0,0
1625354684.414163,total,80909.09,20581.42,101490.52,20602,80990,103.90,116.88,220.78,117,104,0.00,0.00,0,0
1625354685.414737,qvb08dfd47b-31,542.46,197.80,740.26,198,543,5.99,3.00,8.99,3,6,0.00,0.00,0,0
1625354685.414828,WebServer,197.80,542.46,740.26,543,198,3.00,5.99,8.99,6,3,0.00,0.00,0,0
1625354685.414860,qvo3854936e-ce,1125.87,371.63,1497.50,372,1127,8.99,4.00,12.99,4,9,0.00,0.00,0,0
1625354685.414893,eth0,68802.20,6048.95,74851.15,6055,68871,34.97,44.96,79.92,45,35,0.00,0.00,0,0
1625354685.414926,VNF1,228.77,371.63,600.40,372,229,4.00,4.00,7.99,4,4,0.00,0.00,0,0
1625354685.414953,qvo5d0e6d7d-89,126.87,263.74,390.61,264,127,2.00,3.00,5.00,3,2,0.00,0.00,0,0
1625354685.415094,qvb3854936e-ce,371.63,1125.87,1497.50,1127,372,4.00,8.99,12.99,9,4,0.00,0.00,0,0
1625354685.415132,qbr3854936e-ce,0.00,895.10,895.10,896,0,0.00,6.99,6.99,7,0,0.00,0.00,0,0
1625354685.415157,qvo08dfd47b-31,197.80,542.46,740.26,543,198,3.00,5.99,8.99,6,3,0.00,0.00,0,0
1625354685.415183,qbr5d0e6d7d-89,0.00,0.00,0.00,0,0,0.00,0.00,0.00,0,0,0.00,0.00,0,0
1625354685.415436,VMa,126.87,263.74,390.61,264,127,2.00,3.00,5.00,3,2,0.00,0.00,0,0
1625354685.415487,docker0,0.00,0.00,0.00,0,0,0.00,0.00,0.00,0,0,0.00,0.00,0,0
1625354685.415511,qvb5d0e6d7d-89,263.74,126.87,390.61,127,264,3.00,2.00,5.00,2,3,0.00,0.00,0,0
1625354685.415540,eth1,371.63,1125.87,1497.50,1127,372,4.00,8.99,12.99,9,4,0.00,0.00,0,0
1625354685.415567,qbr08dfd47b-31,0.00,0.00,0.00,0,0,0.00,0.00,0.00,0,0,0.00,0.00,0,0
1625354685.415591,lo,455.54,455.54,911.09,456,456,5.99,5.99,11.99,6,6,0.00,0.00,0,0
1625354685.415619,vxlan_sys_4789,680.32,254.75,935.06,255,681,8.99,5.00,13.99,5,9,0.00,0.00,0,0
1625354685.415644,total,73491.51,12586.41,86077.92,12599,73565,89.91,111.89,201.80,112,90,0.00,0.00,0,0
1625354686.416219,qvb08dfd47b-31,732.27,405.59,1137.86,406,733,7.99,5.99,13.99,6,8,0.00,0.00,0,0
1625354686.416302,WebServer,405.59,778.22,1183.82,779,406,5.99,8.99,14.99,9,6,0.00,0.00,0,0
1625354686.416506,qvo3854936e-ce,1048.95,777.22,1826.17,778,1050,13.99,9.99,23.98,10,14,0.00,0.00,0,0
1625354686.416540,eth0,64305.70,2945.05,67250.75,2948,64370,30.97,35.96,66.93,36,31,0.00,0.00,0,0
1625354686.416572,VNF1,919.08,777.22,1696.30,778,920,11.99,9.99,21.98,10,12,0.00,0.00,0,0
1625354686.416600,qvo5d0e6d7d-89,126.87,365.63,492.51,366,127,2.00,4.00,5.99,4,2,0.00,0.00,0,0
1625354686.416742,qvb3854936e-ce,777.22,1048.95,1826.17,1050,778,9.99,13.99,23.98,14,10,0.00,0.00,0,0
1625354686.416779,qbr3854936e-ce,0.00,215.78,215.78,216,0,0.00,5.00,5.00,5,0,0.00,0.00,0,0
1625354686.416804,qvo08dfd47b-31,405.59,732.27,1137.86,733,406,5.99,7.99,13.99,8,6,0.00,0.00,0,0
1625354686.416830,qbr5d0e6d7d-89,0.00,0.00,0.00,0,0,0.00,0.00,0.00,0,0,0.00,0.00,0,0
1625354686.416967,VMa,126.87,365.63,492.51,366,127,2.00,4.00,5.99,4,2,0.00,0.00,0,0
1625354686.417001,docker0,0.00,0.00,0.00,0,0,0.00,0.00,0.00,0,0,0.00,0.00,0,0
1625354686.417023,qvb5d0e6d7d-89,365.63,126.87,492.51,127,366,4.00,2.00,5.99,2,4,0.00,0.00,0,0
1625354686.417050,eth1,777.22,1048.95,1826.17,1050,778,9.99,13.99,23.98,14,10,0.00,0.00,0,0
1625354686.417077,qbr08dfd47b-31,0.00,0.00,0.00,0,0,0.00,0.00,0.00,0,0,0.00,0.00,0,0
1625354686.417099,lo,0.00,0.00,0.00,0,0,0.00,0.00,0.00,0,0,0.00,0.00,0,0
1625354686.417121,vxlan_sys_4789,930.07,420.58,1350.65,421,931,11.99,7.99,19.98,8,12,0.00,0.00,0,0
1625354686.417146,total,70921.08,10007.99,80929.07,10018,70992,116.88,129.87,246.75,130,117,0.00,0.00,0,0
1625354687.417661,qvb08dfd47b-31,267.73,126.87,394.61,127,268,3.00,2.00,5.00,2,3,0.00,0.00,0,0
1625354687.417820,WebServer,126.87,267.73,394.61,268,127,2.00,3.00,5.00,3,2,0.00,0.00,0,0
1625354687.417852,qvo3854936e-ce,442.56,371.63,814.19,372,443,7.99,4.00,11.99,4,8,0.00,0.00,0,0
1625354687.417882,eth0,63532.47,2422.58,65955.05,2425,63596,24.98,31.97,56.94,32,25,0.00,0.00,0,0
1625354687.417914,VNF1,312.69,371.63,684.32,372,313,5.99,4.00,9.99,4,6,0.00,0.00,0,0
1625354687.417940,qvo5d0e6d7d-89,124.88,372.63,497.50,373,125,2.00,4.00,5.99,4,2,0.00,0.00,0,0
1625354687.418077,qvb3854936e-ce,371.63,442.56,814.19,443,372,4.00,7.99,11.99,8,4,0.00,0.00,0,0
1625354687.418112,qbr3854936e-ce,0.00,225.77,225.77,226,0,0.00,5.99,5.99,6,0,0.00,0.00,0,0
1625354687.418137,qvo08dfd47b-31,126.87,267.73,394.61,268,127,2.00,3.00,5.00,3,2,0.00,0.00,0,0
1625354687.418163,qbr5d0e6d7d-89,0.00,0.00,0.00,0,0,0.00,0.00,0.00,0,0,0.00,0.00,0,0
1625354687.418301,VMa,124.88,372.63,497.50,373,125,2.00,4.00,5.99,4,2,0.00,0.00,0,0
1625354687.418378,docker0,0.00,0.00,0.00,0,0,0.00,0.00,0.00,0,0,0.00,0.00,0,0
1625354687.418401,qvb5d0e6d7d-89,372.63,124.88,497.50,125,373,4.00,2.00,5.99,2,4,0.00,0.00,0,0
1625354687.418428,eth1,371.63,442.56,814.19,443,372,4.00,7.99,11.99,8,4,0.00,0.00,0,0
1625354687.418454,qbr08dfd47b-31,0.00,0.00,0.00,0,0,0.00,0.00,0.00,0,0,0.00,0.00,0,0
1625354687.418477,lo,4943.06,4943.06,9886.11,4948,4948,9.99,9.99,19.98,10,10,0.00,0.00,0,0
1625354687.418505,vxlan_sys_4789,542.46,195.80,738.26,196,543,6.99,4.00,10.99,4,7,0.00,0.00,0,0
1625354687.418529,total,71660.34,10948.05,82608.39,10959,71732,78.92,93.91,172.83,94,79,0.00,0.00,0,0
1625354688.418996,qvb08dfd47b-31,369.63,126.87,496.50,127,370,4.00,2.00,5.99,2,4,0.00,0.00,0,0
1625354688.419104,WebServer,126.87,369.63,496.50,370,127,2.00,4.00,5.99,4,2,0.00,0.00,0,0
1625354688.419155,qvo3854936e-ce,418.58,371.63,790.21,372,419,6.99,4.00,10.99,4,7,0.00,0.00,0,0
1625354688.419239,eth0,63029.97,2173.83,65203.80,2176,63093,20.98,28.97,49.95,29,21,0.00,0.00,0,0
1625354688.419275,VNF1,288.71,371.63,660.34,372,289,5.00,4.00,8.99,4,5,0.00,0.00,0,0
1625354688.419302,qvo5d0e6d7d-89,0.00,0.00,0.00,0,0,0.00,0.00,0.00,0,0,0.00,0.00,0,0
1625354688.419486,qvb3854936e-ce,371.63,418.58,790.21,419,372,4.00,6.99,10.99,7,4,0.00,0.00,0,0
1625354688.419521,qbr3854936e-ce,0.00,215.78,215.78,216,0,0.00,5.00,5.00,5,0,0.00,0.00,0,0
1625354688.419545,qvo08dfd47b-31,126.87,369.63,496.50,370,127,2.00,4.00,5.99,4,2,0.00,0.00,0,0
1625354688.419571,qbr5d0e6d7d-89,0.00,0.00,0.00,0,0,0.00,0.00,0.00,0,0,0.00,0.00,0,0
1625354688.419706,VMa,0.00,0.00,0.00,0,0,0.00,0.00,0.00,0,0,0.00,0.00,0,0
1625354688.419736,docker0,0.00,0.00,0.00,0,0,0.00,0.00,0.00,0,0,0.00,0.00,0,0
1625354688.419758,qvb5d0e6d7d-89,0.00,0.00,0.00,0,0,0.00,0.00,0.00,0,0,0.00,0.00,0,0
1625354688.419781,eth1,371.63,418.58,790.21,419,372,4.00,6.99,10.99,7,4,0.00,0.00,0,0
1625354688.419807,qbr08dfd47b-31,0.00,0.00,0.00,0,0,0.00,0.00,0.00,0,0,0.00,0.00,0,0
1625354688.419830,lo,383.62,383.62,767.23,384,384,5.99,5.99,11.99,6,6,0.00,0.00,0,0
1625354688.419857,vxlan_sys_4789,313.69,98.90,412.59,99,314,4.00,2.00,5.99,2,4,0.00,0.00,0,0
1625354688.419879,total,65801.20,5318.68,71119.88,5324,65867,58.94,73.93,132.87,74,59,0.00,0.00,0,0
1625354689.420533,qvb08dfd47b-31,369.63,126.87,496.50,127,370,4.00,2.00,5.99,2,4,0.00,0.00,0,0
1625354689.420617,WebServer,126.87,369.63,496.50,370,127,2.00,4.00,5.99,4,2,0.00,0.00,0,0
1625354689.420647,qvo3854936e-ce,1990.01,371.63,2361.64,372,1992,11.99,4.00,15.98,4,12,0.00,0.00,0,0
1625354689.420679,eth0,65479.52,4618.38,70097.91,4623,65545,27.97,39.96,67.93,40,28,0.00,0.00,0,0
1625354689.420737,VNF1,228.77,371.63,600.40,372,229,4.00,4.00,7.99,4,4,0.00,0.00,0,0
1625354689.420764,qvo5d0e6d7d-89,0.00,0.00,0.00,0,0,0.00,0.00,0.00,0,0,0.00,0.00,0,0
1625354689.420898,qvb3854936e-ce,371.63,1990.01,2361.64,1992,372,4.00,11.99,15.98,12,4,0.00,0.00,0,0
1625354689.420936,qbr3854936e-ce,0.00,1717.28,1717.28,1719,0,0.00,9.99,9.99,10,0,0.00,0.00,0,0
1625354689.420961,qvo08dfd47b-31,126.87,369.63,496.50,370,127,2.00,4.00,5.99,4,2,0.00,0.00,0,0
1625354689.420986,qbr5d0e6d7d-89,0.00,0.00,0.00,0,0,0.00,0.00,0.00,0,0,0.00,0.00,0,0
1625354689.421124,VMa,0.00,0.00,0.00,0,0,0.00,0.00,0.00,0,0,0.00,0.00,0,0
1625354689.421154,docker0,0.00,0.00,0.00,0,0,0.00,0.00,0.00,0,0,0.00,0.00,0,0
1625354689.421176,qvb5d0e6d7d-89,0.00,0.00,0.00,0,0,0.00,0.00,0.00,0,0,0.00,0.00,0,0
1625354689.421199,eth1,371.63,1990.01,2361.64,1992,372,4.00,11.99,15.98,12,4,0.00,0.00,0,0
1625354689.421235,qbr08dfd47b-31,0.00,0.00,0.00,0,0,0.00,0.00,0.00,0,0,0.00,0.00,0,0
1625354689.421274,lo,690.31,690.31,1380.62,691,691,8.99,8.99,17.98,9,9,0.00,0.00,0,0
1625354689.421361,vxlan_sys_4789,313.69,98.90,412.59,99,314,4.00,2.00,5.99,2,4,0.00,0.00,0,0
1625354689.421409,total,70068.93,12714.29,82783.22,12727,70139,72.93,102.90,175.82,103,73,0.00,0.00,0,0
1625354690.421934,qvb08dfd47b-31,369.63,126.87,496.50,127,370,4.00,2.00,5.99,2,4,0.00,0.00,0,0
1625354690.422018,WebServer,126.87,369.63,496.50,370,127,2.00,4.00,5.99,4,2,0.00,0.00,0,0
1625354690.422049,qvo3854936e-ce,1796.20,371.63,2167.83,372,1798,8.99,4.00,12.99,4,9,0.00,0.00,0,0
1625354690.422082,eth0,63046.95,3611.39,66658.34,3615,63110,20.98,31.97,52.95,32,21,0.00,0.00,0,0
1625354690.422115,VNF1,132.87,371.63,504.50,372,133,2.00,4.00,5.99,4,2,0.00,0.00,0,0
1625354690.422169,qvo5d0e6d7d-89,0.00,0.00,0.00,0,0,0.00,0.00,0.00,0,0,0.00,0.00,0,0
1625354690.422304,qvb3854936e-ce,371.63,1796.20,2167.83,1798,372,4.00,8.99,12.99,9,4,0.00,0.00,0,0
1625354690.422402,qbr3854936e-ce,0.00,1611.39,1611.39,1613,0,0.00,7.99,7.99,8,0,0.00,0.00,0,0
1625354690.422428,qvo08dfd47b-31,126.87,369.63,496.50,370,127,2.00,4.00,5.99,4,2,0.00,0.00,0,0
1625354690.422472,qbr5d0e6d7d-89,0.00,0.00,0.00,0,0,0.00,0.00,0.00,0,0,0.00,0.00,0,0
1625354690.422611,VMa,0.00,0.00,0.00,0,0,0.00,0.00,0.00,0,0,0.00,0.00,0,0
1625354690.422641,docker0,0.00,0.00,0.00,0,0,0.00,0.00,0.00,0,0,0.00,0.00,0,0
1625354690.422662,qvb5d0e6d7d-89,0.00,0.00,0.00,0,0,0.00,0.00,0.00,0,0,0.00,0.00,0,0
1625354690.422685,eth1,371.63,1796.20,2167.83,1798,372,4.00,8.99,12.99,9,4,0.00,0.00,0,0
1625354690.422712,qbr08dfd47b-31,0.00,0.00,0.00,0,0,0.00,0.00,0.00,0,0,0.00,0.00,0,0
1625354690.422734,lo,0.00,0.00,0.00,0,0,0.00,0.00,0.00,0,0,0.00,0.00,0,0
1625354690.422756,vxlan_sys_4789,313.69,98.90,412.59,99,314,4.00,2.00,5.99,2,4,0.00,0.00,0,0
1625354690.422778,total,66656.34,10523.48,77179.82,10534,66723,51.95,77.92,129.87,78,52,0.00,0.00,0,0
1625354691.423258,qvb08dfd47b-31,369.63,126.87,496.50,127,370,4.00,2.00,5.99,2,4,0.00,0.00,0,0
1625354691.423422,WebServer,126.87,369.63,496.50,370,127,2.00,4.00,5.99,4,2,0.00,0.00,0,0
1625354691.423460,qvo3854936e-ce,419.58,245.75,665.33,246,420,6.99,3.00,9.99,3,7,0.00,0.00,0,0
1625354691.423489,eth0,63614.39,2210.79,65825.18,2213,63678,22.98,28.97,51.95,29,23,0.00,0.00,0,0
1625354691.423522,VNF1,197.80,245.75,443.56,246,198,4.00,3.00,6.99,3,4,0.00,0.00,0,0
1625354691.423548,qvo5d0e6d7d-89,0.00,0.00,0.00,0,0,0.00,0.00,0.00,0,0,0.00,0.00,0,0
1625354691.423705,qvb3854936e-ce,245.75,419.58,665.33,420,246,3.00,6.99,9.99,7,3,0.00,0.00,0,0
1625354691.423740,qbr3854936e-ce,0.00,247.75,247.75,248,0,0.00,5.00,5.00,5,0,0.00,0.00,0,0
1625354691.423765,qvo08dfd47b-31,126.87,369.63,496.50,370,127,2.00,4.00,5.99,4,2,0.00,0.00,0,0
1625354691.423790,qbr5d0e6d7d-89,0.00,0.00,0.00,0,0,0.00,0.00,0.00,0,0,0.00,0.00,0,0
1625354691.423924,VMa,0.00,0.00,0.00,0,0,0.00,0.00,0.00,0,0,0.00,0.00,0,0
1625354691.423954,docker0,0.00,0.00,0.00,0,0,0.00,0.00,0.00,0,0,0.00,0.00,0,0
1625354691.423976,qvb5d0e6d7d-89,0.00,0.00,0.00,0,0,0.00,0.00,0.00,0,0,0.00,0.00,0,0
1625354691.423999,eth1,245.75,419.58,665.33,420,246,3.00,6.99,9.99,7,3,0.00,0.00,0,0
1625354691.424024,qbr08dfd47b-31,0.00,0.00,0.00,0,0,0.00,0.00,0.00,0,0,0.00,0.00,0,0
1625354691.424047,lo,927.07,927.07,1854.15,928,928,11.99,11.99,23.98,12,12,0.00,0.00,0,0
1625354691.424077,vxlan_sys_4789,313.69,98.90,412.59,99,314,4.00,2.00,5.99,2,4,0.00,0.00,0,0
1625354691.424100,total,66587.41,5681.32,72268.73,5687,66654,63.94,77.92,141.86,78,64,0.00,0.00,0,0
1625354692.424683,qvb08dfd47b-31,369.63,126.87,496.50,127,370,4.00,2.00,5.99,2,4,0.00,0.00,0,0
1625354692.424768,WebServer,126.87,369.63,496.50,370,127,2.00,4.00,5.99,4,2,0.00,0.00,0,0
1625354692.424798,qvo3854936e-ce,510.49,167.83,678.32,168,511,7.99,2.00,9.99,2,8,0.00,0.00,0,0
1625354692.424828,eth0,65139.86,4519.48,69659.34,4524,65205,35.96,41.96,77.92,42,36,0.00,0.00,0,0
1625354692.424860,VNF1,228.77,167.83,396.60,168,229,4.00,2.00,5.99,2,4,0.00,0.00,0,0
1625354692.424886,qvo5d0e6d7d-89,1606.39,1338.66,2945.05,1340,1608,9.99,11.99,21.98,12,10,0.00,0.00,0,0
1625354692.425044,qvb3854936e-ce,167.83,510.49,678.32,511,168,2.00,7.99,9.99,8,2,0.00,0.00,0,0
1625354692.425080,qbr3854936e-ce,0.00,277.72,277.72,278,0,0.00,5.99,5.99,6,0,0.00,0.00,0,0
1625354692.425105,qvo08dfd47b-31,126.87,369.63,496.50,370,127,2.00,4.00,5.99,4,2,0.00,0.00,0,0
1625354692.425130,qbr5d0e6d7d-89,0.00,0.00,0.00,0,0,0.00,0.00,0.00,0,0,0.00,0.00,0,0
1625354692.425373,VMa,1606.39,1338.66,2945.05,1340,1608,9.99,11.99,21.98,12,10,0.00,0.00,0,0
1625354692.425454,docker0,0.00,0.00,0.00,0,0,0.00,0.00,0.00,0,0,0.00,0.00,0,0
1625354692.425497,qvb5d0e6d7d-89,1338.66,1606.39,2945.05,1608,1340,11.99,9.99,21.98,10,12,0.00,0.00,0,0
1625354692.425528,eth1,167.83,510.49,678.32,511,168,2.00,7.99,9.99,8,2,0.00,0.00,0,0
1625354692.425554,qbr08dfd47b-31,0.00,0.00,0.00,0,0,0.00,0.00,0.00,0,0,0.00,0.00,0,0
1625354692.425576,lo,4487.51,4487.51,8975.03,4492,4492,4.00,4.00,7.99,4,4,0.00,0.00,0,0
1625354692.425603,vxlan_sys_4789,1484.52,1565.43,3049.95,1567,1486,15.98,11.99,27.97,12,16,0.00,0.00,0,0
1625354692.425630,total,77361.64,17356.64,94718.28,17374,77439,111.89,127.87,239.76,128,112,0.00,0.00,0,0
1625354693.426206,qvb08dfd47b-31,369.63,126.87,496.50,127,370,4.00,2.00,5.99,2,4,0.00,0.00,0,0
1625354693.426291,WebServer,126.87,369.63,496.50,370,127,2.00,4.00,5.99,4,2,0.00,0.00,0,0
1625354693.426376,qvo3854936e-ce,552.45,371.63,924.08,372,553,8.99,4.00,12.99,4,9,0.00,0.00,0,0
1625354693.426408,eth0,63046.95,2307.69,65354.65,2310,63110,20.98,30.97,51.95,31,21,0.00,0.00,0,0
1625354693.426439,VNF1,330.67,371.63,702.30,372,331,5.99,4.00,9.99,4,6,0.00,0.00,0,0
1625354693.426466,qvo5d0e6d7d-89,0.00,0.00,0.00,0,0,0.00,0.00,0.00,0,0,0.00,0.00,0,0
1625354693.426601,qvb3854936e-ce,371.63,552.45,924.08,553,372,4.00,8.99,12.99,9,4,0.00,0.00,0,0
1625354693.426664,qbr3854936e-ce,0.00,321.68,321.68,322,0,0.00,6.99,6.99,7,0,0.00,0.00,0,0
1625354693.426690,qvo08dfd47b-31,126.87,369.63,496.50,370,127,2.00,4.00,5.99,4,2,0.00,0.00,0,0
1625354693.426715,qbr5d0e6d7d-89,0.00,0.00,0.00,0,0,0.00,0.00,0.00,0,0,0.00,0.00,0,0
1625354693.426855,VMa,0.00,0.00,0.00,0,0,0.00,0.00,0.00,0,0,0.00,0.00,0,0
1625354693.426885,docker0,0.00,0.00,0.00,0,0,0.00,0.00,0.00,0,0,0.00,0.00,0,0
1625354693.426907,qvb5d0e6d7d-89,0.00,0.00,0.00,0,0,0.00,0.00,0.00,0,0,0.00,0.00,0,0
1625354693.426930,eth1,371.63,552.45,924.08,553,372,4.00,8.99,12.99,9,4,0.00,0.00,0,0
1625354693.426956,qbr08dfd47b-31,0.00,0.00,0.00,0,0,0.00,0.00,0.00,0,0,0.00,0.00,0,0
1625354693.426978,lo,839.16,839.16,1678.32,840,840,11.99,11.99,23.98,12,12,0.00,0.00,0,0
1625354693.427006,vxlan_sys_4789,313.69,98.90,412.59,99,314,4.00,2.00,5.99,2,4,0.00,0.00,0,0
1625354693.427029,total,66449.55,6281.72,72731.27,6288,66516,67.93,87.91,155.84,88,68,0.00,0.00,0,0
1625354694.427555,qvb08dfd47b-31,411.59,168.83,580.42,169,412,5.00,3.00,7.99,3,5,0.00,0.00,0,0
1625354694.427641,WebServer,168.83,411.59,580.42,412,169,3.00,5.00,7.99,5,3,0.00,0.00,0,0
1625354694.427670,qvo3854936e-ce,492.51,371.63,864.14,372,493,7.99,4.00,11.99,4,8,0.00,0.00,0,0
1625354694.427700,eth0,63138.86,2339.66,65478.52,2342,63202,21.98,30.97,52.95,31,22,0.00,0.00,0,0
1625354694.427731,VNF1,270.73,371.63,642.36,372,271,5.00,4.00,8.99,4,5,0.00,0.00,0,0
1625354694.427757,qvo5d0e6d7d-89,0.00,0.00,0.00,0,0,0.00,0.00,0.00,0,0,0.00,0.00,0,0
1625354694.427927,qvb3854936e-ce,371.63,492.51,864.14,493,372,4.00,7.99,11.99,8,4,0.00,0.00,0,0
1625354694.427988,qbr3854936e-ce,0.00,275.72,275.72,276,0,0.00,5.99,5.99,6,0,0.00,0.00,0,0
1625354694.428015,qvo08dfd47b-31,168.83,411.59,580.42,412,169,3.00,5.00,7.99,5,3,0.00,0.00,0,0
1625354694.428040,qbr5d0e6d7d-89,0.00,0.00,0.00,0,0,0.00,0.00,0.00,0,0,0.00,0.00,0,0
1625354694.428177,VMa,0.00,0.00,0.00,0,0,0.00,0.00,0.00,0,0,0.00,0.00,0,0
1625354694.428206,docker0,0.00,0.00,0.00,0,0,0.00,0.00,0.00,0,0,0.00,0.00,0,0
1625354694.428228,qvb5d0e6d7d-89,0.00,0.00,0.00,0,0,0.00,0.00,0.00,0,0,0.00,0.00,0,0
1625354694.428251,eth1,371.63,492.51,864.14,493,372,4.00,7.99,11.99,8,4,0.00,0.00,0,0
1625354694.428276,qbr08dfd47b-31,0.00,0.00,0.00,0,0,0.00,0.00,0.00,0,0,0.00,0.00,0,0
1625354694.428299,lo,573.43,573.43,1146.85,574,574,7.99,7.99,15.98,8,8,0.00,0.00,0,0
1625354694.428371,vxlan_sys_4789,341.66,126.87,468.53,127,342,5.00,3.00,7.99,3,5,0.00,0.00,0,0
1625354694.428394,total,66309.70,6035.96,72345.66,6042,66376,66.93,84.92,151.85,85,67,0.00,0.00,0,0
1625354695.428875,qvb08dfd47b-31,369.63,126.87,496.50,127,370,4.00,2.00,5.99,2,4,0.00,0.00,0,0
1625354695.428959,WebServer,126.87,369.63,496.50,370,127,2.00,4.00,5.99,4,2,0.00,0.00,0,0
1625354695.428989,qvo3854936e-ce,887.11,371.63,1258.74,372,888,10.99,4.00,14.99,4,11,0.00,0.00,0,0
1625354695.429021,eth0,65129.87,4062.94,69192.81,4067,65195,28.97,39.96,68.93,40,29,0.00,0.00,0,0
1625354695.429053,VNF1,330.67,371.63,702.30,372,331,5.99,4.00,9.99,4,6,0.00,0.00,0,0
1625354695.429079,qvo5d0e6d7d-89,0.00,0.00,0.00,0,0,0.00,0.00,0.00,0,0,0.00,0.00,0,0
1625354695.429209,qvb3854936e-ce,371.63,887.11,1258.74,888,372,4.00,10.99,14.99,11,4,0.00,0.00,0,0
1625354695.429246,qbr3854936e-ce,0.00,628.37,628.37,629,0,0.00,8.99,8.99,9,0,0.00,0.00,0,0
1625354695.429294,qvo08dfd47b-31,126.87,369.63,496.50,370,127,2.00,4.00,5.99,4,2,0.00,0.00,0,0
1625354695.429380,qbr5d0e6d7d-89,0.00,0.00,0.00,0,0,0.00,0.00,0.00,0,0,0.00,0.00,0,0
1625354695.429522,VMa,0.00,0.00,0.00,0,0,0.00,0.00,0.00,0,0,0.00,0.00,0,0
1625354695.429552,docker0,0.00,0.00,0.00,0,0,0.00,0.00,0.00,0,0,0.00,0.00,0,0
1625354695.429574,qvb5d0e6d7d-89,0.00,0.00,0.00,0,0,0.00,0.00,0.00,0,0,0.00,0.00,0,0
1625354695.429597,eth1,371.63,887.11,1258.74,888,372,4.00,10.99,14.99,11,4,0.00,0.00,0,0
1625354695.429623,qbr08dfd47b-31,0.00,0.00,0.00,0,0,0.00,0.00,0.00,0,0,0.00,0.00,0,0
1625354695.429646,lo,455.54,455.54,911.09,456,456,5.99,5.99,11.99,6,6,0.00,0.00,0,0
1625354695.429672,vxlan_sys_4789,313.69,98.90,412.59,99,314,4.00,2.00,5.99,2,4,0.00,0.00,0,0
1625354695.429694,total,68483.52,8629.37,77112.89,8638,68552,71.93,96.90,168.83,97,72,0.00,0.00,0,0
1625354696.430251,qvb08dfd47b-31,369.63,126.87,496.50,127,370,4.00,2.00,5.99,2,4,0.00,0.00,0,0
1625354696.430378,WebServer,126.87,369.63,496.50,370,127,2.00,4.00,5.99,4,2,0.00,0.00,0,0
1625354696.430412,qvo3854936e-ce,1898.10,371.63,2269.73,372,1900,10.99,4.00,14.99,4,11,0.00,0.00,0,0
1625354696.430444,eth0,64298.70,3813.19,68111.89,3817,64363,25.97,34.97,60.94,35,26,0.00,0.00,0,0
1625354696.430475,VNF1,228.77,371.63,600.40,372,229,4.00,4.00,7.99,4,4,0.00,0.00,0,0
1625354696.430502,qvo5d0e6d7d-89,0.00,0.00,0.00,0,0,0.00,0.00,0.00,0,0,0.00,0.00,0,0
1625354696.430636,qvb3854936e-ce,371.63,1898.10,2269.73,1900,372,4.00,10.99,14.99,11,4,0.00,0.00,0,0
1625354696.430673,qbr3854936e-ce,0.00,1639.36,1639.36,1641,0,0.00,8.99,8.99,9,0,0.00,0.00,0,0
1625354696.430699,qvo08dfd47b-31,126.87,369.63,496.50,370,127,2.00,4.00,5.99,4,2,0.00,0.00,0,0
1625354696.430724,qbr5d0e6d7d-89,0.00,0.00,0.00,0,0,0.00,0.00,0.00,0,0,0.00,0.00,0,0
1625354696.430896,VMa,0.00,0.00,0.00,0,0,0.00,0.00,0.00,0,0,0.00,0.00,0,0
1625354696.430930,docker0,0.00,0.00,0.00,0,0,0.00,0.00,0.00,0,0,0.00,0.00,0,0
1625354696.430952,qvb5d0e6d7d-89,0.00,0.00,0.00,0,0,0.00,0.00,0.00,0,0,0.00,0.00,0,0
1625354696.430975,eth1,371.63,1898.10,2269.73,1900,372,4.00,10.99,14.99,11,4,0.00,0.00,0,0
1625354696.431002,qbr08dfd47b-31,0.00,0.00,0.00,0,0,0.00,0.00,0.00,0,0,0.00,0.00,0,0
1625354696.431024,lo,0.00,0.00,0.00,0,0,0.00,0.00,0.00,0,0,0.00,0.00,0,0
1625354696.431046,vxlan_sys_4789,313.69,98.90,412.59,99,314,4.00,2.00,5.99,2,4,0.00,0.00,0,0
1625354696.431069,total,68105.90,10957.04,79062.94,10968,68174,60.94,85.91,146.85,86,61,0.00,0.00,0,0
1625354697.431670,qvb08dfd47b-31,369.63,126.87,496.50,127,370,4.00,2.00,5.99,2,4,0.00,0.00,0,0
1625354697.431756,WebServer,126.87,369.63,496.50,370,127,2.00,4.00,5.99,4,2,0.00,0.00,0,0
1625354697.431785,qvo3854936e-ce,1982.02,371.63,2353.65,372,1984,12.99,4.00,16.98,4,13,0.00,0.00,0,0
1625354697.431818,eth0,64384.62,5021.98,69406.59,5027,64449,30.97,41.96,72.93,42,31,0.00,0.00,0,0
1625354697.431850,VNF1,312.69,371.63,684.32,372,313,5.99,4.00,9.99,4,6,0.00,0.00,0,0
1625354697.431877,qvo5d0e6d7d-89,935.06,822.18,1757.24,823,936,6.99,8.99,15.98,9,7,0.00,0.00,0,0
1625354697.432013,qvb3854936e-ce,371.63,1982.02,2353.65,1984,372,4.00,12.99,16.98,13,4,0.00,0.00,0,0
1625354697.432051,qbr3854936e-ce,0.00,1695.30,1695.30,1697,0,0.00,10.99,10.99,11,0,0.00,0.00,0,0
1625354697.432078,qvo08dfd47b-31,126.87,369.63,496.50,370,127,2.00,4.00,5.99,4,2,0.00,0.00,0,0
1625354697.432104,qbr5d0e6d7d-89,0.00,0.00,0.00,0,0,0.00,0.00,0.00,0,0,0.00,0.00,0,0
1625354697.432241,VMa,935.06,822.18,1757.24,823,936,6.99,8.99,15.98,9,7,0.00,0.00,0,0
1625354697.432306,docker0,0.00,0.00,0.00,0,0,0.00,0.00,0.00,0,0,0.00,0.00,0,0
1625354697.432373,qvb5d0e6d7d-89,822.18,935.06,1757.24,936,823,8.99,6.99,15.98,7,9,0.00,0.00,0,0
1625354697.432401,eth1,371.63,1982.02,2353.65,1984,372,4.00,12.99,16.98,13,4,0.00,0.00,0,0
1625354697.432428,qbr08dfd47b-31,0.00,0.00,0.00,0,0,0.00,0.00,0.00,0,0,0.00,0.00,0,0
1625354697.432451,lo,4943.06,4943.06,9886.11,4948,4948,9.99,9.99,19.98,10,10,0.00,0.00,0,0
1625354697.432479,vxlan_sys_4789,1009.99,936.06,1946.05,937,1011,12.99,8.99,21.98,9,13,0.00,0.00,0,0
1625354697.432505,total,76691.31,20749.25,97440.56,20770,76768,111.89,140.86,252.75,141,112,0.00,0.00,0,0
1625354698.433099,qvb08dfd47b-31,267.73,126.87,394.61,127,268,3.00,2.00,5.00,2,3,0.00,0.00,0,0
1625354698.433189,WebServer,126.87,267.73,394.61,268,127,2.00,3.00,5.00,3,2,0.00,0.00,0,0
1625354698.433221,qvo3854936e-ce,742.26,371.63,1113.89,372,743,8.99,4.00,12.99,4,9,0.00,0.00,0,0
1625354698.433254,eth0,66316.69,3024.98,69341.66,3028,66383,29.97,36.96,66.93,37,30,0.00,0.00,0,0
1625354698.433287,VNF1,270.73,371.63,642.36,372,271,5.00,4.00,8.99,4,5,0.00,0.00,0,0
1625354698.433390,qvo5d0e6d7d-89,126.87,365.63,492.51,366,127,2.00,4.00,5.99,4,2,0.00,0.00,0,0
1625354698.433555,qvb3854936e-ce,371.63,742.26,1113.89,743,372,4.00,8.99,12.99,9,4,0.00,0.00,0,0
1625354698.433596,qbr3854936e-ce,0.00,511.49,511.49,512,0,0.00,6.99,6.99,7,0,0.00,0.00,0,0
1625354698.433622,qvo08dfd47b-31,126.87,267.73,394.61,268,127,2.00,3.00,5.00,3,2,0.00,0.00,0,0
1625354698.433648,qbr5d0e6d7d-89,0.00,0.00,0.00,0,0,0.00,0.00,0.00,0,0,0.00,0.00,0,0
1625354698.433792,VMa,126.87,365.63,492.51,366,127,2.00,4.00,5.99,4,2,0.00,0.00,0,0
1625354698.433861,docker0,0.00,0.00,0.00,0,0,0.00,0.00,0.00,0,0,0.00,0.00,0,0
1625354698.433889,qvb5d0e6d7d-89,365.63,126.87,492.51,127,366,4.00,2.00,5.99,2,4,0.00,0.00,0,0
1625354698.433916,eth1,371.63,742.26,1113.89,743,372,4.00,8.99,12.99,9,4,0.00,0.00,0,0
1625354698.433944,qbr08dfd47b-31,0.00,0.00,0.00,0,0,0.00,0.00,0.00,0,0,0.00,0.00,0,0
1625354698.433967,lo,383.62,383.62,767.23,384,384,5.99,5.99,11.99,6,6,0.00,0.00,0,0
1625354698.433994,vxlan_sys_4789,535.46,197.80,733.27,198,536,6.99,4.00,10.99,4,7,0.00,0.00,0,0
1625354698.434018,total,70132.87,7866.13,77999.00,7874,70203,79.92,97.90,177.82,98,80,0.00,0.00,0,0
1625354699.434543,qvb08dfd47b-31,369.63,126.87,496.50,127,370,4.00,2.00,5.99,2,4,0.00,0.00,0,0
1625354699.434628,WebServer,126.87,369.63,496.50,370,127,2.00,4.00,5.99,4,2,0.00,0.00,0,0
1625354699.434658,qvo3854936e-ce,492.51,371.63,864.14,372,493,7.99,4.00,11.99,4,8,0.00,0.00,0,0
1625354699.434738,eth0,67068.93,3953.05,71021.98,3957,67136,32.97,41.96,74.93,42,33,0.00,0.00,0,0
1625354699.434770,VNF1,270.73,371.63,642.36,372,271,5.00,4.00,8.99,4,5,0.00,0.00,0,0
1625354699.434797,qvo5d0e6d7d-89,126.87,365.63,492.51,366,127,2.00,4.00,5.99,4,2,0.00,0.00,0,0
1625354699.434933,qvb3854936e-ce,371.63,492.51,864.14,493,372,4.00,7.99,11.99,8,4,0.00,0.00,0,0
1625354699.434968,qbr3854936e-ce,0.00,275.72,275.72,276,0,0.00,5.99,5.99,6,0,0.00,0.00,0,0
1625354699.434993,qvo08dfd47b-31,126.87,369.63,496.50,370,127,2.00,4.00,5.99,4,2,0.00,0.00,0,0
1625354699.435017,qbr5d0e6d7d-89,0.00,0.00,0.00,0,0,0.00,0.00,0.00,0,0,0.00,0.00,0,0
1625354699.435154,VMa,126.87,365.63,492.51,366,127,2.00,4.00,5.99,4,2,0.00,0.00,0,0
1625354699.435187,docker0,0.00,0.00,0.00,0,0,0.00,0.00,0.00,0,0,0.00,0.00,0,0
1625354699.435238,qvb5d0e6d7d-89,365.63,126.87,492.51,127,366,4.00,2.00,5.99,2,4,0.00,0.00,0,0
1625354699.435267,eth1,371.63,492.51,864.14,493,372,4.00,7.99,11.99,8,4,0.00,0.00,0,0
1625354699.435293,qbr08dfd47b-31,0.00,0.00,0.00,0,0,0.00,0.00,0.00,0,0,0.00,0.00,0,0
1625354699.435360,lo,690.31,690.31,1380.62,691,691,8.99,8.99,17.98,9,9,0.00,0.00,0,0
1625354699.435396,vxlan_sys_4789,623.38,197.80,821.18,198,624,7.99,4.00,11.99,4,8,0.00,0.00,0,0
1625354699.435421,total,71131.87,8569.43,79701.30,8578,71203,86.91,104.90,191.81,105,87,0.00,0.00,0,0
1625354700.435977,qvb08dfd47b-31,369.63,126.87,496.50,127,370,4.00,2.00,5.99,2,4,0.00,0.00,0,0
1625354700.436063,WebServer,126.87,369.63,496.50,370,127,2.00,4.00,5.99,4,2,0.00,0.00,0,0
1625354700.436093,qvo3854936e-ce,560.44,371.63,932.07,372,561,7.99,4.00,11.99,4,8,0.00,0.00,0,0
1625354700.436123,eth0,64119.88,2554.45,66674.33,2557,64184,26.97,31.97,58.94,32,27,0.00,0.00,0,0
1625354700.436155,VNF1,246.75,371.63,618.38,372,247,4.00,4.00,7.99,4,4,0.00,0.00,0,0
1625354700.436181,qvo5d0e6d7d-89,126.87,365.63,492.51,366,127,2.00,4.00,5.99,4,2,0.00,0.00,0,0
1625354700.436357,qvb3854936e-ce,371.63,560.44,932.07,561,372,4.00,7.99,11.99,8,4,0.00,0.00,0,0
1625354700.436399,qbr3854936e-ce,0.00,343.66,343.66,344,0,0.00,5.99,5.99,6,0,0.00,0.00,0,0
1625354700.436449,qvo08dfd47b-31,126.87,369.63,496.50,370,127,2.00,4.00,5.99,4,2,0.00,0.00,0,0
1625354700.436475,qbr5d0e6d7d-89,0.00,0.00,0.00,0,0,0.00,0.00,0.00,0,0,0.00,0.00,0,0
1625354700.436615,VMa,126.87,365.63,492.51,366,127,2.00,4.00,5.99,4,2,0.00,0.00,0,0
1625354700.436648,docker0,0.00,0.00,0.00,0,0,0.00,0.00,0.00,0,0,0.00,0.00,0,0
1625354700.436671,qvb5d0e6d7d-89,365.63,126.87,492.51,127,366,4.00,2.00,5.99,2,4,0.00,0.00,0,0
1625354700.436697,eth1,371.63,560.44,932.07,561,372,4.00,7.99,11.99,8,4,0.00,0.00,0,0
1625354700.436742,qbr08dfd47b-31,0.00,0.00,0.00,0,0,0.00,0.00,0.00,0,0,0.00,0.00,0,0
1625354700.436766,lo,0.00,0.00,0.00,0,0,0.00,0.00,0.00,0,0,0.00,0.00,0,0
1625354700.436788,vxlan_sys_4789,623.38,197.80,821.18,198,624,7.99,4.00,11.99,4,8,0.00,0.00,0,0
1625354700.436811,total,67536.47,6684.32,74220.78,6691,67604,70.93,85.91,156.84,86,71,0.00,0.00,0,0
1625354701.437366,qvb08dfd47b-31,369.63,126.87,496.50,127,370,4.00,2.00,5.99,2,4,0.00,0.00,0,0
1625354701.437452,WebServer,126.87,369.63,496.50,370,127,2.00,4.00,5.99,4,2,0.00,0.00,0,0
1625354701.437481,qvo3854936e-ce,400.60,371.63,772.23,372,401,6.99,4.00,10.99,4,7,0.00,0.00,0,0
1625354701.437512,eth0,63603.40,2382.62,65986.02,2385,63667,24.98,30.97,55.94,31,25,0.00,0.00,0,0
1625354701.437544,VNF1,270.73,371.63,642.36,372,271,5.00,4.00,8.99,4,5,0.00,0.00,0,0
1625354701.437570,qvo5d0e6d7d-89,126.87,365.63,492.51,366,127,2.00,4.00,5.99,4,2,0.00,0.00,0,0
1625354701.437708,qvb3854936e-ce,371.63,400.60,772.23,401,372,4.00,6.99,10.99,7,4,0.00,0.00,0,0
1625354701.437743,qbr3854936e-ce,0.00,197.80,197.80,198,0,0.00,5.00,5.00,5,0,0.00,0.00,0,0
1625354701.437769,qvo08dfd47b-31,126.87,369.63,496.50,370,127,2.00,4.00,5.99,4,2,0.00,0.00,0,0
1625354701.437793,qbr5d0e6d7d-89,0.00,0.00,0.00,0,0,0.00,0.00,0.00,0,0,0.00,0.00,0,0
1625354701.437932,VMa,126.87,365.63,492.51,366,127,2.00,4.00,5.99,4,2,0.00,0.00,0,0
1625354701.437965,docker0,0.00,0.00,0.00,0,0,0.00,0.00,0.00,0,0,0.00,0.00,0,0
1625354701.437987,qvb5d0e6d7d-89,365.63,126.87,492.51,127,366,4.00,2.00,5.99,2,4,0.00,0.00,0,0
1625354701.438013,eth1,371.63,400.60,772.23,401,372,4.00,6.99,10.99,7,4,0.00,0.00,0,0
1625354701.438039,qbr08dfd47b-31,0.00,0.00,0.00,0,0,0.00,0.00,0.00,0,0,0.00,0.00,0,0
1625354701.438082,lo,927.07,927.07,1854.15,928,928,11.99,11.99,23.98,12,12,0.00,0.00,0,0
1625354701.438114,vxlan_sys_4789,623.38,197.80,821.18,198,624,7.99,4.00,11.99,4,8,0.00,0.00,0,0
1625354701.438138,total,67811.19,6974.03,74785.22,6981,67879,80.92,93.91,174.83,94,81,0.00,0.00,0,0
1625354702.438842,qvb08dfd47b-31,369.63,126.87,496.50,127,370,4.00,2.00,5.99,2,4,0.00,0.00,0,0
1625354702.438929,WebServer,126.87,369.63,496.50,370,127,2.00,4.00,5.99,4,2,0.00,0.00,0,0
1625354702.438962,qvo3854936e-ce,520.48,371.63,892.11,372,521,8.99,4.00,12.99,4,9,0.00,0.00,0,0
1625354702.438995,eth0,63457.54,2502.50,65960.04,2505,63521,23.98,32.97,56.94,33,24,0.00,0.00,0,0
1625354702.439029,VNF1,390.61,371.63,762.24,372,391,6.99,4.00,10.99,4,7,0.00,0.00,0,0
1625354702.439060,qvo5d0e6d7d-89,126.87,263.74,390.61,264,127,2.00,3.00,5.00,3,2,0.00,0.00,0,0
1625354702.439198,qvb3854936e-ce,371.63,520.48,892.11,521,372,4.00,8.99,12.99,9,4,0.00,0.00,0,0
1625354702.439238,qbr3854936e-ce,0.00,289.71,289.71,290,0,0.00,6.99,6.99,7,0,0.00,0.00,0,0
1625354702.439266,qvo08dfd47b-31,126.87,369.63,496.50,370,127,2.00,4.00,5.99,4,2,0.00,0.00,0,0
1625354702.439295,qbr5d0e6d7d-89,0.00,0.00,0.00,0,0,0.00,0.00,0.00,0,0,0.00,0.00,0,0
1625354702.439485,VMa,126.87,263.74,390.61,264,127,2.00,3.00,5.00,3,2,0.00,0.00,0,0
1625354702.439531,docker0,0.00,0.00,0.00,0,0,0.00,0.00,0.00,0,0,0.00,0.00,0,0
1625354702.439555,qvb5d0e6d7d-89,263.74,126.87,390.61,127,264,3.00,2.00,5.00,2,3,0.00,0.00,0,0
1625354702.439582,eth1,371.63,520.48,892.11,521,372,4.00,8.99,12.99,9,4,0.00,0.00,0,0
1625354702.439609,qbr08dfd47b-31,0.00,0.00,0.00,0,0,0.00,0.00,0.00,0,0,0.00,0.00,0,0
1625354702.439632,lo,4487.51,4487.51,8975.03,4492,4492,4.00,4.00,7.99,4,4,0.00,0.00,0,0
1625354702.439685,vxlan_sys_4789,535.46,197.80,733.27,198,536,6.99,4.00,10.99,4,7,0.00,0.00,0,0
1625354702.439727,total,71275.73,10782.22,82057.95,10793,71347,73.93,91.91,165.83,92,74,0.00,0.00,0,0
1625354703.440280,qvb08dfd47b-31,369.63,126.87,496.50,127,370,4.00,2.00,5.99,2,4,0.00,0.00,0,0
1625354703.440420,WebServer,126.87,369.63,496.50,370,127,2.00,4.00,5.99,4,2,0.00,0.00,0,0
1625354703.440450,qvo3854936e-ce,502.50,371.63,874.13,372,503,8.99,4.00,12.99,4,9,0.00,0.00,0,0
1625354703.440481,eth0,64785.21,2644.36,67429.57,2647,64850,28.97,34.97,63.94,35,29,0.00,0.00,0,0
1625354703.440522,VNF1,372.63,371.63,744.26,372,373,6.99,4.00,10.99,4,7,0.00,0.00,0,0
1625354703.440549,qvo5d0e6d7d-89,126.87,365.63,492.51,366,127,2.00,4.00,5.99,4,2,0.00,0.00,0,0
1625354703.440685,qvb3854936e-ce,371.63,502.50,874.13,503,372,4.00,8.99,12.99,9,4,0.00,0.00,0,0
1625354703.440720,qbr3854936e-ce,0.00,271.73,271.73,272,0,0.00,6.99,6.99,7,0,0.00,0.00,0,0
1625354703.440745,qvo08dfd47b-31,126.87,369.63,496.50,370,127,2.00,4.00,5.99,4,2,0.00,0.00,0,0
1625354703.440770,qbr5d0e6d7d-89,0.00,0.00,0.00,0,0,0.00,0.00,0.00,0,0,0.00,0.00,0,0
1625354703.440908,VMa,126.87,365.63,492.51,366,127,2.00,4.00,5.99,4,2,0.00,0.00,0,0
1625354703.440942,docker0,0.00,0.00,0.00,0,0,0.00,0.00,0.00,0,0,0.00,0.00,0,0
1625354703.440964,qvb5d0e6d7d-89,365.63,126.87,492.51,127,366,4.00,2.00,5.99,2,4,0.00,0.00,0,0
1625354703.440990,eth1,371.63,502.50,874.13,503,372,4.00,8.99,12.99,9,4,0.00,0.00,0,0
1625354703.441016,qbr08dfd47b-31,0.00,0.00,0.00,0,0,0.00,0.00,0.00,0,0,0.00,0.00,0,0
1625354703.441038,lo,839.16,839.16,1678.32,840,840,11.99,11.99,23.98,12,12,0.00,0.00,0,0
1625354703.441067,vxlan_sys_4789,623.38,197.80,821.18,198,624,7.99,4.00,11.99,4,8,0.00,0.00,0,0
1625354703.441111,total,69108.89,7425.57,76534.47,7433,69178,88.91,103.90,192.81,104,89,0.00,0.00,0,0
1625354704.441647,qvb08dfd47b-31,369.63,126.87,496.50,127,370,4.00,2.00,5.99,2,4,0.00,0.00,0,0
1625354704.441729,WebServer,126.87,369.63,496.50,370,127,2.00,4.00,5.99,4,2,0.00,0.00,0,0
1625354704.441758,qvo3854936e-ce,1806.19,371.63,2177.82,372,1808,9.99,4.00,13.99,4,10,0.00,0.00,0,0
1625354704.441843,eth0,63613.39,3788.21,67401.60,3792,63677,24.98,33.97,58.94,34,25,0.00,0.00,0,0
1625354704.441874,VNF1,228.77,371.63,600.40,372,229,4.00,4.00,7.99,4,4,0.00,0.00,0,0
1625354704.441900,qvo5d0e6d7d-89,126.87,365.63,492.51,366,127,2.00,4.00,5.99,4,2,0.00,0.00,0,0
1625354704.442036,qvb3854936e-ce,371.63,1806.19,2177.82,1808,372,4.00,9.99,13.99,10,4,0.00,0.00,0,0
1625354704.442071,qbr3854936e-ce,0.00,1561.44,1561.44,1563,0,0.00,7.99,7.99,8,0,0.00,0.00,0,0
1625354704.442096,qvo08dfd47b-31,126.87,369.63,496.50,370,127,2.00,4.00,5.99,4,2,0.00,0.00,0,0
1625354704.442121,qbr5d0e6d7d-89,0.00,0.00,0.00,0,0,0.00,0.00,0.00,0,0,0.00,0.00,0,0
1625354704.442259,VMa,126.87,365.63,492.51,366,127,2.00,4.00,5.99,4,2,0.00,0.00,0,0
1625354704.442291,docker0,0.00,0.00,0.00,0,0,0.00,0.00,0.00,0,0,0.00,0.00,0,0
1625354704.442346,qvb5d0e6d7d-89,365.63,126.87,492.51,127,366,4.00,2.00,5.99,2,4,0.00,0.00,0,0
1625354704.442380,eth1,371.63,1806.19,2177.82,1808,372,4.00,9.99,13.99,10,4,0.00,0.00,0,0
1625354704.442407,qbr08dfd47b-31,0.00,0.00,0.00,0,0,0.00,0.00,0.00,0,0,0.00,0.00,0,0
1625354704.442429,lo,573.43,573.43,1146.85,574,574,7.99,7.99,15.98,8,8,0.00,0.00,0,0
1625354704.442456,vxlan_sys_4789,623.38,197.80,821.18,198,624,7.99,4.00,11.99,4,8,0.00,0.00,0,0
1625354704.442479,total,68831.17,12200.80,81031.97,12213,68900,78.92,101.90,180.82,102,79,0.00,0.00,0,0
1625354705.442999,qvb08dfd47b-31,369.63,196.80,566.43,197,370,4.00,3.00,6.99,3,4,0.00,0.00,0,0
1625354705.443108,WebServer,126.87,369.63,496.50,370,127,2.00,4.00,5.99,4,2,0.00,0.00,0,0
1625354705.443140,qvo3854936e-ce,1848.15,371.63,2219.78,372,1850,10.99,4.00,14.99,4,11,0.00,0.00,0,0
1625354705.443172,eth0,63701.30,3830.17,67531.47,3834,63765,26.97,34.97,61.94,35,27,0.00,0.00,0,0
1625354705.443203,VNF1,270.73,371.63,642.36,372,271,5.00,4.00,8.99,4,5,0.00,0.00,0,0
1625354705.443230,qvo5d0e6d7d-89,126.87,333.67,460.54,334,127,2.00,4.00,5.99,4,2,0.00,0.00,0,0
1625354705.443449,qvb3854936e-ce,371.63,1848.15,2219.78,1850,372,4.00,10.99,14.99,11,4,0.00,0.00,0,0
1625354705.443495,qbr3854936e-ce,0.00,1589.41,1589.41,1591,0,0.00,8.99,8.99,9,0,0.00,0.00,0,0
1625354705.443521,qvo08dfd47b-31,196.80,369.63,566.43,370,197,3.00,4.00,6.99,4,3,0.00,0.00,0,0
1625354705.443546,qbr5d0e6d7d-89,0.00,55.94,55.94,56,0,0.00,1.00,1.00,1,0,0.00,0.00,0,0
1625354705.443687,VMa,126.87,333.67,460.54,334,127,2.00,4.00,5.99,4,2,0.00,0.00,0,0
1625354705.443721,docker0,0.00,0.00,0.00,0,0,0.00,0.00,0.00,0,0,0.00,0.00,0,0
1625354705.443743,qvb5d0e6d7d-89,333.67,126.87,460.54,127,334,4.00,2.00,5.99,2,4,0.00,0.00,0,0
1625354705.443769,eth1,371.63,1848.15,2219.78,1850,372,4.00,10.99,14.99,11,4,0.00,0.00,0,0
1625354705.443796,qbr08dfd47b-31,0.00,55.94,55.94,56,0,0.00,1.00,1.00,1,0,0.00,0.00,0,0
1625354705.443821,lo,455.54,455.54,911.09,456,456,5.99,5.99,11.99,6,6,0.00,0.00,0,0
1625354705.443847,vxlan_sys_4789,591.41,197.80,789.21,198,592,7.99,4.00,11.99,4,8,0.00,0.00,0,0
1625354705.443870,total,68891.11,12354.65,81245.76,12367,68960,81.92,106.89,188.81,107,82,0.00,0.00,0,0
1625354706.444431,qvb08dfd47b-31,369.63,126.87,496.50,127,370,4.00,2.00,5.99,2,4,0.00,0.00,0,0
1625354706.444516,WebServer,126.87,369.63,496.50,370,127,2.00,4.00,5.99,4,2,0.00,0.00,0,0
1625354706.444572,qvo3854936e-ce,1848.15,371.63,2219.78,372,1850,10.99,4.00,14.99,4,11,0.00,0.00,0,0
1625354706.444606,eth0,66312.69,4619.38,70932.07,4624,66379,31.97,41.96,73.93,42,32,0.00,0.00,0,0
1625354706.444637,VNF1,270.73,371.63,642.36,372,271,5.00,4.00,8.99,4,5,0.00,0.00,0,0
1625354706.444664,qvo5d0e6d7d-89,126.87,365.63,492.51,366,127,2.00,4.00,5.99,4,2,0.00,0.00,0,0
1625354706.444800,qvb3854936e-ce,371.63,1848.15,2219.78,1850,372,4.00,10.99,14.99,11,4,0.00,0.00,0,0
1625354706.444836,qbr3854936e-ce,0.00,1589.41,1589.41,1591,0,0.00,8.99,8.99,9,0,0.00,0.00,0,0
1625354706.444862,qvo08dfd47b-31,126.87,369.63,496.50,370,127,2.00,4.00,5.99,4,2,0.00,0.00,0,0
1625354706.444887,qbr5d0e6d7d-89,0.00,0.00,0.00,0,0,0.00,0.00,0.00,0,0,0.00,0.00,0,0
1625354706.445025,VMa,126.87,365.63,492.51,366,127,2.00,4.00,5.99,4,2,0.00,0.00,0,0
1625354706.445058,docker0,0.00,0.00,0.00,0,0,0.00,0.00,0.00,0,0,0.00,0.00,0,0
1625354706.445080,qvb5d0e6d7d-89,365.63,126.87,492.51,127,366,4.00,2.00,5.99,2,4,0.00,0.00,0,0
1625354706.445107,eth1,371.63,1848.15,2219.78,1850,372,4.00,10.99,14.99,11,4,0.00,0.00,0,0
1625354706.445135,qbr08dfd47b-31,0.00,0.00,0.00,0,0,0.00,0.00,0.00,0,0,0.00,0.00,0,0
1625354706.445157,lo,0.00,0.00,0.00,0,0,0.00,0.00,0.00,0,0,0.00,0.00,0,0
1625354706.445179,vxlan_sys_4789,623.38,197.80,821.18,198,624,7.99,4.00,11.99,4,8,0.00,0.00,0,0
1625354706.445203,total,71040.96,12570.43,83611.39,12583,71112,79.92,104.90,184.82,105,80,0.00,0.00,0,0
1625354707.445687,qvb08dfd47b-31,369.63,126.87,496.50,127,370,4.00,2.00,5.99,2,4,0.00,0.00,0,0
1625354707.445769,WebServer,126.87,369.63,496.50,370,127,2.00,4.00,5.99,4,2,0.00,0.00,0,0
1625354707.445799,qvo3854936e-ce,2351.65,371.63,2723.28,372,2354,15.98,4.00,19.98,4,16,0.00,0.00,0,0
1625354707.445968,eth0,66182.82,4929.07,71111.89,4934,66249,30.97,44.96,75.92,45,31,0.00,0.00,0,0
1625354707.446096,VNF1,354.65,371.63,726.27,372,355,6.99,4.00,10.99,4,7,0.00,0.00,0,0
1625354707.446151,qvo5d0e6d7d-89,126.87,365.63,492.51,366,127,2.00,4.00,5.99,4,2,0.00,0.00,0,0
1625354707.446357,qvb3854936e-ce,371.63,2351.65,2723.28,2354,372,4.00,15.98,19.98,16,4,0.00,0.00,0,0
1625354707.446407,qbr3854936e-ce,0.00,2005.00,2005.00,2007,0,0.00,13.99,13.99,14,0,0.00,0.00,0,0
1625354707.446435,qvo08dfd47b-31,126.87,369.63,496.50,370,127,2.00,4.00,5.99,4,2,0.00,0.00,0,0
1625354707.446461,qbr5d0e6d7d-89,0.00,0.00,0.00,0,0,0.00,0.00,0.00,0,0,0.00,0.00,0,0
1625354707.446597,VMa,126.87,365.63,492.51,366,127,2.00,4.00,5.99,4,2,0.00,0.00,0,0
1625354707.446629,docker0,0.00,0.00,0.00,0,0,0.00,0.00,0.00,0,0,0.00,0.00,0,0
1625354707.446651,qvb5d0e6d7d-89,365.63,126.87,492.51,127,366,4.00,2.00,5.99,2,4,0.00,0.00,0,0
1625354707.446677,eth1,371.63,2351.65,2723.28,2354,372,4.00,15.98,19.98,16,4,0.00,0.00,0,0
1625354707.446724,qbr08dfd47b-31,0.00,0.00,0.00,0,0,0.00,0.00,0.00,0,0,0.00,0.00,0,0
1625354707.446747,lo,4943.06,4943.06,9886.11,4948,4948,9.99,9.99,19.98,10,10,0.00,0.00,0,0
1625354707.446774,vxlan_sys_4789,623.38,197.80,821.18,198,624,7.99,4.00,11.99,4,8,0.00,0.00,0,0
1625354707.446798,total,76441.56,19245.75,95687.31,19265,76518,95.90,132.87,228.77,133,96,0.00,0.00,0,0
1625354708.447393,qvb08dfd47b-31,369.63,126.87,496.50,127,370,4.00,2.00,5.99,2,4,0.00,0.00,0,0
1625354708.447478,WebServer,126.87,369.63,496.50,370,127,2.00,4.00,5.99,4,2,0.00,0.00,0,0
1625354708.447508,qvo3854936e-ce,488.51,371.63,860.14,372,489,8.99,4.00,12.99,4,9,0.00,0.00,0,0
1625354708.447539,eth0,64855.15,2676.32,67531.47,2679,64920,28.97,34.97,63.94,35,29,0.00,0.00,0,0
1625354708.447571,VNF1,312.69,371.63,684.32,372,313,5.99,4.00,9.99,4,6,0.00,0.00,0,0
1625354708.447638,qvo5d0e6d7d-89,126.87,365.63,492.51,366,127,2.00,4.00,5.99,4,2,0.00,0.00,0,0
1625354708.447779,qvb3854936e-ce,371.63,488.51,860.14,489,372,4.00,8.99,12.99,9,4,0.00,0.00,0,0
1625354708.447815,qbr3854936e-ce,0.00,257.74,257.74,258,0,0.00,6.99,6.99,7,0,0.00,0.00,0,0
1625354708.447839,qvo08dfd47b-31,126.87,369.63,496.50,370,127,2.00,4.00,5.99,4,2,0.00,0.00,0,0
1625354708.447864,qbr5d0e6d7d-89,0.00,0.00,0.00,0,0,0.00,0.00,0.00,0,0,0.00,0.00,0,0
1625354708.448001,VMa,126.87,365.63,492.51,366,127,2.00,4.00,5.99,4,2,0.00,0.00,0,0
1625354708.448050,docker0,0.00,0.00,0.00,0,0,0.00,0.00,0.00,0,0,0.00,0.00,0,0
1625354708.448091,qvb5d0e6d7d-89,365.63,126.87,492.51,127,366,4.00,2.00,5.99,2,4,0.00,0.00,0,0
1625354708.448131,eth1,371.63,488.51,860.14,489,372,4.00,8.99,12.99,9,4,0.00,0.00,0,0
1625354708.448174,qbr08dfd47b-31,0.00,0.00,0.00,0,0,0.00,0.00,0.00,0,0,0.00,0.00,0,0
1625354708.448213,lo,383.62,383.62,767.23,384,384,5.99,5.99,11.99,6,6,0.00,0.00,0,0
1625354708.448249,vxlan_sys_4789,623.38,197.80,821.18,198,624,7.99,4.00,11.99,4,8,0.00,0.00,0,0
1625354708.448273,total,68649.35,6960.04,75609.39,6967,68718,81.92,97.90,179.82,98,82,0.00,0.00,0,0
1625354709.448851,qvb08dfd47b-31,369.63,126.87,496.50,127,370,4.00,2.00,5.99,2,4,0.00,0.00,0,0
1625354709.448936,WebServer,126.87,369.63,496.50,370,127,2.00,4.00,5.99,4,2,0.00,0.00,0,0
1625354709.448966,qvo3854936e-ce,488.51,371.63,860.14,372,489,8.99,4.00,12.99,4,9,0.00,0.00,0,0
1625354709.448996,eth0,68422.58,4044.96,72467.53,4049,68491,33.97,44.96,78.92,45,34,0.00,0.00,0,0
1625354709.449028,VNF1,312.69,371.63,684.32,372,313,5.99,4.00,9.99,4,6,0.00,0.00,0,0
1625354709.449054,qvo5d0e6d7d-89,126.87,365.63,492.51,366,127,2.00,4.00,5.99,4,2,0.00,0.00,0,0
1625354709.449214,qvb3854936e-ce,371.63,488.51,860.14,489,372,4.00,8.99,12.99,9,4,0.00,0.00,0,0
1625354709.449251,qbr3854936e-ce,0.00,257.74,257.74,258,0,0.00,6.99,6.99,7,0,0.00,0.00,0,0
1625354709.449276,qvo08dfd47b-31,126.87,369.63,496.50,370,127,2.00,4.00,5.99,4,2,0.00,0.00,0,0
1625354709.449301,qbr5d0e6d7d-89,0.00,0.00,0.00,0,0,0.00,0.00,0.00,0,0,0.00,0.00,0,0
1625354709.449497,VMa,126.87,365.63,492.51,366,127,2.00,4.00,5.99,4,2,0.00,0.00,0,0
1625354709.449532,docker0,0.00,0.00,0.00,0,0,0.00,0.00,0.00,0,0,0.00,0.00,0,0
1625354709.449554,qvb5d0e6d7d-89,365.63,126.87,492.51,127,366,4.00,2.00,5.99,2,4,0.00,0.00,0,0
1625354709.449580,eth1,371.63,488.51,860.14,489,372,4.00,8.99,12.99,9,4,0.00,0.00,0,0
1625354709.449606,qbr08dfd47b-31,0.00,0.00,0.00,0,0,0.00,0.00,0.00,0,0,0.00,0.00,0,0
1625354709.449629,lo,690.31,690.31,1380.62,691,691,8.99,8.99,17.98,9,9,0.00,0.00,0,0
1625354709.449656,vxlan_sys_4789,623.38,197.80,821.18,198,624,7.99,4.00,11.99,4,8,0.00,0.00,0,0
1625354709.449679,total,72523.48,8635.37,81158.84,8644,72596,89.91,110.89,200.80,111,90,0.00,0.00,0,0
1625354710.450178,qvb08dfd47b-31,369.63,126.87,496.50,127,370,4.00,2.00,5.99,2,4,0.00,0.00,0,0
1625354710.450261,WebServer,126.87,369.63,496.50,370,127,2.00,4.00,5.99,4,2,0.00,0.00,0,0
1625354710.450291,qvo3854936e-ce,446.55,371.63,818.18,372,447,7.99,4.00,11.99,4,8,0.00,0.00,0,0
1625354710.450376,eth0,66791.21,3369.63,70160.84,3373,66858,31.97,40.96,72.93,41,32,0.00,0.00,0,0
1625354710.450434,VNF1,270.73,371.63,642.36,372,271,5.00,4.00,8.99,4,5,0.00,0.00,0,0
1625354710.450461,qvo5d0e6d7d-89,126.87,365.63,492.51,366,127,2.00,4.00,5.99,4,2,0.00,0.00,0,0
1625354710.450637,qvb3854936e-ce,371.63,446.55,818.18,447,372,4.00,7.99,11.99,8,4,0.00,0.00,0,0
1625354710.450674,qbr3854936e-ce,0.00,229.77,229.77,230,0,0.00,5.99,5.99,6,0,0.00,0.00,0,0
1625354710.450698,qvo08dfd47b-31,126.87,369.63,496.50,370,127,2.00,4.00,5.99,4,2,0.00,0.00,0,0
1625354710.450723,qbr5d0e6d7d-89,0.00,0.00,0.00,0,0,0.00,0.00,0.00,0,0,0.00,0.00,0,0
1625354710.450861,VMa,126.87,365.63,492.51,366,127,2.00,4.00,5.99,4,2,0.00,0.00,0,0
1625354710.450893,docker0,0.00,0.00,0.00,0,0,0.00,0.00,0.00,0,0,0.00,0.00,0,0
1625354710.450915,qvb5d0e6d7d-89,365.63,126.87,492.51,127,366,4.00,2.00,5.99,2,4,0.00,0.00,0,0
1625354710.450940,eth1,371.63,446.55,818.18,447,372,4.00,7.99,11.99,8,4,0.00,0.00,0,0
1625354710.450966,qbr08dfd47b-31,0.00,0.00,0.00,0,0,0.00,0.00,0.00,0,0,0.00,0.00,0,0
1625354710.450988,lo,0.00,0.00,0.00,0,0,0.00,0.00,0.00,0,0,0.00,0.00,0,0
1625354710.451010,vxlan_sys_4789,623.38,197.80,821.18,198,624,7.99,4.00,11.99,4,8,0.00,0.00,0,0
1625354710.451033,total,70117.88,7157.84,77275.73,7165,70188,76.92,94.91,171.83,95,77,0.00,0.00,0,0
1625354711.451548,qvb08dfd47b-31,369.63,126.87,496.50,127,370,4.00,2.00,5.99,2,4,0.00,0.00,0,0
1625354711.451632,WebServer,126.87,369.63,496.50,370,127,2.00,4.00,5.99,4,2,0.00,0.00,0,0
1625354711.451661,qvo3854936e-ce,601.40,371.63,973.03,372,602,6.99,4.00,10.99,4,7,0.00,0.00,0,0
1625354711.451692,eth0,66248.75,3372.63,69621.38,3376,66315,30.97,37.96,68.93,38,31,0.00,0.00,0,0
1625354711.451724,VNF1,228.77,371.63,600.40,372,229,4.00,4.00,7.99,4,4,0.00,0.00,0,0
1625354711.451750,qvo5d0e6d7d-89,126.87,365.63,492.51,366,127,2.00,4.00,5.99,4,2,0.00,0.00,0,0
1625354711.451910,qvb3854936e-ce,371.63,601.40,973.03,602,372,4.00,6.99,10.99,7,4,0.00,0.00,0,0
1625354711.451946,qbr3854936e-ce,0.00,398.60,398.60,399,0,0.00,5.00,5.00,5,0,0.00,0.00,0,0
1625354711.451972,qvo08dfd47b-31,126.87,369.63,496.50,370,127,2.00,4.00,5.99,4,2,0.00,0.00,0,0
1625354711.451996,qbr5d0e6d7d-89,0.00,0.00,0.00,0,0,0.00,0.00,0.00,0,0,0.00,0.00,0,0
1625354711.452179,VMa,126.87,365.63,492.51,366,127,2.00,4.00,5.99,4,2,0.00,0.00,0,0
1625354711.452215,docker0,0.00,0.00,0.00,0,0,0.00,0.00,0.00,0,0,0.00,0.00,0,0
1625354711.452238,qvb5d0e6d7d-89,365.63,126.87,492.51,127,366,4.00,2.00,5.99,2,4,0.00,0.00,0,0
1625354711.452264,eth1,371.63,601.40,973.03,602,372,4.00,6.99,10.99,7,4,0.00,0.00,0,0
1625354711.452290,qbr08dfd47b-31,0.00,0.00,0.00,0,0,0.00,0.00,0.00,0,0,0.00,0.00,0,0
1625354711.452341,lo,927.07,927.07,1854.15,928,928,11.99,11.99,23.98,12,12,0.00,0.00,0,0
1625354711.452378,vxlan_sys_4789,623.38,197.80,821.18,198,624,7.99,4.00,11.99,4,8,0.00,0.00,0,0
1625354711.452402,total,70615.38,8566.43,79181.82,8575,70686,85.91,100.90,186.81,101,86,0.00,0.00,0,0
1625354712.452953,qvb08dfd47b-31,369.63,126.87,496.50,127,370,4.00,2.00,5.99,2,4,0.00,0.00,0,0
1625354712.453038,WebServer,126.87,369.63,496.50,370,127,2.00,4.00,5.99,4,2,0.00,0.00,0,0
1625354712.453068,qvo3854936e-ce,612.39,371.63,984.02,372,613,8.99,4.00,12.99,4,9,0.00,0.00,0,0
1625354712.453098,eth0,63743.26,2654.35,66397.60,2657,63807,26.97,33.97,60.94,34,27,0.00,0.00,0,0
1625354712.453130,VNF1,288.71,371.63,660.34,372,289,5.00,4.00,8.99,4,5,0.00,0.00,0,0
1625354712.453159,qvo5d0e6d7d-89,126.87,365.63,492.51,366,127,2.00,4.00,5.99,4,2,0.00,0.00,0,0
1625354712.453294,qvb3854936e-ce,371.63,612.39,984.02,613,372,4.00,8.99,12.99,9,4,0.00,0.00,0,0
1625354712.453404,qbr3854936e-ce,0.00,381.62,381.62,382,0,0.00,6.99,6.99,7,0,0.00,0.00,0,0
1625354712.453430,qvo08dfd47b-31,126.87,369.63,496.50,370,127,2.00,4.00,5.99,4,2,0.00,0.00,0,0
1625354712.453456,qbr5d0e6d7d-89,0.00,0.00,0.00,0,0,0.00,0.00,0.00,0,0,0.00,0.00,0,0
1625354712.453598,VMa,126.87,365.63,492.51,366,127,2.00,4.00,5.99,4,2,0.00,0.00,0,0
1625354712.453632,docker0,0.00,0.00,0.00,0,0,0.00,0.00,0.00,0,0,0.00,0.00,0,0
1625354712.453654,qvb5d0e6d7d-89,365.63,126.87,492.51,127,366,4.00,2.00,5.99,2,4,0.00,0.00,0,0
1625354712.453697,eth1,371.63,612.39,984.02,613,372,4.00,8.99,12.99,9,4,0.00,0.00,0,0
1625354712.453724,qbr08dfd47b-31,0.00,0.00,0.00,0,0,0.00,0.00,0.00,0,0,0.00,0.00,0,0
1625354712.453747,lo,4487.51,4487.51,8975.03,4492,4492,4.00,4.00,7.99,4,4,0.00,0.00,0,0
1625354712.453774,vxlan_sys_4789,623.38,197.80,821.18,198,624,7.99,4.00,11.99,4,8,0.00,0.00,0,0
1625354712.453798,total,71741.26,11413.59,83154.84,11425,71813,76.92,94.91,171.83,95,77,0.00,0.00,0,0
1625354713.454436,qvb08dfd47b-31,369.63,126.87,496.50,127,370,4.00,2.00,5.99,2,4,0.00,0.00,0,0
1625354713.454520,WebServer,126.87,369.63,496.50,370,127,2.00,4.00,5.99,4,2,0.00,0.00,0,0
1625354713.454550,qvo3854936e-ce,594.41,371.63,966.03,372,595,8.99,4.00,12.99,4,9,0.00,0.00,0,0
1625354713.454581,eth0,63881.12,2642.36,66523.48,2645,63945,28.97,33.97,62.94,34,29,0.00,0.00,0,0
1625354713.454613,VNF1,270.73,371.63,642.36,372,271,5.00,4.00,8.99,4,5,0.00,0.00,0,0
1625354713.454640,qvo5d0e6d7d-89,126.87,365.63,492.51,366,127,2.00,4.00,5.99,4,2,0.00,0.00,0,0
1625354713.454778,qvb3854936e-ce,371.63,594.41,966.03,595,372,4.00,8.99,12.99,9,4,0.00,0.00,0,0
1625354713.454814,qbr3854936e-ce,0.00,363.64,363.64,364,0,0.00,6.99,6.99,7,0,0.00,0.00,0,0
1625354713.454840,qvo08dfd47b-31,126.87,369.63,496.50,370,127,2.00,4.00,5.99,4,2,0.00,0.00,0,0
1625354713.454865,qbr5d0e6d7d-89,0.00,0.00,0.00,0,0,0.00,0.00,0.00,0,0,0.00,0.00,0,0
1625354713.455004,VMa,126.87,365.63,492.51,366,127,2.00,4.00,5.99,4,2,0.00,0.00,0,0
1625354713.455038,docker0,0.00,0.00,0.00,0,0,0.00,0.00,0.00,0,0,0.00,0.00,0,0
1625354713.455061,qvb5d0e6d7d-89,365.63,126.87,492.51,127,366,4.00,2.00,5.99,2,4,0.00,0.00,0,0
1625354713.455087,eth1,371.63,594.41,966.03,595,372,4.00,8.99,12.99,9,4,0.00,0.00,0,0
1625354713.455113,qbr08dfd47b-31,0.00,0.00,0.00,0,0,0.00,0.00,0.00,0,0,0.00,0.00,0,0
1625354713.455136,lo,839.16,839.16,1678.32,840,840,11.99,11.99,23.98,12,12,0.00,0.00,0,0
1625354713.455164,vxlan_sys_4789,623.38,197.80,821.18,198,624,7.99,4.00,11.99,4,8,0.00,0.00,0,0
1625354713.455188,total,68194.80,7699.30,75894.11,7707,68263,86.91,102.90,189.81,103,87,0.00,0.00,0,0
1625354714.456151,qvb08dfd47b-31,369.63,126.87,496.50,127,370,4.00,2.00,5.99,2,4,0.00,0.00,0,0
1625354714.456237,WebServer,126.87,369.63,496.50,370,127,2.00,4.00,5.99,4,2,0.00,0.00,0,0
1625354714.456266,qvo3854936e-ce,714.29,371.63,1085.91,372,715,11.99,4.00,15.98,4,12,0.00,0.00,0,0
1625354714.456298,eth0,63809.19,2918.08,66727.27,2921,63873,27.97,38.96,66.93,39,28,0.00,0.00,0,0
1625354714.456372,VNF1,270.73,371.63,642.36,372,271,5.00,4.00,8.99,4,5,0.00,0.00,0,0
1625354714.456399,qvo5d0e6d7d-89,126.87,365.63,492.51,366,127,2.00,4.00,5.99,4,2,0.00,0.00,0,0
1625354714.456535,qvb3854936e-ce,371.63,714.29,1085.91,715,372,4.00,11.99,15.98,12,4,0.00,0.00,0,0
1625354714.456571,qbr3854936e-ce,0.00,441.56,441.56,442,0,0.00,9.99,9.99,10,0,0.00,0.00,0,0
1625354714.456598,qvo08dfd47b-31,126.87,369.63,496.50,370,127,2.00,4.00,5.99,4,2,0.00,0.00,0,0
1625354714.456623,qbr5d0e6d7d-89,0.00,0.00,0.00,0,0,0.00,0.00,0.00,0,0,0.00,0.00,0,0
1625354714.456760,VMa,126.87,365.63,492.51,366,127,2.00,4.00,5.99,4,2,0.00,0.00,0,0
1625354714.456794,docker0,0.00,0.00,0.00,0,0,0.00,0.00,0.00,0,0,0.00,0.00,0,0
1625354714.456816,qvb5d0e6d7d-89,365.63,126.87,492.51,127,366,4.00,2.00,5.99,2,4,0.00,0.00,0,0
1625354714.456843,eth1,371.63,714.29,1085.91,715,372,4.00,11.99,15.98,12,4,0.00,0.00,0,0
1625354714.456870,qbr08dfd47b-31,0.00,0.00,0.00,0,0,0.00,0.00,0.00,0,0,0.00,0.00,0,0
1625354714.456903,lo,573.43,573.43,1146.85,574,574,7.99,7.99,15.98,8,8,0.00,0.00,0,0
1625354714.456930,vxlan_sys_4789,623.38,197.80,821.18,198,624,7.99,4.00,11.99,4,8,0.00,0.00,0,0
1625354714.456953,total,67977.02,8026.97,76004.00,8035,68045,84.92,112.89,197.80,113,85,0.00,0.00,0,0
1625354715.457409,qvb08dfd47b-31,411.59,168.83,580.42,169,412,5.00,3.00,7.99,3,5,0.00,0.00,0,0
1625354715.457466,WebServer,168.83,411.59,580.42,412,169,3.00,5.00,7.99,5,3,0.00,0.00,0,0
1625354715.457484,qvo3854936e-ce,626.37,371.63,998.00,372,627,9.99,4.00,13.99,4,10,0.00,0.00,0,0
1625354715.457522,eth0,66334.66,3563.44,69898.10,3567,66401,31.97,42.96,74.93,43,32,0.00,0.00,0,0
1625354715.457541,VNF1,312.69,371.63,684.32,372,313,5.99,4.00,9.99,4,6,0.00,0.00,0,0
1625354715.457556,qvo5d0e6d7d-89,126.87,365.63,492.51,366,127,2.00,4.00,5.99,4,2,0.00,0.00,0,0
1625354715.457641,qvb3854936e-ce,371.63,626.37,998.00,627,372,4.00,9.99,13.99,10,4,0.00,0.00,0,0
1625354715.457661,qbr3854936e-ce,0.00,381.62,381.62,382,0,0.00,7.99,7.99,8,0,0.00,0.00,0,0
1625354715.457675,qvo08dfd47b-31,168.83,411.59,580.42,412,169,3.00,5.00,7.99,5,3,0.00,0.00,0,0
1625354715.457690,qbr5d0e6d7d-89,0.00,0.00,0.00,0,0,0.00,0.00,0.00,0,0,0.00,0.00,0,0
1625354715.457783,VMa,126.87,365.63,492.51,366,127,2.00,4.00,5.99,4,2,0.00,0.00,0,0
1625354715.457803,docker0,0.00,0.00,0.00,0,0,0.00,0.00,0.00,0,0,0.00,0.00,0,0
1625354715.457815,qvb5d0e6d7d-89,365.63,126.87,492.51,127,366,4.00,2.00,5.99,2,4,0.00,0.00,0,0
1625354715.457831,eth1,372.00,627.00,999.00,627,372,4.00,10.00,14.00,10,4,0.00,0.00,0,0
1625354715.457846,qbr08dfd47b-31,0.00,0.00,0.00,0,0,0.00,0.00,0.00,0,0,0.00,0.00,0,0
1625354715.457859,lo,456.00,456.00,912.00,456,456,6.00,6.00,12.00,6,6,0.00,0.00,0,0
1625354715.457874,vxlan_sys_4789,652.00,226.00,878.00,226,652,9.00,5.00,14.00,5,9,0.00,0.00,0,0
1625354715.457886,total,70563.00,8481.00,79044.00,8481,70563,90.00,113.00,203.00,113,90,0.00,0.00,0,0
1625354716.458434,qvb08dfd47b-31,850.15,334.67,1184.82,335,851,9.99,5.00,14.99,5,10,0.00,0.00,0,0
1625354716.458557,WebServer,334.67,850.15,1184.82,851,335,5.00,9.99,14.99,10,5,0.00,0.00,0,0
1625354716.458591,qvo3854936e-ce,1155.84,437.56,1593.41,438,1157,17.98,5.00,22.98,5,18,0.00,0.00,0,0
1625354716.458624,eth0,66907.09,4212.79,71119.88,4217,66974,35.96,50.95,86.91,51,36,0.00,0.00,0,0
1625354716.458656,VNF1,444.56,437.56,882.12,438,445,7.99,5.00,12.99,5,8,0.00,0.00,0,0
1625354716.458684,qvo5d0e6d7d-89,126.87,299.70,426.57,300,127,2.00,3.00,5.00,3,2,0.00,0.00,0,0
1625354716.458837,qvb3854936e-ce,437.56,1155.84,1593.41,1157,438,5.00,17.98,22.98,18,5,0.00,0.00,0,0
1625354716.458876,qbr3854936e-ce,0.00,695.30,695.30,696,0,0.00,13.99,13.99,14,0,0.00,0.00,0,0
1625354716.458903,qvo08dfd47b-31,334.67,850.15,1184.82,851,335,5.00,9.99,14.99,10,5,0.00,0.00,0,0
1625354716.458930,qbr5d0e6d7d-89,0.00,0.00,0.00,0,0,0.00,0.00,0.00,0,0,0.00,0.00,0,0
1625354716.459069,VMa,126.87,299.70,426.57,300,127,2.00,3.00,5.00,3,2,0.00,0.00,0,0
1625354716.459103,docker0,0.00,0.00,0.00,0,0,0.00,0.00,0.00,0,0,0.00,0.00,0,0
1625354716.459126,qvb5d0e6d7d-89,365.63,126.87,492.51,127,366,4.00,2.00,5.99,2,4,0.00,0.00,0,0
1625354716.459155,eth1,437.56,1155.84,1593.41,1157,438,5.00,17.98,22.98,18,5,0.00,0.00,0,0
1625354716.459204,qbr08dfd47b-31,0.00,0.00,0.00,0,0,0.00,0.00,0.00,0,0,0.00,0.00,0,0
1625354716.459238,lo,0.00,0.00,0.00,0,0,0.00,0.00,0.00,0,0,0.00,0.00,0,0
1625354716.459260,vxlan_sys_4789,1019.98,363.64,1383.62,364,1021,13.99,6.99,20.98,7,14,0.00,0.00,0,0
1625354716.459286,total,72541.46,11219.78,83761.24,11231,72614,113.89,150.85,264.74,151,114,0.00,0.00,0,0
1625354717.459796,qvb08dfd47b-31,369.63,126.87,496.50,127,370,4.00,2.00,5.99,2,4,0.00,0.00,0,0
1625354717.459971,WebServer,126.87,369.63,496.50,370,127,2.00,4.00,5.99,4,2,0.00,0.00,0,0
1625354717.460022,qvo3854936e-ce,1285.71,371.63,1657.34,372,1287,14.99,4.00,18.98,4,15,0.00,0.00,0,0
1625354717.460057,eth0,65859.14,3830.17,69689.31,3834,65925,28.97,43.96,72.93,44,29,0.00,0.00,0,0
1625354717.460090,VNF1,312.69,371.63,684.32,372,313,5.99,4.00,9.99,4,6,0.00,0.00,0,0
1625354717.460117,qvo5d0e6d7d-89,0.00,65.93,65.93,66,0,0.00,1.00,1.00,1,0,0.00,0.00,0,0
1625354717.460261,qvb3854936e-ce,371.63,1285.71,1657.34,1287,372,4.00,14.99,18.98,15,4,0.00,0.00,0,0
1625354717.460299,qbr3854936e-ce,0.00,971.03,971.03,972,0,0.00,12.99,12.99,13,0,0.00,0.00,0,0
1625354717.460385,qvo08dfd47b-31,126.87,369.63,496.50,370,127,2.00,4.00,5.99,4,2,0.00,0.00,0,0
1625354717.460411,qbr5d0e6d7d-89,0.00,0.00,0.00,0,0,0.00,0.00,0.00,0,0,0.00,0.00,0,0
1625354717.460550,VMa,0.00,65.93,65.93,66,0,0.00,1.00,1.00,1,0,0.00,0.00,0,0
1625354717.460614,docker0,0.00,0.00,0.00,0,0,0.00,0.00,0.00,0,0,0.00,0.00,0,0
1625354717.460638,qvb5d0e6d7d-89,0.00,0.00,0.00,0,0,0.00,0.00,0.00,0,0,0.00,0.00,0,0
1625354717.460662,eth1,371.63,1285.71,1657.34,1287,372,4.00,14.99,18.98,15,4,0.00,0.00,0,0
1625354717.460689,qbr08dfd47b-31,0.00,0.00,0.00,0,0,0.00,0.00,0.00,0,0,0.00,0.00,0,0
1625354717.460712,lo,4943.06,4943.06,9886.11,4948,4948,9.99,9.99,19.98,10,10,0.00,0.00,0,0
1625354717.460740,vxlan_sys_4789,313.69,98.90,412.59,99,314,4.00,2.00,5.99,2,4,0.00,0.00,0,0
1625354717.460763,total,74080.92,14155.84,88236.77,14170,74155,79.92,118.88,198.80,119,80,0.00,0.00,0,0
