1625410875.576780,qvb08dfd47b31,0.00,0.00,0.00,0,0,0.00,0.00,0.00,0,0,0.00,0.00,0,0
1625410875.576820,tap08dfd47b31,0.00,0.00,0.00,0,0,0.00,0.00,0.00,0,0,0.00,0.00,0,0
1625410875.576832,qvo3854936ece,0.00,0.00,0.00,0,0,0.00,0.00,0.00,0,0,0.00,0.00,0,0
1625410875.576841,eth0,0.00,0.00,0.00,0,0,0.00,0.00,0.00,0,0,0.00,0.00,0,0
1625410875.576848,tap3854936ece,0.00,0.00,0.00,0,0,0.00,0.00,0.00,0,0,0.00,0.00,0,0
1625410875.576855,qvo5d0e6d7d89,0.00,0.00,0.00,0,0,0.00,0.00,0.00,0,0,0.00,0.00,0,0
1625410875.576916,qvb3854936ece,0.00,0.00,0.00,0,0,0.00,0.00,0.00,0,0,0.00,0.00,0,0
1625410875.576930,qbr3854936ece,0.00,0.00,0.00,0,0,0.00,0.00,0.00,0,0,0.00,0.00,0,0
1625410875.576937,qvo08dfd47b31,0.00,0.00,0.00,0,0,0.00,0.00,0.00,0,0,0.00,0.00,0,0
1625410875.576944,qbr5d0e6d7d89,0.00,0.00,0.00,0,0,0.00,0.00,0.00,0,0,0.00,0.00,0,0
1625410875.577009,tap5d0e6d7d89,0.00,0.00,0.00,0,0,0.00,0.00,0.00,0,0,0.00,0.00,0,0
1625410875.577021,docker0,0.00,0.00,0.00,0,0,0.00,0.00,0.00,0,0,0.00,0.00,0,0
1625410875.577028,qvb5d0e6d7d89,0.00,0.00,0.00,0,0,0.00,0.00,0.00,0,0,0.00,0.00,0,0
1625410875.577035,eth1,0.00,0.00,0.00,0,0,0.00,0.00,0.00,0,0,0.00,0.00,0,0
1625410875.577042,qbr08dfd47b31,0.00,0.00,0.00,0,0,0.00,0.00,0.00,0,0,0.00,0.00,0,0
1625410875.577049,lo,0.00,0.00,0.00,0,0,0.00,0.00,0.00,0,0,0.00,0.00,0,0
1625410875.577057,vxlan_sys_4789,0.00,0.00,0.00,0,0,0.00,0.00,0.00,0,0,0.00,0.00,0,0
1625410875.577063,total,0.00,0.00,0.00,0,0,0.00,0.00,0.00,0,0,0.00,0.00,0,0
1625410876.577591,qvb08dfd47b31,798.00,479.00,1277.00,479,798,9.00,7.00,16.00,7,9,0.00,0.00,0,0
1625410876.577687,tap08dfd47b31,479.00,844.00,1323.00,844,479,7.00,10.00,17.00,10,7,0.00,0.00,0,0
1625410876.577716,qvo3854936ece,1066.00,508.00,1574.00,508,1066,15.00,7.00,22.00,7,15,0.00,0.00,0,0
1625410876.577828,eth0,72039.00,7115.00,79154.00,7115,72039,48.00,58.00,106.00,58,48,0.00,0.00,0,0
1625410876.577891,tap3854936ece,889.11,507.49,1396.60,508,890,11.99,6.99,18.98,7,12,0.00,0.00,0,0
1625410876.577925,qvo5d0e6d7d89,0.00,0.00,0.00,0,0,0.00,0.00,0.00,0,0,0.00,0.00,0,0
1625410876.578095,qvb3854936ece,507.49,1064.94,1572.43,1066,508,6.99,14.99,21.98,15,7,0.00,0.00,0,0
1625410876.578133,qbr3854936ece,0.00,275.72,275.72,276,0,0.00,6.99,6.99,7,0,0.00,0.00,0,0
1625410876.578160,qvo08dfd47b31,478.52,797.20,1275.72,798,479,6.99,8.99,15.98,9,7,0.00,0.00,0,0
1625410876.578264,qbr5d0e6d7d89,0.00,0.00,0.00,0,0,0.00,0.00,0.00,0,0,0.00,0.00,0,0
1625410876.578452,tap5d0e6d7d89,0.00,0.00,0.00,0,0,0.00,0.00,0.00,0,0,0.00,0.00,0,0
1625410876.578499,docker0,0.00,0.00,0.00,0,0,0.00,0.00,0.00,0,0,0.00,0.00,0,0
1625410876.578521,qvb5d0e6d7d89,0.00,0.00,0.00,0,0,0.00,0.00,0.00,0,0,0.00,0.00,0,0
1625410876.578544,eth1,507.49,1064.94,1572.43,1066,508,6.99,14.99,21.98,15,7,0.00,0.00,0,0
1625410876.578572,qbr08dfd47b31,0.00,0.00,0.00,0,0,0.00,0.00,0.00,0,0,0.00,0.00,0,0
1625410876.578595,lo,1366.63,1366.63,2733.27,1368,1368,17.98,17.98,35.96,18,18,0.00,0.00,0,0
1625410876.578625,vxlan_sys_4789,671.33,380.62,1051.95,381,672,8.99,6.99,15.98,7,9,0.00,0.00,0,0
1625410876.578670,total,78728.27,14394.61,93122.88,14409,78807,138.86,159.84,298.70,160,139,0.00,0.00,0,0
1625410877.579148,qvb08dfd47b31,369.63,126.87,496.50,127,370,4.00,2.00,5.99,2,4,0.00,0.00,0,0
1625410877.579230,tap08dfd47b31,126.87,369.63,496.50,370,127,2.00,4.00,5.99,4,2,0.00,0.00,0,0
1625410877.579260,qvo3854936ece,488.51,311.69,800.20,312,489,8.99,4.00,12.99,4,9,0.00,0.00,0,0
1625410877.579291,eth0,66498.50,3540.46,70038.96,3544,66565,30.97,41.96,72.93,42,31,0.00,0.00,0,0
1625410877.579361,tap3854936ece,312.69,311.69,624.38,312,313,5.99,4.00,9.99,4,6,0.00,0.00,0,0
1625410877.579388,qvo5d0e6d7d89,0.00,0.00,0.00,0,0,0.00,0.00,0.00,0,0,0.00,0.00,0,0
1625410877.579592,qvb3854936ece,311.69,488.51,800.20,489,312,4.00,8.99,12.99,9,4,0.00,0.00,0,0
1625410877.579640,qbr3854936ece,0.00,229.77,229.77,230,0,0.00,5.99,5.99,6,0,0.00,0.00,0,0
1625410877.579665,qvo08dfd47b31,126.87,369.63,496.50,370,127,2.00,4.00,5.99,4,2,0.00,0.00,0,0
1625410877.579690,qbr5d0e6d7d89,0.00,0.00,0.00,0,0,0.00,0.00,0.00,0,0,0.00,0.00,0,0
1625410877.579828,tap5d0e6d7d89,0.00,0.00,0.00,0,0,0.00,0.00,0.00,0,0,0.00,0.00,0,0
1625410877.579907,docker0,0.00,0.00,0.00,0,0,0.00,0.00,0.00,0,0,0.00,0.00,0,0
1625410877.579930,qvb5d0e6d7d89,0.00,0.00,0.00,0,0,0.00,0.00,0.00,0,0,0.00,0.00,0,0
1625410877.579953,eth1,311.69,488.51,800.20,489,312,4.00,8.99,12.99,9,4,0.00,0.00,0,0
1625410877.579979,qbr08dfd47b31,0.00,0.00,0.00,0,0,0.00,0.00,0.00,0,0,0.00,0.00,0,0
1625410877.580001,lo,1448.55,1448.55,2897.10,1450,1450,18.98,18.98,37.96,19,19,0.00,0.00,0,0
1625410877.580031,vxlan_sys_4789,313.69,98.90,412.59,99,314,4.00,2.00,5.99,2,4,0.00,0.00,0,0
1625410877.580053,total,70308.70,7784.22,78092.91,7792,70379,84.92,104.90,189.81,105,85,0.00,0.00,0,0
1625410878.580772,qvb08dfd47b31,369.63,126.87,496.50,127,370,4.00,2.00,5.99,2,4,0.00,0.00,0,0
1625410878.580855,tap08dfd47b31,126.87,369.63,496.50,370,127,2.00,4.00,5.99,4,2,0.00,0.00,0,0
1625410878.580885,qvo3854936ece,372.63,371.63,744.26,372,373,6.99,4.00,10.99,4,7,0.00,0.00,0,0
1625410878.580916,eth0,69927.08,3382.62,73309.70,3386,69997,32.97,40.96,73.93,41,33,0.00,0.00,0,0
1625410878.580948,tap3854936ece,312.69,371.63,684.32,372,313,5.99,4.00,9.99,4,6,0.00,0.00,0,0
1625410878.580974,qvo5d0e6d7d89,0.00,0.00,0.00,0,0,0.00,0.00,0.00,0,0,0.00,0.00,0,0
1625410878.581105,qvb3854936ece,371.63,372.63,744.26,373,372,4.00,6.99,10.99,7,4,0.00,0.00,0,0
1625410878.581141,qbr3854936ece,0.00,169.83,169.83,170,0,0.00,5.00,5.00,5,0,0.00,0.00,0,0
1625410878.581166,qvo08dfd47b31,126.87,369.63,496.50,370,127,2.00,4.00,5.99,4,2,0.00,0.00,0,0
1625410878.581190,qbr5d0e6d7d89,0.00,0.00,0.00,0,0,0.00,0.00,0.00,0,0,0.00,0.00,0,0
1625410878.581489,tap5d0e6d7d89,0.00,0.00,0.00,0,0,0.00,0.00,0.00,0,0,0.00,0.00,0,0
1625410878.581541,docker0,0.00,0.00,0.00,0,0,0.00,0.00,0.00,0,0,0.00,0.00,0,0
1625410878.581564,qvb5d0e6d7d89,0.00,0.00,0.00,0,0,0.00,0.00,0.00,0,0,0.00,0.00,0,0
1625410878.581588,eth1,371.63,372.63,744.26,373,372,4.00,6.99,10.99,7,4,0.00,0.00,0,0
1625410878.581614,qbr08dfd47b31,0.00,0.00,0.00,0,0,0.00,0.00,0.00,0,0,0.00,0.00,0,0
1625410878.581636,lo,171.83,171.83,343.66,172,172,3.00,3.00,5.99,3,3,0.00,0.00,0,0
1625410878.581661,vxlan_sys_4789,313.69,98.90,412.59,99,314,4.00,2.00,5.99,2,4,0.00,0.00,0,0
1625410878.581684,total,72464.54,6177.82,78642.36,6184,72537,68.93,82.92,151.85,83,69,0.00,0.00,0,0
1625410879.582642,qvb08dfd47b31,369.63,126.87,496.50,127,370,4.00,2.00,5.99,2,4,0.00,0.00,0,0
1625410879.582920,tap08dfd47b31,126.87,369.63,496.50,370,127,2.00,4.00,5.99,4,2,0.00,0.00,0,0
1625410879.582967,qvo3854936ece,358.28,371.26,729.54,372,359,5.99,3.99,9.98,4,6,0.00,0.00,0,0
1625410879.583057,eth0,63048.90,2185.63,65234.53,2190,63175,21.96,28.94,50.90,29,22,0.00,0.00,0,0
1625410879.583089,tap3854936ece,228.54,371.26,599.80,372,229,3.99,3.99,7.98,4,4,0.00,0.00,0,0
1625410879.583116,qvo5d0e6d7d89,0.00,0.00,0.00,0,0,0.00,0.00,0.00,0,0,0.00,0.00,0,0
1625410879.583483,qvb3854936ece,371.26,358.28,729.54,359,372,3.99,5.99,9.98,6,4,0.00,0.00,0,0
1625410879.583534,qbr3854936ece,0.00,169.66,169.66,170,0,0.00,3.99,3.99,4,0,0.00,0.00,0,0
1625410879.583559,qvo08dfd47b31,126.75,369.26,496.01,370,127,2.00,3.99,5.99,4,2,0.00,0.00,0,0
1625410879.583584,qbr5d0e6d7d89,0.00,0.00,0.00,0,0,0.00,0.00,0.00,0,0,0.00,0.00,0,0
1625410879.584010,tap5d0e6d7d89,0.00,0.00,0.00,0,0,0.00,0.00,0.00,0,0,0.00,0.00,0,0
1625410879.584126,docker0,0.00,0.00,0.00,0,0,0.00,0.00,0.00,0,0,0.00,0.00,0,0
1625410879.584166,qvb5d0e6d7d89,0.00,0.00,0.00,0,0,0.00,0.00,0.00,0,0,0.00,0.00,0,0
1625410879.584190,eth1,371.26,358.28,729.54,359,372,3.99,5.99,9.98,6,4,0.00,0.00,0,0
1625410879.584271,qbr08dfd47b31,0.00,0.00,0.00,0,0,0.00,0.00,0.00,0,0,0.00,0.00,0,0
1625410879.584297,lo,4938.12,4938.12,9876.25,4948,4948,9.98,9.98,19.96,10,10,0.00,0.00,0,0
1625410879.584357,vxlan_sys_4789,313.37,98.80,412.18,99,314,3.99,2.00,5.99,2,4,0.00,0.00,0,0
1625410879.584381,total,70252.50,9716.57,79969.06,9736,70393,61.88,74.85,136.73,75,62,0.00,0.00,0,0
1625410880.584997,qvb08dfd47b31,369.26,126.75,496.01,127,370,3.99,2.00,5.99,2,4,0.00,0.00,0,0
1625410880.585081,tap08dfd47b31,126.75,369.26,496.01,370,127,2.00,3.99,5.99,4,2,0.00,0.00,0,0
1625410880.585153,qvo3854936ece,400.20,371.26,771.46,372,401,6.99,3.99,10.98,4,7,0.00,0.00,0,0
1625410880.585184,eth0,63729.54,2245.51,65975.05,2250,63857,24.95,29.94,54.89,30,25,0.00,0.00,0,0
1625410880.585215,tap3854936ece,270.46,371.26,641.72,372,271,4.99,3.99,8.98,4,5,0.00,0.00,0,0
1625410880.585241,qvo5d0e6d7d89,0.00,0.00,0.00,0,0,0.00,0.00,0.00,0,0,0.00,0.00,0,0
1625410880.585433,qvb3854936ece,371.63,400.60,772.23,401,372,4.00,6.99,10.99,7,4,0.00,0.00,0,0
1625410880.585471,qbr3854936ece,0.00,197.80,197.80,198,0,0.00,5.00,5.00,5,0,0.00,0.00,0,0
1625410880.585496,qvo08dfd47b31,126.87,369.63,496.50,370,127,2.00,4.00,5.99,4,2,0.00,0.00,0,0
1625410880.585520,qbr5d0e6d7d89,0.00,0.00,0.00,0,0,0.00,0.00,0.00,0,0,0.00,0.00,0,0
1625410880.585656,tap5d0e6d7d89,0.00,0.00,0.00,0,0,0.00,0.00,0.00,0,0,0.00,0.00,0,0
1625410880.585686,docker0,0.00,0.00,0.00,0,0,0.00,0.00,0.00,0,0,0.00,0.00,0,0
1625410880.585708,qvb5d0e6d7d89,0.00,0.00,0.00,0,0,0.00,0.00,0.00,0,0,0.00,0.00,0,0
1625410880.585730,eth1,371.63,400.60,772.23,401,372,4.00,6.99,10.99,7,4,0.00,0.00,0,0
1625410880.585774,qbr08dfd47b31,0.00,0.00,0.00,0,0,0.00,0.00,0.00,0,0,0.00,0.00,0,0
1625410880.585813,lo,0.00,0.00,0.00,0,0,0.00,0.00,0.00,0,0,0.00,0.00,0,0
1625410880.585849,vxlan_sys_4789,313.69,98.90,412.59,99,314,4.00,2.00,5.99,2,4,0.00,0.00,0,0
1625410880.585884,total,66144.86,4955.04,71099.90,4960,66211,56.94,68.93,125.87,69,57,0.00,0.00,0,0
1625410881.586467,qvb08dfd47b31,369.63,126.87,496.50,127,370,4.00,2.00,5.99,2,4,0.00,0.00,0,0
1625410881.586552,tap08dfd47b31,126.87,369.63,496.50,370,127,2.00,4.00,5.99,4,2,0.00,0.00,0,0
1625410881.586581,qvo3854936ece,358.64,371.63,730.27,372,359,5.99,4.00,9.99,4,6,0.00,0.00,0,0
1625410881.586610,eth0,63507.50,2187.81,65695.30,2190,63571,27.97,28.97,56.94,29,28,0.00,0.00,0,0
1625410881.586664,tap3854936ece,228.77,371.63,600.40,372,229,4.00,4.00,7.99,4,4,0.00,0.00,0,0
1625410881.586691,qvo5d0e6d7d89,0.00,0.00,0.00,0,0,0.00,0.00,0.00,0,0,0.00,0.00,0,0
1625410881.586825,qvb3854936ece,371.63,358.64,730.27,359,372,4.00,5.99,9.99,6,4,0.00,0.00,0,0
1625410881.586859,qbr3854936ece,0.00,169.83,169.83,170,0,0.00,4.00,4.00,4,0,0.00,0.00,0,0
1625410881.586884,qvo08dfd47b31,126.87,369.63,496.50,370,127,2.00,4.00,5.99,4,2,0.00,0.00,0,0
1625410881.586908,qbr5d0e6d7d89,0.00,0.00,0.00,0,0,0.00,0.00,0.00,0,0,0.00,0.00,0,0
1625410881.587043,tap5d0e6d7d89,0.00,0.00,0.00,0,0,0.00,0.00,0.00,0,0,0.00,0.00,0,0
1625410881.587073,docker0,0.00,0.00,0.00,0,0,0.00,0.00,0.00,0,0,0.00,0.00,0,0
1625410881.587094,qvb5d0e6d7d89,0.00,0.00,0.00,0,0,0.00,0.00,0.00,0,0,0.00,0.00,0,0
1625410881.587116,eth1,371.63,358.64,730.27,359,372,4.00,5.99,9.99,6,4,0.00,0.00,0,0
1625410881.587141,qbr08dfd47b31,0.00,0.00,0.00,0,0,0.00,0.00,0.00,0,0,0.00,0.00,0,0
1625410881.587163,lo,719.28,719.28,1438.56,720,720,9.99,9.99,19.98,10,10,0.00,0.00,0,0
1625410881.587191,vxlan_sys_4789,313.69,98.90,412.59,99,314,4.00,2.00,5.99,2,4,0.00,0.00,0,0
1625410881.587213,total,66494.51,5502.50,71997.01,5508,66561,67.93,74.93,142.86,75,68,0.00,0.00,0,0
1625410882.587719,qvb08dfd47b31,369.63,126.87,496.50,127,370,4.00,2.00,5.99,2,4,0.00,0.00,0,0
1625410882.587800,tap08dfd47b31,126.87,369.63,496.50,370,127,2.00,4.00,5.99,4,2,0.00,0.00,0,0
1625410882.587829,qvo3854936ece,400.60,371.63,772.23,372,401,6.99,4.00,10.99,4,7,0.00,0.00,0,0
1625410882.587859,eth0,63271.73,2161.84,65433.57,2164,63335,23.98,28.97,52.95,29,24,0.00,0.00,0,0
1625410882.587890,tap3854936ece,270.73,371.63,642.36,372,271,5.00,4.00,8.99,4,5,0.00,0.00,0,0
1625410882.587938,qvo5d0e6d7d89,0.00,0.00,0.00,0,0,0.00,0.00,0.00,0,0,0.00,0.00,0,0
1625410882.588070,qvb3854936ece,371.63,400.60,772.23,401,372,4.00,6.99,10.99,7,4,0.00,0.00,0,0
1625410882.588105,qbr3854936ece,0.00,197.80,197.80,198,0,0.00,5.00,5.00,5,0,0.00,0.00,0,0
1625410882.588129,qvo08dfd47b31,126.87,369.63,496.50,370,127,2.00,4.00,5.99,4,2,0.00,0.00,0,0
1625410882.588154,qbr5d0e6d7d89,0.00,0.00,0.00,0,0,0.00,0.00,0.00,0,0,0.00,0.00,0,0
1625410882.588287,tap5d0e6d7d89,0.00,0.00,0.00,0,0,0.00,0.00,0.00,0,0,0.00,0.00,0,0
1625410882.588410,docker0,0.00,0.00,0.00,0,0,0.00,0.00,0.00,0,0,0.00,0.00,0,0
1625410882.588442,qvb5d0e6d7d89,0.00,0.00,0.00,0,0,0.00,0.00,0.00,0,0,0.00,0.00,0,0
1625410882.588466,eth1,371.63,400.60,772.23,401,372,4.00,6.99,10.99,7,4,0.00,0.00,0,0
1625410882.588492,qbr08dfd47b31,0.00,0.00,0.00,0,0,0.00,0.00,0.00,0,0,0.00,0.00,0,0
1625410882.588514,lo,171.83,171.83,343.66,172,172,3.00,3.00,5.99,3,3,0.00,0.00,0,0
1625410882.588539,vxlan_sys_4789,313.69,98.90,412.59,99,314,4.00,2.00,5.99,2,4,0.00,0.00,0,0
1625410882.588563,total,65795.20,5040.96,70836.16,5046,65861,58.94,70.93,129.87,71,59,0.00,0.00,0,0
1625410883.588876,qvb08dfd47b31,369.63,126.87,496.50,127,370,4.00,2.00,5.99,2,4,0.00,0.00,0,0
1625410883.588917,tap08dfd47b31,126.87,369.63,496.50,370,127,2.00,4.00,5.99,4,2,0.00,0.00,0,0
1625410883.588927,qvo3854936ece,418.58,371.63,790.21,372,419,6.99,4.00,10.99,4,7,0.00,0.00,0,0
1625410883.588937,eth0,63680.32,2400.60,66080.92,2403,63744,24.98,31.97,56.94,32,25,0.00,0.00,0,0
1625410883.588948,tap3854936ece,228.77,371.63,600.40,372,229,4.00,4.00,7.99,4,4,0.00,0.00,0,0
1625410883.588957,qvo5d0e6d7d89,0.00,0.00,0.00,0,0,0.00,0.00,0.00,0,0,0.00,0.00,0,0
1625410883.589026,qvb3854936ece,372.00,419.00,791.00,419,372,4.00,7.00,11.00,7,4,0.00,0.00,0,0
1625410883.589037,qbr3854936ece,0.00,200.00,200.00,200,0,0.00,5.00,5.00,5,0,0.00,0.00,0,0
1625410883.589044,qvo08dfd47b31,127.00,370.00,497.00,370,127,2.00,4.00,6.00,4,2,0.00,0.00,0,0
1625410883.589052,qbr5d0e6d7d89,0.00,0.00,0.00,0,0,0.00,0.00,0.00,0,0,0.00,0.00,0,0
1625410883.589117,tap5d0e6d7d89,0.00,0.00,0.00,0,0,0.00,0.00,0.00,0,0,0.00,0.00,0,0
1625410883.589127,docker0,0.00,0.00,0.00,0,0,0.00,0.00,0.00,0,0,0.00,0.00,0,0
1625410883.589134,qvb5d0e6d7d89,0.00,0.00,0.00,0,0,0.00,0.00,0.00,0,0,0.00,0.00,0,0
1625410883.589141,eth1,372.00,419.00,791.00,419,372,4.00,7.00,11.00,7,4,0.00,0.00,0,0
1625410883.589148,qbr08dfd47b31,0.00,0.00,0.00,0,0,0.00,0.00,0.00,0,0,0.00,0.00,0,0
1625410883.589155,lo,456.00,456.00,912.00,456,456,6.00,6.00,12.00,6,6,0.00,0.00,0,0
1625410883.589162,vxlan_sys_4789,314.00,99.00,413.00,99,314,4.00,2.00,6.00,2,4,0.00,0.00,0,0
1625410883.589169,total,66530.00,5607.00,72137.00,5607,66530,62.00,77.00,139.00,77,62,0.00,0.00,0,0
1625410884.589731,qvb08dfd47b31,370.00,127.00,497.00,127,370,4.00,2.00,6.00,2,4,0.00,0.00,0,0
1625410884.589815,tap08dfd47b31,127.00,370.00,497.00,370,127,2.00,4.00,6.00,4,2,0.00,0.00,0,0
1625410884.589846,qvo3854936ece,443.00,372.00,815.00,372,443,8.00,4.00,12.00,4,8,0.00,0.00,0,0
1625410884.589878,eth0,63072.00,2206.00,65278.00,2206,63072,21.00,30.00,51.00,30,21,0.00,0.00,0,0
1625410884.589910,tap3854936ece,313.00,372.00,685.00,372,313,6.00,4.00,10.00,4,6,0.00,0.00,0,0
1625410884.589938,qvo5d0e6d7d89,0.00,0.00,0.00,0,0,0.00,0.00,0.00,0,0,0.00,0.00,0,0
1625410884.590154,qvb3854936ece,371.63,442.56,814.19,443,372,4.00,7.99,11.99,8,4,0.00,0.00,0,0
1625410884.590260,qbr3854936ece,0.00,225.77,225.77,226,0,0.00,5.99,5.99,6,0,0.00,0.00,0,0
1625410884.590289,qvo08dfd47b31,126.87,369.63,496.50,370,127,2.00,4.00,5.99,4,2,0.00,0.00,0,0
1625410884.590342,qbr5d0e6d7d89,0.00,0.00,0.00,0,0,0.00,0.00,0.00,0,0,0.00,0.00,0,0
1625410884.590491,tap5d0e6d7d89,0.00,0.00,0.00,0,0,0.00,0.00,0.00,0,0,0.00,0.00,0,0
1625410884.590522,docker0,0.00,0.00,0.00,0,0,0.00,0.00,0.00,0,0,0.00,0.00,0,0
1625410884.590544,qvb5d0e6d7d89,0.00,0.00,0.00,0,0,0.00,0.00,0.00,0,0,0.00,0.00,0,0
1625410884.590566,eth1,371.63,442.56,814.19,443,372,4.00,7.99,11.99,8,4,0.00,0.00,0,0
1625410884.590593,qbr08dfd47b31,0.00,0.00,0.00,0,0,0.00,0.00,0.00,0,0,0.00,0.00,0,0
1625410884.590721,lo,4434.57,4434.57,8869.13,4439,4439,7.99,7.99,15.98,8,8,0.00,0.00,0,0
1625410884.590764,vxlan_sys_4789,313.69,98.90,412.59,99,314,4.00,2.00,5.99,2,4,0.00,0.00,0,0
1625410884.590790,total,69879.12,9457.54,79336.66,9467,69949,62.94,79.92,142.86,80,63,0.00,0.00,0,0
1625410885.591273,qvb08dfd47b31,369.63,126.87,496.50,127,370,4.00,2.00,5.99,2,4,0.00,0.00,0,0
1625410885.591406,tap08dfd47b31,126.87,369.63,496.50,370,127,2.00,4.00,5.99,4,2,0.00,0.00,0,0
1625410885.591437,qvo3854936ece,603.40,269.73,873.13,270,604,8.99,3.00,11.99,3,9,0.00,0.00,0,0
1625410885.591491,eth0,63243.76,2358.64,65602.40,2361,63307,23.98,30.97,54.95,31,24,0.00,0.00,0,0
1625410885.591523,tap3854936ece,228.77,269.73,498.50,270,229,4.00,3.00,6.99,3,4,0.00,0.00,0,0
1625410885.591550,qvo5d0e6d7d89,0.00,0.00,0.00,0,0,0.00,0.00,0.00,0,0,0.00,0.00,0,0
1625410885.591683,qvb3854936ece,269.73,603.40,873.13,604,270,3.00,8.99,11.99,9,3,0.00,0.00,0,0
1625410885.591782,qbr3854936ece,0.00,372.63,372.63,373,0,0.00,6.99,6.99,7,0,0.00,0.00,0,0
1625410885.591809,qvo08dfd47b31,126.87,369.63,496.50,370,127,2.00,4.00,5.99,4,2,0.00,0.00,0,0
1625410885.591833,qbr5d0e6d7d89,0.00,0.00,0.00,0,0,0.00,0.00,0.00,0,0,0.00,0.00,0,0
1625410885.591970,tap5d0e6d7d89,0.00,0.00,0.00,0,0,0.00,0.00,0.00,0,0,0.00,0.00,0,0
1625410885.591999,docker0,0.00,0.00,0.00,0,0,0.00,0.00,0.00,0,0,0.00,0.00,0,0
1625410885.592021,qvb5d0e6d7d89,0.00,0.00,0.00,0,0,0.00,0.00,0.00,0,0,0.00,0.00,0,0
1625410885.592043,eth1,269.73,603.40,873.13,604,270,3.00,8.99,11.99,9,3,0.00,0.00,0,0
1625410885.592068,qbr08dfd47b31,0.00,0.00,0.00,0,0,0.00,0.00,0.00,0,0,0.00,0.00,0,0
1625410885.592090,lo,742.26,742.26,1484.52,743,743,9.99,9.99,19.98,10,10,0.00,0.00,0,0
1625410885.592118,vxlan_sys_4789,313.69,98.90,412.59,99,314,4.00,2.00,5.99,2,4,0.00,0.00,0,0
1625410885.592140,total,66294.71,6184.82,72479.52,6191,66361,64.94,83.92,148.85,84,65,0.00,0.00,0,0
1625410886.594268,qvb08dfd47b31,369.26,126.75,496.01,127,370,3.99,2.00,5.99,2,4,0.00,0.00,0,0
1625410886.594382,tap08dfd47b31,126.75,369.26,496.01,370,127,2.00,3.99,5.99,4,2,0.00,0.00,0,0
1625410886.594472,qvo3854936ece,891.33,370.89,1262.21,372,894,10.97,3.99,14.96,4,11,0.00,0.00,0,0
1625410886.594634,eth0,65327.02,3438.68,68765.70,3449,65523,26.92,37.89,64.81,38,27,0.00,0.00,0,0
1625410886.595089,tap3854936ece,228.32,370.89,599.20,372,229,3.99,3.99,7.98,4,4,0.00,0.00,0,0
1625410886.595880,qvo5d0e6d7d89,0.00,0.00,0.00,0,0,0.00,0.00,0.00,0,0,0.00,0.00,0,0
1625410886.597454,qvb3854936ece,370.15,889.55,1259.70,894,372,3.98,10.95,14.93,11,4,0.00,0.00,0,0
1625410886.597529,qbr3854936ece,0.00,631.84,631.84,635,0,0.00,8.96,8.96,9,0,0.00,0.00,0,0
1625410886.597554,qvo08dfd47b31,126.37,368.16,494.53,370,127,1.99,3.98,5.97,4,2,0.00,0.00,0,0
1625410886.597577,qbr5d0e6d7d89,0.00,0.00,0.00,0,0,0.00,0.00,0.00,0,0,0.00,0.00,0,0
1625410886.597713,tap5d0e6d7d89,0.00,0.00,0.00,0,0,0.00,0.00,0.00,0,0,0.00,0.00,0,0
1625410886.597740,docker0,0.00,0.00,0.00,0,0,0.00,0.00,0.00,0,0,0.00,0.00,0,0
1625410886.597759,qvb5d0e6d7d89,0.00,0.00,0.00,0,0,0.00,0.00,0.00,0,0,0.00,0.00,0,0
1625410886.597780,eth1,370.15,889.55,1259.70,894,372,3.98,10.95,14.93,11,4,0.00,0.00,0,0
1625410886.597804,qbr08dfd47b31,0.00,0.00,0.00,0,0,0.00,0.00,0.00,0,0,0.00,0.00,0,0
1625410886.597823,lo,210.95,210.95,421.89,212,212,2.99,2.99,5.97,3,3,0.00,0.00,0,0
1625410886.597846,vxlan_sys_4789,312.44,98.51,410.95,99,314,3.98,1.99,5.97,2,4,0.00,0.00,0,0
1625410886.597866,total,68199.00,7755.22,75954.23,7794,68540,64.68,91.54,156.22,92,65,0.00,0.00,0,0
1625410887.598538,qvb08dfd47b31,368.53,126.49,495.02,127,370,3.98,1.99,5.98,2,4,0.00,0.00,0,0
1625410887.598740,tap08dfd47b31,126.49,368.53,495.02,370,127,1.99,3.98,5.98,4,2,0.00,0.00,0,0
1625410887.598773,qvo3854936ece,1423.31,370.52,1793.82,372,1429,10.96,3.98,14.94,4,11,0.00,0.00,0,0
1625410887.598806,eth0,63201.20,3239.04,66440.24,3252,63454,24.90,33.86,58.76,34,25,0.00,0.00,0,0
1625410887.598837,tap3854936ece,246.26,370.89,617.15,372,247,3.99,3.99,7.98,4,4,0.00,0.00,0,0
1625410887.598863,qvo5d0e6d7d89,0.00,0.00,0.00,0,0,0.00,0.00,0.00,0,0,0.00,0.00,0,0
1625410887.599003,qvb3854936ece,371.63,1427.57,1799.20,1429,372,4.00,10.99,14.99,11,4,0.00,0.00,0,0
1625410887.599039,qbr3854936ece,0.00,1168.83,1168.83,1170,0,0.00,8.99,8.99,9,0,0.00,0.00,0,0
1625410887.599092,qvo08dfd47b31,126.87,369.63,496.50,370,127,2.00,4.00,5.99,4,2,0.00,0.00,0,0
1625410887.599119,qbr5d0e6d7d89,0.00,0.00,0.00,0,0,0.00,0.00,0.00,0,0,0.00,0.00,0,0
1625410887.599256,tap5d0e6d7d89,0.00,0.00,0.00,0,0,0.00,0.00,0.00,0,0,0.00,0.00,0,0
1625410887.599286,docker0,0.00,0.00,0.00,0,0,0.00,0.00,0.00,0,0,0.00,0.00,0,0
1625410887.599380,qvb5d0e6d7d89,0.00,0.00,0.00,0,0,0.00,0.00,0.00,0,0,0.00,0.00,0,0
1625410887.599433,eth1,371.63,1427.57,1799.20,1429,372,4.00,10.99,14.99,11,4,0.00,0.00,0,0
1625410887.599480,qbr08dfd47b31,0.00,0.00,0.00,0,0,0.00,0.00,0.00,0,0,0.00,0.00,0,0
1625410887.599519,lo,1161.84,1161.84,2323.68,1163,1163,14.99,14.99,29.97,15,15,0.00,0.00,0,0
1625410887.599565,vxlan_sys_4789,313.69,98.90,412.59,99,314,4.00,2.00,5.99,2,4,0.00,0.00,0,0
1625410887.599602,total,67907.09,10142.86,78049.95,10153,67975,74.93,99.90,174.83,100,75,0.00,0.00,0,0
1625410888.600093,qvb08dfd47b31,369.63,126.87,496.50,127,370,4.00,2.00,5.99,2,4,0.00,0.00,0,0
1625410888.600175,tap08dfd47b31,126.87,369.63,496.50,370,127,2.00,4.00,5.99,4,2,0.00,0.00,0,0
1625410888.600208,qvo3854936ece,358.64,371.63,730.27,372,359,5.99,4.00,9.99,4,6,0.00,0.00,0,0
1625410888.600371,eth0,63132.87,2267.73,65400.60,2270,63196,22.98,29.97,52.95,30,23,0.00,0.00,0,0
1625410888.600434,tap3854936ece,228.77,371.63,600.40,372,229,4.00,4.00,7.99,4,4,0.00,0.00,0,0
1625410888.600483,qvo5d0e6d7d89,0.00,0.00,0.00,0,0,0.00,0.00,0.00,0,0,0.00,0.00,0,0
1625410888.600631,qvb3854936ece,371.63,358.64,730.27,359,372,4.00,5.99,9.99,6,4,0.00,0.00,0,0
1625410888.600665,qbr3854936ece,0.00,169.83,169.83,170,0,0.00,4.00,4.00,4,0,0.00,0.00,0,0
1625410888.600690,qvo08dfd47b31,126.87,369.63,496.50,370,127,2.00,4.00,5.99,4,2,0.00,0.00,0,0
1625410888.600715,qbr5d0e6d7d89,0.00,0.00,0.00,0,0,0.00,0.00,0.00,0,0,0.00,0.00,0,0
1625410888.600880,tap5d0e6d7d89,0.00,0.00,0.00,0,0,0.00,0.00,0.00,0,0,0.00,0.00,0,0
1625410888.600903,docker0,0.00,0.00,0.00,0,0,0.00,0.00,0.00,0,0,0.00,0.00,0,0
1625410888.600918,qvb5d0e6d7d89,0.00,0.00,0.00,0,0,0.00,0.00,0.00,0,0,0.00,0.00,0,0
1625410888.600933,eth1,371.63,358.64,730.27,359,372,4.00,5.99,9.99,6,4,0.00,0.00,0,0
1625410888.600950,qbr08dfd47b31,0.00,0.00,0.00,0,0,0.00,0.00,0.00,0,0,0.00,0.00,0,0
1625410888.600964,lo,171.83,171.83,343.66,172,172,3.00,3.00,5.99,3,3,0.00,0.00,0,0
1625410888.600981,vxlan_sys_4789,313.69,98.90,412.59,99,314,4.00,2.00,5.99,2,4,0.00,0.00,0,0
1625410888.600996,total,65572.43,5034.97,70607.39,5040,65638,55.94,68.93,124.88,69,56,0.00,0.00,0,0
1625410889.601696,qvb08dfd47b31,369.63,126.87,496.50,127,370,4.00,2.00,5.99,2,4,0.00,0.00,0,0
1625410889.601797,tap08dfd47b31,126.87,369.63,496.50,370,127,2.00,4.00,5.99,4,2,0.00,0.00,0,0
1625410889.601825,qvo3854936ece,762.24,269.73,1031.97,270,763,10.99,3.00,13.99,3,11,0.00,0.00,0,0
1625410889.601855,eth0,64021.98,2529.47,66551.45,2532,64086,21.98,32.97,54.95,33,22,0.00,0.00,0,0
1625410889.602018,tap3854936ece,228.77,269.73,498.50,270,229,4.00,3.00,6.99,3,4,0.00,0.00,0,0
1625410889.602050,qvo5d0e6d7d89,0.00,0.00,0.00,0,0,0.00,0.00,0.00,0,0,0.00,0.00,0,0
1625410889.602190,qvb3854936ece,269.73,762.24,1031.97,763,270,3.00,10.99,13.99,11,3,0.00,0.00,0,0
1625410889.602232,qbr3854936ece,0.00,503.50,503.50,504,0,0.00,8.99,8.99,9,0,0.00,0.00,0,0
1625410889.602260,qvo08dfd47b31,126.87,369.63,496.50,370,127,2.00,4.00,5.99,4,2,0.00,0.00,0,0
1625410889.602288,qbr5d0e6d7d89,0.00,0.00,0.00,0,0,0.00,0.00,0.00,0,0,0.00,0.00,0,0
1625410889.602560,tap5d0e6d7d89,0.00,0.00,0.00,0,0,0.00,0.00,0.00,0,0,0.00,0.00,0,0
1625410889.602658,docker0,0.00,0.00,0.00,0,0,0.00,0.00,0.00,0,0,0.00,0.00,0,0
1625410889.602694,qvb5d0e6d7d89,0.00,0.00,0.00,0,0,0.00,0.00,0.00,0,0,0.00,0.00,0,0
1625410889.602728,eth1,269.73,762.24,1031.97,763,270,3.00,10.99,13.99,11,3,0.00,0.00,0,0
1625410889.602789,qbr08dfd47b31,0.00,0.00,0.00,0,0,0.00,0.00,0.00,0,0,0.00,0.00,0,0
1625410889.602830,lo,4838.16,4838.16,9676.32,4843,4843,12.99,12.99,25.97,13,13,0.00,0.00,0,0
1625410889.602967,vxlan_sys_4789,313.69,98.90,412.59,99,314,4.00,2.00,5.99,2,4,0.00,0.00,0,0
1625410889.603001,total,71256.49,10889.22,82145.71,10911,71399,67.86,94.81,162.67,95,68,0.00,0.00,0,0
1625410890.603632,qvb08dfd47b31,369.63,126.87,496.50,127,370,4.00,2.00,5.99,2,4,0.00,0.00,0,0
1625410890.603715,tap08dfd47b31,126.87,369.63,496.50,370,127,2.00,4.00,5.99,4,2,0.00,0.00,0,0
1625410890.603745,qvo3854936ece,776.22,371.63,1147.85,372,777,11.99,4.00,15.98,4,12,0.00,0.00,0,0
1625410890.603803,eth0,68520.48,3304.70,71825.18,3308,68589,28.97,39.96,68.93,40,29,0.00,0.00,0,0
1625410890.603835,tap3854936ece,372.63,371.63,744.26,372,373,6.99,4.00,10.99,4,7,0.00,0.00,0,0
1625410890.603862,qvo5d0e6d7d89,0.00,0.00,0.00,0,0,0.00,0.00,0.00,0,0,0.00,0.00,0,0
1625410890.603993,qvb3854936ece,371.63,776.22,1147.85,777,372,4.00,11.99,15.98,12,4,0.00,0.00,0,0
1625410890.604028,qbr3854936ece,0.00,503.50,503.50,504,0,0.00,9.99,9.99,10,0,0.00,0.00,0,0
1625410890.604053,qvo08dfd47b31,126.87,369.63,496.50,370,127,2.00,4.00,5.99,4,2,0.00,0.00,0,0
1625410890.604077,qbr5d0e6d7d89,0.00,0.00,0.00,0,0,0.00,0.00,0.00,0,0,0.00,0.00,0,0
1625410890.604211,tap5d0e6d7d89,0.00,0.00,0.00,0,0,0.00,0.00,0.00,0,0,0.00,0.00,0,0
1625410890.604258,docker0,0.00,0.00,0.00,0,0,0.00,0.00,0.00,0,0,0.00,0.00,0,0
1625410890.604283,qvb5d0e6d7d89,0.00,0.00,0.00,0,0,0.00,0.00,0.00,0,0,0.00,0.00,0,0
1625410890.604306,eth1,371.63,776.22,1147.85,777,372,4.00,11.99,15.98,12,4,0.00,0.00,0,0
1625410890.604376,qbr08dfd47b31,0.00,0.00,0.00,0,0,0.00,0.00,0.00,0,0,0.00,0.00,0,0
1625410890.604398,lo,0.00,0.00,0.00,0,0,0.00,0.00,0.00,0,0,0.00,0.00,0,0
1625410890.604420,vxlan_sys_4789,313.69,98.90,412.59,99,314,4.00,2.00,5.99,2,4,0.00,0.00,0,0
1625410890.604459,total,71349.65,7068.93,78418.59,7076,71421,67.93,93.91,161.84,94,68,0.00,0.00,0,0
1625410891.605053,qvb08dfd47b31,369.63,126.87,496.50,127,370,4.00,2.00,5.99,2,4,0.00,0.00,0,0
1625410891.605135,tap08dfd47b31,126.87,369.63,496.50,370,127,2.00,4.00,5.99,4,2,0.00,0.00,0,0
1625410891.605165,qvo3854936ece,1546.45,269.73,1816.18,270,1548,12.99,3.00,15.98,3,13,0.00,0.00,0,0
1625410891.605198,eth0,64943.06,16171.83,81114.89,16188,65008,28.97,45.95,74.93,46,29,0.00,0.00,0,0
1625410891.605230,tap3854936ece,390.61,269.73,660.34,270,391,6.99,3.00,9.99,3,7,0.00,0.00,0,0
1625410891.605256,qvo5d0e6d7d89,0.00,0.00,0.00,0,0,0.00,0.00,0.00,0,0,0.00,0.00,0,0
1625410891.605506,qvb3854936ece,269.73,1546.45,1816.18,1548,270,3.00,12.99,15.98,13,3,0.00,0.00,0,0
1625410891.605560,qbr3854936ece,0.00,1259.74,1259.74,1261,0,0.00,10.99,10.99,11,0,0.00,0.00,0,0
1625410891.605586,qvo08dfd47b31,126.87,369.63,496.50,370,127,2.00,4.00,5.99,4,2,0.00,0.00,0,0
1625410891.605611,qbr5d0e6d7d89,0.00,0.00,0.00,0,0,0.00,0.00,0.00,0,0,0.00,0.00,0,0
1625410891.605750,tap5d0e6d7d89,0.00,0.00,0.00,0,0,0.00,0.00,0.00,0,0,0.00,0.00,0,0
1625410891.605779,docker0,0.00,0.00,0.00,0,0,0.00,0.00,0.00,0,0,0.00,0.00,0,0
1625410891.605829,qvb5d0e6d7d89,0.00,0.00,0.00,0,0,0.00,0.00,0.00,0,0,0.00,0.00,0,0
1625410891.605854,eth1,269.73,1546.45,1816.18,1548,270,3.00,12.99,15.98,13,3,0.00,0.00,0,0
1625410891.605881,qbr08dfd47b31,0.00,0.00,0.00,0,0,0.00,0.00,0.00,0,0,0.00,0.00,0,0
1625410891.605904,lo,667.33,667.33,1334.67,668,668,8.99,8.99,17.98,9,9,0.00,0.00,0,0
1625410891.605931,vxlan_sys_4789,313.69,98.90,412.59,99,314,4.00,2.00,5.99,2,4,0.00,0.00,0,0
1625410891.605953,total,69023.98,22696.30,91720.28,22719,69093,75.92,109.89,185.81,110,76,0.00,0.00,0,0
1625410892.606626,qvb08dfd47b31,369.63,126.87,496.50,127,370,4.00,2.00,5.99,2,4,0.00,0.00,0,0
1625410892.606739,tap08dfd47b31,126.87,369.63,496.50,370,127,2.00,4.00,5.99,4,2,0.00,0.00,0,0
1625410892.606772,qvo3854936ece,460.54,371.63,832.17,372,461,7.99,4.00,11.99,4,8,0.00,0.00,0,0
1625410892.606802,eth0,63282.72,2287.71,65570.43,2290,63346,23.98,30.97,54.95,31,24,0.00,0.00,0,0
1625410892.606834,tap3854936ece,330.67,371.63,702.30,372,331,5.99,4.00,9.99,4,6,0.00,0.00,0,0
1625410892.606860,qvo5d0e6d7d89,0.00,0.00,0.00,0,0,0.00,0.00,0.00,0,0,0.00,0.00,0,0
1625410892.607007,qvb3854936ece,371.63,460.54,832.17,461,372,4.00,7.99,11.99,8,4,0.00,0.00,0,0
1625410892.607052,qbr3854936ece,0.00,243.76,243.76,244,0,0.00,5.99,5.99,6,0,0.00,0.00,0,0
1625410892.607076,qvo08dfd47b31,126.87,369.63,496.50,370,127,2.00,4.00,5.99,4,2,0.00,0.00,0,0
1625410892.607101,qbr5d0e6d7d89,0.00,0.00,0.00,0,0,0.00,0.00,0.00,0,0,0.00,0.00,0,0
1625410892.607238,tap5d0e6d7d89,0.00,0.00,0.00,0,0,0.00,0.00,0.00,0,0,0.00,0.00,0,0
1625410892.607267,docker0,0.00,0.00,0.00,0,0,0.00,0.00,0.00,0,0,0.00,0.00,0,0
1625410892.607356,qvb5d0e6d7d89,0.00,0.00,0.00,0,0,0.00,0.00,0.00,0,0,0.00,0.00,0,0
1625410892.607389,eth1,371.63,460.54,832.17,461,372,4.00,7.99,11.99,8,4,0.00,0.00,0,0
1625410892.607435,qbr08dfd47b31,0.00,0.00,0.00,0,0,0.00,0.00,0.00,0,0,0.00,0.00,0,0
1625410892.607458,lo,171.83,171.83,343.66,172,172,3.00,3.00,5.99,3,3,0.00,0.00,0,0
1625410892.607484,vxlan_sys_4789,313.69,98.90,412.59,99,314,4.00,2.00,5.99,2,4,0.00,0.00,0,0
1625410892.607507,total,65926.08,5332.67,71258.74,5338,65992,60.94,75.92,136.86,76,61,0.00,0.00,0,0
1625410893.608029,qvb08dfd47b31,369.63,126.87,496.50,127,370,4.00,2.00,5.99,2,4,0.00,0.00,0,0
1625410893.608220,tap08dfd47b31,126.87,369.63,496.50,370,127,2.00,4.00,5.99,4,2,0.00,0.00,0,0
1625410893.608259,qvo3854936ece,358.64,371.63,730.27,372,359,5.99,4.00,9.99,4,6,0.00,0.00,0,0
1625410893.608290,eth0,63096.91,2113.89,65210.79,2116,63160,21.98,27.97,49.95,28,22,0.00,0.00,0,0
1625410893.608380,tap3854936ece,228.77,371.63,600.40,372,229,4.00,4.00,7.99,4,4,0.00,0.00,0,0
1625410893.608407,qvo5d0e6d7d89,0.00,0.00,0.00,0,0,0.00,0.00,0.00,0,0,0.00,0.00,0,0
1625410893.608545,qvb3854936ece,371.63,358.64,730.27,359,372,4.00,5.99,9.99,6,4,0.00,0.00,0,0
1625410893.608579,qbr3854936ece,0.00,169.83,169.83,170,0,0.00,4.00,4.00,4,0,0.00,0.00,0,0
1625410893.608604,qvo08dfd47b31,126.87,369.63,496.50,370,127,2.00,4.00,5.99,4,2,0.00,0.00,0,0
1625410893.608634,qbr5d0e6d7d89,0.00,0.00,0.00,0,0,0.00,0.00,0.00,0,0,0.00,0.00,0,0
1625410893.608848,tap5d0e6d7d89,0.00,0.00,0.00,0,0,0.00,0.00,0.00,0,0,0.00,0.00,0,0
1625410893.608885,docker0,0.00,0.00,0.00,0,0,0.00,0.00,0.00,0,0,0.00,0.00,0,0
1625410893.608907,qvb5d0e6d7d89,0.00,0.00,0.00,0,0,0.00,0.00,0.00,0,0,0.00,0.00,0,0
1625410893.608929,eth1,371.63,358.64,730.27,359,372,4.00,5.99,9.99,6,4,0.00,0.00,0,0
1625410893.608954,qbr08dfd47b31,0.00,0.00,0.00,0,0,0.00,0.00,0.00,0,0,0.00,0.00,0,0
1625410893.609003,lo,455.54,455.54,911.09,456,456,5.99,5.99,11.99,6,6,0.00,0.00,0,0
1625410893.609029,vxlan_sys_4789,313.69,98.90,412.59,99,314,4.00,2.00,5.99,2,4,0.00,0.00,0,0
1625410893.609052,total,65820.18,5164.84,70985.02,5170,65886,57.94,69.93,127.87,70,58,0.00,0.00,0,0
1625410894.610507,qvb08dfd47b31,369.26,126.75,496.01,127,370,3.99,2.00,5.99,2,4,0.00,0.00,0,0
1625410894.610591,tap08dfd47b31,126.75,369.26,496.01,370,127,2.00,3.99,5.99,4,2,0.00,0.00,0,0
1625410894.610621,qvo3854936ece,400.20,371.26,771.46,372,401,6.99,3.99,10.98,4,7,0.00,0.00,0,0
1625410894.610693,eth0,66080.84,2591.82,68672.66,2597,66213,29.94,34.93,64.87,35,30,0.00,0.00,0,0
1625410894.610725,tap3854936ece,270.46,371.26,641.72,372,271,4.99,3.99,8.98,4,5,0.00,0.00,0,0
1625410894.610751,qvo5d0e6d7d89,0.00,0.00,0.00,0,0,0.00,0.00,0.00,0,0,0.00,0.00,0,0
1625410894.610883,qvb3854936ece,371.26,400.20,771.46,401,372,3.99,6.99,10.98,7,4,0.00,0.00,0,0
1625410894.610916,qbr3854936ece,0.00,197.60,197.60,198,0,0.00,4.99,4.99,5,0,0.00,0.00,0,0
1625410894.610941,qvo08dfd47b31,126.75,369.26,496.01,370,127,2.00,3.99,5.99,4,2,0.00,0.00,0,0
1625410894.610965,qbr5d0e6d7d89,0.00,0.00,0.00,0,0,0.00,0.00,0.00,0,0,0.00,0.00,0,0
1625410894.611105,tap5d0e6d7d89,0.00,0.00,0.00,0,0,0.00,0.00,0.00,0,0,0.00,0.00,0,0
1625410894.611135,docker0,0.00,0.00,0.00,0,0,0.00,0.00,0.00,0,0,0.00,0.00,0,0
1625410894.611157,qvb5d0e6d7d89,0.00,0.00,0.00,0,0,0.00,0.00,0.00,0,0,0.00,0.00,0,0
1625410894.611180,eth1,371.26,400.20,771.46,401,372,3.99,6.99,10.98,7,4,0.00,0.00,0,0
1625410894.611206,qbr08dfd47b31,0.00,0.00,0.00,0,0,0.00,0.00,0.00,0,0,0.00,0.00,0,0
1625410894.611228,lo,4143.71,4143.71,8287.43,4152,4152,3.99,3.99,7.98,4,4,0.00,0.00,0,0
1625410894.611281,vxlan_sys_4789,313.37,98.80,412.18,99,314,3.99,2.00,5.99,2,4,0.00,0.00,0,0
1625410894.611306,total,72573.85,9440.12,82013.98,9459,72719,65.87,77.84,143.71,78,66,0.00,0.00,0,0
1625410895.611833,qvb08dfd47b31,369.63,126.87,496.50,127,370,4.00,2.00,5.99,2,4,0.00,0.00,0,0
1625410895.611919,tap08dfd47b31,126.87,369.63,496.50,370,127,2.00,4.00,5.99,4,2,0.00,0.00,0,0
1625410895.611953,qvo3854936ece,400.60,371.63,772.23,372,401,6.99,4.00,10.99,4,7,0.00,0.00,0,0
1625410895.612012,eth0,72731.27,17859.14,90590.41,17877,72804,41.96,59.94,101.90,60,42,0.00,0.00,0,0
1625410895.612048,tap3854936ece,270.73,371.63,642.36,372,271,5.00,4.00,8.99,4,5,0.00,0.00,0,0
1625410895.612078,qvo5d0e6d7d89,53.95,203.80,257.74,204,54,1.00,2.00,3.00,2,1,0.00,0.00,0,0
1625410895.612296,qvb3854936ece,371.63,400.60,772.23,401,372,4.00,6.99,10.99,7,4,0.00,0.00,0,0
1625410895.612414,qbr3854936ece,0.00,197.80,197.80,198,0,0.00,5.00,5.00,5,0,0.00,0.00,0,0
1625410895.612440,qvo08dfd47b31,126.87,369.63,496.50,370,127,2.00,4.00,5.99,4,2,0.00,0.00,0,0
1625410895.612466,qbr5d0e6d7d89,0.00,0.00,0.00,0,0,0.00,0.00,0.00,0,0,0.00,0.00,0,0
1625410895.612608,tap5d0e6d7d89,53.95,203.80,257.74,204,54,1.00,2.00,3.00,2,1,0.00,0.00,0,0
1625410895.612641,docker0,0.00,0.00,0.00,0,0,0.00,0.00,0.00,0,0,0.00,0.00,0,0
1625410895.612674,qvb5d0e6d7d89,203.80,53.95,257.74,54,204,2.00,1.00,3.00,1,2,0.00,0.00,0,0
1625410895.612700,eth1,371.63,400.60,772.23,401,372,4.00,6.99,10.99,7,4,0.00,0.00,0,0
1625410895.612726,qbr08dfd47b31,0.00,0.00,0.00,0,0,0.00,0.00,0.00,0,0,0.00,0.00,0,0
1625410895.612749,lo,742.26,742.26,1484.52,743,743,9.99,9.99,19.98,10,10,0.00,0.00,0,0
1625410895.612777,vxlan_sys_4789,489.51,138.86,628.37,139,490,5.99,3.00,8.99,3,6,0.00,0.00,0,0
1625410895.612818,total,76312.69,21810.19,98122.88,21832,76389,89.91,114.89,204.80,115,90,0.00,0.00,0,0
1625410896.613355,qvb08dfd47b31,369.63,126.87,496.50,127,370,4.00,2.00,5.99,2,4,0.00,0.00,0,0
1625410896.613504,tap08dfd47b31,126.87,369.63,496.50,370,127,2.00,4.00,5.99,4,2,0.00,0.00,0,0
1625410896.613538,qvo3854936ece,460.54,371.63,832.17,372,461,7.99,4.00,11.99,4,8,0.00,0.00,0,0
1625410896.613575,eth0,71793.21,7629.37,79422.58,7637,71865,40.96,51.95,92.91,52,41,0.00,0.00,0,0
1625410896.613604,tap3854936ece,330.67,371.63,702.30,372,331,5.99,4.00,9.99,4,6,0.00,0.00,0,0
1625410896.613624,qvo5d0e6d7d89,1552.45,1102.90,2655.34,1104,1554,8.99,9.99,18.98,10,9,0.00,0.00,0,0
1625410896.613737,qvb3854936ece,371.63,460.54,832.17,461,372,4.00,7.99,11.99,8,4,0.00,0.00,0,0
1625410896.613762,qbr3854936ece,0.00,243.76,243.76,244,0,0.00,5.99,5.99,6,0,0.00,0.00,0,0
1625410896.613781,qvo08dfd47b31,126.87,369.63,496.50,370,127,2.00,4.00,5.99,4,2,0.00,0.00,0,0
1625410896.613799,qbr5d0e6d7d89,0.00,0.00,0.00,0,0,0.00,0.00,0.00,0,0,0.00,0.00,0,0
1625410896.613907,tap5d0e6d7d89,1552.45,1102.90,2655.34,1104,1554,8.99,9.99,18.98,10,9,0.00,0.00,0,0
1625410896.613932,docker0,0.00,0.00,0.00,0,0,0.00,0.00,0.00,0,0,0.00,0.00,0,0
1625410896.613949,qvb5d0e6d7d89,1102.90,1552.45,2655.34,1554,1104,9.99,8.99,18.98,9,10,0.00,0.00,0,0
1625410896.613969,eth1,371.63,460.54,832.17,461,372,4.00,7.99,11.99,8,4,0.00,0.00,0,0
1625410896.613988,qbr08dfd47b31,0.00,0.00,0.00,0,0,0.00,0.00,0.00,0,0,0.00,0.00,0,0
1625410896.614004,lo,211.79,211.79,423.58,212,212,3.00,3.00,5.99,3,3,0.00,0.00,0,0
1625410896.614022,vxlan_sys_4789,1276.72,1525.47,2802.20,1527,1278,13.99,10.99,24.98,11,14,0.00,0.00,0,0
1625410896.614041,total,79647.35,15899.10,95546.45,15915,79727,115.88,134.87,250.75,135,116,0.00,0.00,0,0
1625410897.614590,qvb08dfd47b31,369.63,126.87,496.50,127,370,4.00,2.00,5.99,2,4,0.00,0.00,0,0
1625410897.614697,tap08dfd47b31,126.87,369.63,496.50,370,127,2.00,4.00,5.99,4,2,0.00,0.00,0,0
1625410897.614728,qvo3854936ece,580.42,371.63,952.05,372,581,8.99,4.00,12.99,4,9,0.00,0.00,0,0
1625410897.614759,eth0,63112.89,2335.66,65448.55,2338,63176,21.98,30.97,52.95,31,22,0.00,0.00,0,0
1625410897.614790,tap3854936ece,228.77,371.63,600.40,372,229,4.00,4.00,7.99,4,4,0.00,0.00,0,0
1625410897.614816,qvo5d0e6d7d89,0.00,0.00,0.00,0,0,0.00,0.00,0.00,0,0,0.00,0.00,0,0
1625410897.614948,qvb3854936ece,371.63,580.42,952.05,581,372,4.00,8.99,12.99,9,4,0.00,0.00,0,0
1625410897.614984,qbr3854936ece,0.00,349.65,349.65,350,0,0.00,6.99,6.99,7,0,0.00,0.00,0,0
1625410897.615007,qvo08dfd47b31,126.87,369.63,496.50,370,127,2.00,4.00,5.99,4,2,0.00,0.00,0,0
1625410897.615032,qbr5d0e6d7d89,0.00,0.00,0.00,0,0,0.00,0.00,0.00,0,0,0.00,0.00,0,0
1625410897.615168,tap5d0e6d7d89,0.00,0.00,0.00,0,0,0.00,0.00,0.00,0,0,0.00,0.00,0,0
1625410897.615217,docker0,0.00,0.00,0.00,0,0,0.00,0.00,0.00,0,0,0.00,0.00,0,0
1625410897.615240,qvb5d0e6d7d89,0.00,0.00,0.00,0,0,0.00,0.00,0.00,0,0,0.00,0.00,0,0
1625410897.615263,eth1,371.63,580.42,952.05,581,372,4.00,8.99,12.99,9,4,0.00,0.00,0,0
1625410897.615289,qbr08dfd47b31,0.00,0.00,0.00,0,0,0.00,0.00,0.00,0,0,0.00,0.00,0,0
1625410897.615362,lo,1161.84,1161.84,2323.68,1163,1163,14.99,14.99,29.97,15,15,0.00,0.00,0,0
1625410897.615401,vxlan_sys_4789,313.69,98.90,412.59,99,314,4.00,2.00,5.99,2,4,0.00,0.00,0,0
1625410897.615424,total,66764.23,6716.28,73480.52,6723,66831,69.93,90.91,160.84,91,70,0.00,0.00,0,0
1625410898.615974,qvb08dfd47b31,267.73,126.87,394.61,127,268,3.00,2.00,5.00,2,3,0.00,0.00,0,0
1625410898.616087,tap08dfd47b31,126.87,267.73,394.61,268,127,2.00,3.00,5.00,3,2,0.00,0.00,0,0
1625410898.616162,qvo3854936ece,542.46,371.63,914.09,372,543,7.99,4.00,11.99,4,8,0.00,0.00,0,0
1625410898.616194,eth0,63400.60,2657.34,66057.95,2660,63464,26.97,34.97,61.94,35,27,0.00,0.00,0,0
1625410898.616227,tap3854936ece,228.77,371.63,600.40,372,229,4.00,4.00,7.99,4,4,0.00,0.00,0,0
1625410898.616254,qvo5d0e6d7d89,0.00,0.00,0.00,0,0,0.00,0.00,0.00,0,0,0.00,0.00,0,0
1625410898.616569,qvb3854936ece,371.63,542.46,914.09,543,372,4.00,7.99,11.99,8,4,0.00,0.00,0,0
1625410898.616632,qbr3854936ece,0.00,325.67,325.67,326,0,0.00,5.99,5.99,6,0,0.00,0.00,0,0
1625410898.616662,qvo08dfd47b31,126.87,267.73,394.61,268,127,2.00,3.00,5.00,3,2,0.00,0.00,0,0
1625410898.616692,qbr5d0e6d7d89,0.00,0.00,0.00,0,0,0.00,0.00,0.00,0,0,0.00,0.00,0,0
1625410898.616840,tap5d0e6d7d89,0.00,0.00,0.00,0,0,0.00,0.00,0.00,0,0,0.00,0.00,0,0
1625410898.616874,docker0,0.00,0.00,0.00,0,0,0.00,0.00,0.00,0,0,0.00,0.00,0,0
1625410898.616900,qvb5d0e6d7d89,0.00,0.00,0.00,0,0,0.00,0.00,0.00,0,0,0.00,0.00,0,0
1625410898.616926,eth1,371.63,542.46,914.09,543,372,4.00,7.99,11.99,8,4,0.00,0.00,0,0
1625410898.616958,qbr08dfd47b31,0.00,0.00,0.00,0,0,0.00,0.00,0.00,0,0,0.00,0.00,0,0
1625410898.616984,lo,171.83,171.83,343.66,172,172,3.00,3.00,5.99,3,3,0.00,0.00,0,0
1625410898.617014,vxlan_sys_4789,225.77,98.90,324.68,99,226,3.00,2.00,5.00,2,3,0.00,0.00,0,0
1625410898.617045,total,65834.16,5744.26,71578.42,5750,65900,59.94,77.92,137.86,78,60,0.00,0.00,0,0
1625410899.617595,qvb08dfd47b31,369.63,126.87,496.50,127,370,4.00,2.00,5.99,2,4,0.00,0.00,0,0
1625410899.617678,tap08dfd47b31,126.87,369.63,496.50,370,127,2.00,4.00,5.99,4,2,0.00,0.00,0,0
1625410899.617708,qvo3854936ece,1764.24,269.73,2033.97,270,1766,8.99,3.00,11.99,3,9,0.00,0.00,0,0
1625410899.617760,eth0,63481.52,3531.47,67012.99,3535,63545,21.98,30.97,52.95,31,22,0.00,0.00,0,0
1625410899.617793,tap3854936ece,186.81,269.73,456.54,270,187,3.00,3.00,5.99,3,3,0.00,0.00,0,0
1625410899.617818,qvo5d0e6d7d89,0.00,0.00,0.00,0,0,0.00,0.00,0.00,0,0,0.00,0.00,0,0
1625410899.617947,qvb3854936ece,269.73,1764.24,2033.97,1766,270,3.00,8.99,11.99,9,3,0.00,0.00,0,0
1625410899.617982,qbr3854936ece,0.00,1533.47,1533.47,1535,0,0.00,6.99,6.99,7,0,0.00,0.00,0,0
1625410899.618007,qvo08dfd47b31,126.87,369.63,496.50,370,127,2.00,4.00,5.99,4,2,0.00,0.00,0,0
1625410899.618078,qbr5d0e6d7d89,0.00,0.00,0.00,0,0,0.00,0.00,0.00,0,0,0.00,0.00,0,0
1625410899.618215,tap5d0e6d7d89,0.00,0.00,0.00,0,0,0.00,0.00,0.00,0,0,0.00,0.00,0,0
1625410899.618244,docker0,0.00,0.00,0.00,0,0,0.00,0.00,0.00,0,0,0.00,0.00,0,0
1625410899.618267,qvb5d0e6d7d89,0.00,0.00,0.00,0,0,0.00,0.00,0.00,0,0,0.00,0.00,0,0
1625410899.618290,eth1,269.73,1764.24,2033.97,1766,270,3.00,8.99,11.99,9,3,0.00,0.00,0,0
1625410899.618361,qbr08dfd47b31,0.00,0.00,0.00,0,0,0.00,0.00,0.00,0,0,0.00,0.00,0,0
1625410899.618392,lo,5412.59,5412.59,10825.17,5418,5418,15.98,15.98,31.97,16,16,0.00,0.00,0,0
1625410899.618422,vxlan_sys_4789,313.69,98.90,412.59,99,314,4.00,2.00,5.99,2,4,0.00,0.00,0,0
1625410899.618445,total,72321.68,15510.49,87832.17,15526,72394,67.93,89.91,157.84,90,68,0.00,0.00,0,0
1625410900.618961,qvb08dfd47b31,369.63,126.87,496.50,127,370,4.00,2.00,5.99,2,4,0.00,0.00,0,0
1625410900.619042,tap08dfd47b31,126.87,369.63,496.50,370,127,2.00,4.00,5.99,4,2,0.00,0.00,0,0
1625410900.619097,qvo3854936ece,1976.02,371.63,2347.65,372,1978,11.99,4.00,15.98,4,12,0.00,0.00,0,0
1625410900.619129,eth0,63428.57,3903.10,67331.67,3907,63492,25.97,35.96,61.94,36,26,0.00,0.00,0,0
1625410900.619159,tap3854936ece,168.83,371.63,540.46,372,169,3.00,4.00,6.99,4,3,0.00,0.00,0,0
1625410900.619203,qvo5d0e6d7d89,41.96,41.96,83.92,42,42,1.00,1.00,2.00,1,1,0.00,0.00,0,0
1625410900.619413,qvb3854936ece,371.63,1976.02,2347.65,1978,372,4.00,11.99,15.98,12,4,0.00,0.00,0,0
1625410900.619458,qbr3854936ece,0.00,1703.30,1703.30,1705,0,0.00,9.99,9.99,10,0,0.00,0.00,0,0
1625410900.619484,qvo08dfd47b31,126.87,369.63,496.50,370,127,2.00,4.00,5.99,4,2,0.00,0.00,0,0
1625410900.619509,qbr5d0e6d7d89,0.00,0.00,0.00,0,0,0.00,0.00,0.00,0,0,0.00,0.00,0,0
1625410900.619646,tap5d0e6d7d89,41.96,41.96,83.92,42,42,1.00,1.00,2.00,1,1,0.00,0.00,0,0
1625410900.619679,docker0,0.00,0.00,0.00,0,0,0.00,0.00,0.00,0,0,0.00,0.00,0,0
1625410900.619700,qvb5d0e6d7d89,41.96,41.96,83.92,42,42,1.00,1.00,2.00,1,1,0.00,0.00,0,0
1625410900.619726,eth1,371.63,1976.02,2347.65,1978,372,4.00,11.99,15.98,12,4,0.00,0.00,0,0
1625410900.619753,qbr08dfd47b31,0.00,0.00,0.00,0,0,0.00,0.00,0.00,0,0,0.00,0.00,0,0
1625410900.619775,lo,0.00,0.00,0.00,0,0,0.00,0.00,0.00,0,0,0.00,0.00,0,0
1625410900.619797,vxlan_sys_4789,341.66,126.87,468.53,127,342,5.00,3.00,7.99,3,5,0.00,0.00,0,0
1625410900.619818,total,67407.59,11420.58,78828.17,11432,67475,64.94,93.91,158.84,94,65,0.00,0.00,0,0
1625410901.620381,qvb08dfd47b31,369.63,126.87,496.50,127,370,4.00,2.00,5.99,2,4,0.00,0.00,0,0
1625410901.620464,tap08dfd47b31,126.87,369.63,496.50,370,127,2.00,4.00,5.99,4,2,0.00,0.00,0,0
1625410901.620494,qvo3854936ece,450.55,371.63,822.18,372,451,6.99,4.00,10.99,4,7,0.00,0.00,0,0
1625410901.620534,eth0,63112.89,2205.79,65318.68,2208,63176,21.98,28.97,50.95,29,22,0.00,0.00,0,0
1625410901.620566,tap3854936ece,228.77,371.63,600.40,372,229,4.00,4.00,7.99,4,4,0.00,0.00,0,0
1625410901.620591,qvo5d0e6d7d89,0.00,0.00,0.00,0,0,0.00,0.00,0.00,0,0,0.00,0.00,0,0
1625410901.620750,qvb3854936ece,371.63,450.55,822.18,451,372,4.00,6.99,10.99,7,4,0.00,0.00,0,0
1625410901.620819,qbr3854936ece,0.00,247.75,247.75,248,0,0.00,5.00,5.00,5,0,0.00,0.00,0,0
1625410901.620874,qvo08dfd47b31,126.87,369.63,496.50,370,127,2.00,4.00,5.99,4,2,0.00,0.00,0,0
1625410901.620919,qbr5d0e6d7d89,0.00,0.00,0.00,0,0,0.00,0.00,0.00,0,0,0.00,0.00,0,0
1625410901.621235,tap5d0e6d7d89,0.00,0.00,0.00,0,0,0.00,0.00,0.00,0,0,0.00,0.00,0,0
1625410901.621306,docker0,0.00,0.00,0.00,0,0,0.00,0.00,0.00,0,0,0.00,0.00,0,0
1625410901.621398,qvb5d0e6d7d89,0.00,0.00,0.00,0,0,0.00,0.00,0.00,0,0,0.00,0.00,0,0
1625410901.621422,eth1,371.63,450.55,822.18,451,372,4.00,6.99,10.99,7,4,0.00,0.00,0,0
1625410901.621452,qbr08dfd47b31,0.00,0.00,0.00,0,0,0.00,0.00,0.00,0,0,0.00,0.00,0,0
1625410901.621475,lo,667.33,667.33,1334.67,668,668,8.99,8.99,17.98,9,9,0.00,0.00,0,0
1625410901.621504,vxlan_sys_4789,313.69,98.90,412.59,99,314,4.00,2.00,5.99,2,4,0.00,0.00,0,0
1625410901.621529,total,66139.86,5730.27,71870.13,5736,66206,61.94,76.92,138.86,77,62,0.00,0.00,0,0
1625410902.621862,qvb08dfd47b31,369.63,126.87,496.50,127,370,4.00,2.00,5.99,2,4,0.00,0.00,0,0
1625410902.621906,tap08dfd47b31,126.87,369.63,496.50,370,127,2.00,4.00,5.99,4,2,0.00,0.00,0,0
1625410902.621915,qvo3854936ece,678.32,371.63,1049.95,372,679,10.99,4.00,14.99,4,11,0.00,0.00,0,0
1625410902.621925,eth0,63210.79,2439.56,65650.35,2442,63274,22.98,32.97,55.94,33,23,0.00,0.00,0,0
1625410902.621935,tap3854936ece,330.67,371.63,702.30,372,331,5.99,4.00,9.99,4,6,0.00,0.00,0,0
1625410902.621943,qvo5d0e6d7d89,0.00,0.00,0.00,0,0,0.00,0.00,0.00,0,0,0.00,0.00,0,0
1625410902.622023,qvb3854936ece,371.63,678.32,1049.95,679,372,4.00,10.99,14.99,11,4,0.00,0.00,0,0
1625410902.622034,qbr3854936ece,0.00,419.58,419.58,420,0,0.00,8.99,8.99,9,0,0.00,0.00,0,0
1625410902.622042,qvo08dfd47b31,126.87,369.63,496.50,370,127,2.00,4.00,5.99,4,2,0.00,0.00,0,0
1625410902.622049,qbr5d0e6d7d89,0.00,0.00,0.00,0,0,0.00,0.00,0.00,0,0,0.00,0.00,0,0
1625410902.622113,tap5d0e6d7d89,0.00,0.00,0.00,0,0,0.00,0.00,0.00,0,0,0.00,0.00,0,0
1625410902.622131,docker0,0.00,0.00,0.00,0,0,0.00,0.00,0.00,0,0,0.00,0.00,0,0
1625410902.622138,qvb5d0e6d7d89,0.00,0.00,0.00,0,0,0.00,0.00,0.00,0,0,0.00,0.00,0,0
1625410902.622145,eth1,372.00,679.00,1051.00,679,372,4.00,11.00,15.00,11,4,0.00,0.00,0,0
1625410902.622153,qbr08dfd47b31,0.00,0.00,0.00,0,0,0.00,0.00,0.00,0,0,0.00,0.00,0,0
1625410902.622160,lo,172.00,172.00,344.00,172,172,3.00,3.00,6.00,3,3,0.00,0.00,0,0
1625410902.622167,vxlan_sys_4789,314.00,99.00,413.00,99,314,4.00,2.00,6.00,2,4,0.00,0.00,0,0
1625410902.622174,total,66138.00,6102.00,72240.00,6102,66138,63.00,87.00,150.00,87,63,0.00,0.00,0,0
1625410903.622604,qvb08dfd47b31,370.00,127.00,497.00,127,370,4.00,2.00,6.00,2,4,0.00,0.00,0,0
1625410903.622719,tap08dfd47b31,127.00,370.00,497.00,370,127,2.00,4.00,6.00,4,2,0.00,0.00,0,0
1625410903.622739,qvo3854936ece,786.00,372.00,1158.00,372,786,9.00,4.00,13.00,4,9,0.00,0.00,0,0
1625410903.622757,eth0,63242.00,2543.00,65785.00,2543,63242,23.00,31.00,54.00,31,23,0.00,0.00,0,0
1625410903.622776,tap3854936ece,229.00,372.00,601.00,372,229,4.00,4.00,8.00,4,4,0.00,0.00,0,0
1625410903.622792,qvo5d0e6d7d89,0.00,0.00,0.00,0,0,0.00,0.00,0.00,0,0,0.00,0.00,0,0
1625410903.622903,qvb3854936ece,372.00,786.00,1158.00,786,372,4.00,9.00,13.00,9,4,0.00,0.00,0,0
1625410903.622926,qbr3854936ece,0.00,555.00,555.00,555,0,0.00,7.00,7.00,7,0,0.00,0.00,0,0
1625410903.622941,qvo08dfd47b31,127.00,370.00,497.00,370,127,2.00,4.00,6.00,4,2,0.00,0.00,0,0
1625410903.622954,qbr5d0e6d7d89,0.00,0.00,0.00,0,0,0.00,0.00,0.00,0,0,0.00,0.00,0,0
1625410903.623044,tap5d0e6d7d89,0.00,0.00,0.00,0,0,0.00,0.00,0.00,0,0,0.00,0.00,0,0
1625410903.623060,docker0,0.00,0.00,0.00,0,0,0.00,0.00,0.00,0,0,0.00,0.00,0,0
1625410903.623072,qvb5d0e6d7d89,0.00,0.00,0.00,0,0,0.00,0.00,0.00,0,0,0.00,0.00,0,0
1625410903.623085,eth1,372.00,786.00,1158.00,786,372,4.00,9.00,13.00,9,4,0.00,0.00,0,0
1625410903.623099,qbr08dfd47b31,0.00,0.00,0.00,0,0,0.00,0.00,0.00,0,0,0.00,0.00,0,0
1625410903.623111,lo,456.00,456.00,912.00,456,456,6.00,6.00,12.00,6,6,0.00,0.00,0,0
1625410903.623124,vxlan_sys_4789,314.00,99.00,413.00,99,314,4.00,2.00,6.00,2,4,0.00,0.00,0,0
1625410903.623136,total,66395.00,6836.00,73231.00,6836,66395,62.00,82.00,144.00,82,62,0.00,0.00,0,0
1625410904.623671,qvb08dfd47b31,369.63,126.87,496.50,127,370,4.00,2.00,5.99,2,4,0.00,0.00,0,0
1625410904.623755,tap08dfd47b31,126.87,369.63,496.50,370,127,2.00,4.00,5.99,4,2,0.00,0.00,0,0
1625410904.623786,qvo3854936ece,450.55,371.63,822.18,372,451,6.99,4.00,10.99,4,7,0.00,0.00,0,0
1625410904.623816,eth0,63280.72,2359.64,65640.36,2362,63344,23.98,30.97,54.95,31,24,0.00,0.00,0,0
1625410904.623847,tap3854936ece,228.77,371.63,600.40,372,229,4.00,4.00,7.99,4,4,0.00,0.00,0,0
1625410904.623873,qvo5d0e6d7d89,0.00,0.00,0.00,0,0,0.00,0.00,0.00,0,0,0.00,0.00,0,0
1625410904.624005,qvb3854936ece,371.63,450.55,822.18,451,372,4.00,6.99,10.99,7,4,0.00,0.00,0,0
1625410904.624066,qbr3854936ece,0.00,247.75,247.75,248,0,0.00,5.00,5.00,5,0,0.00,0.00,0,0
1625410904.624092,qvo08dfd47b31,126.87,369.63,496.50,370,127,2.00,4.00,5.99,4,2,0.00,0.00,0,0
1625410904.624117,qbr5d0e6d7d89,0.00,0.00,0.00,0,0,0.00,0.00,0.00,0,0,0.00,0.00,0,0
1625410904.624255,tap5d0e6d7d89,0.00,0.00,0.00,0,0,0.00,0.00,0.00,0,0,0.00,0.00,0,0
1625410904.624284,docker0,0.00,0.00,0.00,0,0,0.00,0.00,0.00,0,0,0.00,0.00,0,0
1625410904.624305,qvb5d0e6d7d89,0.00,0.00,0.00,0,0,0.00,0.00,0.00,0,0,0.00,0.00,0,0
1625410904.624437,eth1,371.63,450.55,822.18,451,372,4.00,6.99,10.99,7,4,0.00,0.00,0,0
1625410904.624476,qbr08dfd47b31,0.00,0.00,0.00,0,0,0.00,0.00,0.00,0,0,0.00,0.00,0,0
1625410904.624499,lo,4487.51,4487.51,8975.03,4492,4492,4.00,4.00,7.99,4,4,0.00,0.00,0,0
1625410904.624526,vxlan_sys_4789,313.69,98.90,412.59,99,314,4.00,2.00,5.99,2,4,0.00,0.00,0,0
1625410904.624549,total,70127.88,9704.30,79832.17,9714,70198,58.94,73.93,132.87,74,59,0.00,0.00,0,0
1625410905.625042,qvb08dfd47b31,369.63,126.87,496.50,127,370,4.00,2.00,5.99,2,4,0.00,0.00,0,0
1625410905.625124,tap08dfd47b31,126.87,369.63,496.50,370,127,2.00,4.00,5.99,4,2,0.00,0.00,0,0
1625410905.625178,qvo3854936ece,1908.09,371.63,2279.72,372,1910,11.99,4.00,15.98,4,12,0.00,0.00,0,0
1625410905.625212,eth0,63108.89,3663.34,66772.23,3667,63172,21.98,33.97,55.94,34,22,0.00,0.00,0,0
1625410905.625243,tap3854936ece,330.67,371.63,702.30,372,331,5.99,4.00,9.99,4,6,0.00,0.00,0,0
1625410905.625269,qvo5d0e6d7d89,0.00,0.00,0.00,0,0,0.00,0.00,0.00,0,0,0.00,0.00,0,0
1625410905.625459,qvb3854936ece,371.63,1908.09,2279.72,1910,372,4.00,11.99,15.98,12,4,0.00,0.00,0,0
1625410905.625503,qbr3854936ece,0.00,1635.36,1635.36,1637,0,0.00,9.99,9.99,10,0,0.00,0.00,0,0
1625410905.625529,qvo08dfd47b31,126.87,369.63,496.50,370,127,2.00,4.00,5.99,4,2,0.00,0.00,0,0
1625410905.625562,qbr5d0e6d7d89,0.00,0.00,0.00,0,0,0.00,0.00,0.00,0,0,0.00,0.00,0,0
1625410905.625776,tap5d0e6d7d89,0.00,0.00,0.00,0,0,0.00,0.00,0.00,0,0,0.00,0.00,0,0
1625410905.625813,docker0,0.00,0.00,0.00,0,0,0.00,0.00,0.00,0,0,0.00,0.00,0,0
1625410905.625835,qvb5d0e6d7d89,0.00,0.00,0.00,0,0,0.00,0.00,0.00,0,0,0.00,0.00,0,0
1625410905.625858,eth1,371.63,1908.09,2279.72,1910,372,4.00,11.99,15.98,12,4,0.00,0.00,0,0
1625410905.625885,qbr08dfd47b31,0.00,0.00,0.00,0,0,0.00,0.00,0.00,0,0,0.00,0.00,0,0
1625410905.625907,lo,742.26,742.26,1484.52,743,743,9.99,9.99,19.98,10,10,0.00,0.00,0,0
1625410905.625934,vxlan_sys_4789,313.69,98.90,412.59,99,314,4.00,2.00,5.99,2,4,0.00,0.00,0,0
1625410905.625957,total,67770.23,11565.43,79335.66,11577,67838,69.93,97.90,167.83,98,70,0.00,0.00,0,0
1625410906.626662,qvb08dfd47b31,369.63,126.87,496.50,127,370,4.00,2.00,5.99,2,4,0.00,0.00,0,0
1625410906.626743,tap08dfd47b31,126.87,369.63,496.50,370,127,2.00,4.00,5.99,4,2,0.00,0.00,0,0
1625410906.626773,qvo3854936ece,2438.56,371.63,2810.19,372,2441,17.98,4.00,21.98,4,18,0.00,0.00,0,0
1625410906.626804,eth0,65586.41,5138.86,70725.27,5144,65652,28.97,46.95,75.92,47,29,0.00,0.00,0,0
1625410906.626836,tap3854936ece,348.65,371.63,720.28,372,349,5.99,4.00,9.99,4,6,0.00,0.00,0,0
1625410906.626863,qvo5d0e6d7d89,0.00,0.00,0.00,0,0,0.00,0.00,0.00,0,0,0.00,0.00,0,0
1625410906.627002,qvb3854936ece,371.63,2438.56,2810.19,2441,372,4.00,17.98,21.98,18,4,0.00,0.00,0,0
1625410906.627038,qbr3854936ece,0.00,2081.92,2081.92,2084,0,0.00,15.98,15.98,16,0,0.00,0.00,0,0
1625410906.627065,qvo08dfd47b31,126.87,369.63,496.50,370,127,2.00,4.00,5.99,4,2,0.00,0.00,0,0
1625410906.627090,qbr5d0e6d7d89,0.00,0.00,0.00,0,0,0.00,0.00,0.00,0,0,0.00,0.00,0,0
1625410906.627227,tap5d0e6d7d89,0.00,0.00,0.00,0,0,0.00,0.00,0.00,0,0,0.00,0.00,0,0
1625410906.627257,docker0,0.00,0.00,0.00,0,0,0.00,0.00,0.00,0,0,0.00,0.00,0,0
1625410906.627280,qvb5d0e6d7d89,0.00,0.00,0.00,0,0,0.00,0.00,0.00,0,0,0.00,0.00,0,0
1625410906.627303,eth1,371.63,2438.56,2810.19,2441,372,4.00,17.98,21.98,18,4,0.00,0.00,0,0
1625410906.627376,qbr08dfd47b31,0.00,0.00,0.00,0,0,0.00,0.00,0.00,0,0,0.00,0.00,0,0
1625410906.627398,lo,211.79,211.79,423.58,212,212,3.00,3.00,5.99,3,3,0.00,0.00,0,0
1625410906.627424,vxlan_sys_4789,313.69,98.90,412.59,99,314,4.00,2.00,5.99,2,4,0.00,0.00,0,0
1625410906.627446,total,70265.73,14017.98,84283.72,14032,70336,75.92,121.88,197.80,122,76,0.00,0.00,0,0
1625410907.628033,qvb08dfd47b31,961.04,405.59,1366.63,406,962,10.99,5.99,16.98,6,11,0.00,0.00,0,0
1625410907.628119,tap08dfd47b31,405.59,961.04,1366.63,962,406,5.99,10.99,16.98,11,6,0.00,0.00,0,0
1625410907.628151,qvo3854936ece,1094.91,437.56,1532.47,438,1096,14.99,5.00,19.98,5,15,0.00,0.00,0,0
1625410907.628183,eth0,64119.88,3196.80,67316.69,3200,64184,29.97,38.96,68.93,39,30,0.00,0.00,0,0
1625410907.628214,tap3854936ece,360.64,437.56,798.20,438,361,5.99,5.00,10.99,5,6,0.00,0.00,0,0
1625410907.628240,qvo5d0e6d7d89,0.00,0.00,0.00,0,0,0.00,0.00,0.00,0,0,0.00,0.00,0,0
1625410907.628427,qvb3854936ece,437.56,1094.91,1532.47,1096,438,5.00,14.99,19.98,15,5,0.00,0.00,0,0
1625410907.628470,qbr3854936ece,0.00,676.32,676.32,677,0,0.00,10.99,10.99,11,0,0.00,0.00,0,0
1625410907.628496,qvo08dfd47b31,405.59,961.04,1366.63,962,406,5.99,10.99,16.98,11,6,0.00,0.00,0,0
1625410907.628523,qbr5d0e6d7d89,0.00,0.00,0.00,0,0,0.00,0.00,0.00,0,0,0.00,0.00,0,0
1625410907.628761,tap5d0e6d7d89,0.00,0.00,0.00,0,0,0.00,0.00,0.00,0,0,0.00,0.00,0,0
1625410907.628830,docker0,0.00,0.00,0.00,0,0,0.00,0.00,0.00,0,0,0.00,0.00,0,0
1625410907.628853,qvb5d0e6d7d89,0.00,0.00,0.00,0,0,0.00,0.00,0.00,0,0,0.00,0.00,0,0
1625410907.628876,eth1,437.56,1094.91,1532.47,1096,438,5.00,14.99,19.98,15,5,0.00,0.00,0,0
1625410907.628917,qbr08dfd47b31,0.00,0.00,0.00,0,0,0.00,0.00,0.00,0,0,0.00,0.00,0,0
1625410907.628956,lo,1161.84,1161.84,2323.68,1163,1163,14.99,14.99,29.97,15,15,0.00,0.00,0,0
1625410907.629005,vxlan_sys_4789,807.19,321.68,1128.87,322,808,10.99,5.99,16.98,6,11,0.00,0.00,0,0
1625410907.629042,total,70191.81,10749.25,80941.06,10760,70262,109.89,138.86,248.75,139,110,0.00,0.00,0,0
1625410908.629604,qvb08dfd47b31,369.63,126.87,496.50,127,370,4.00,2.00,5.99,2,4,0.00,0.00,0,0
1625410908.629683,tap08dfd47b31,126.87,369.63,496.50,370,127,2.00,4.00,5.99,4,2,0.00,0.00,0,0
1625410908.629713,qvo3854936ece,913.09,371.63,1284.72,372,914,12.99,4.00,16.98,4,13,0.00,0.00,0,0
1625410908.629745,eth0,63214.79,2674.33,65889.11,2677,63278,22.98,34.97,57.94,35,23,0.00,0.00,0,0
1625410908.629782,tap3854936ece,270.73,371.63,642.36,372,271,5.00,4.00,8.99,4,5,0.00,0.00,0,0
1625410908.629828,qvo5d0e6d7d89,0.00,0.00,0.00,0,0,0.00,0.00,0.00,0,0,0.00,0.00,0,0
1625410908.630015,qvb3854936ece,371.63,913.09,1284.72,914,372,4.00,12.99,16.98,13,4,0.00,0.00,0,0
1625410908.630056,qbr3854936ece,0.00,626.37,626.37,627,0,0.00,10.99,10.99,11,0,0.00,0.00,0,0
1625410908.630082,qvo08dfd47b31,126.87,369.63,496.50,370,127,2.00,4.00,5.99,4,2,0.00,0.00,0,0
1625410908.630106,qbr5d0e6d7d89,0.00,0.00,0.00,0,0,0.00,0.00,0.00,0,0,0.00,0.00,0,0
1625410908.630241,tap5d0e6d7d89,0.00,0.00,0.00,0,0,0.00,0.00,0.00,0,0,0.00,0.00,0,0
1625410908.630269,docker0,0.00,0.00,0.00,0,0,0.00,0.00,0.00,0,0,0.00,0.00,0,0
1625410908.630291,qvb5d0e6d7d89,0.00,0.00,0.00,0,0,0.00,0.00,0.00,0,0,0.00,0.00,0,0
1625410908.630347,eth1,371.63,913.09,1284.72,914,372,4.00,12.99,16.98,13,4,0.00,0.00,0,0
1625410908.630383,qbr08dfd47b31,0.00,0.00,0.00,0,0,0.00,0.00,0.00,0,0,0.00,0.00,0,0
1625410908.630406,lo,171.83,171.83,343.66,172,172,3.00,3.00,5.99,3,3,0.00,0.00,0,0
1625410908.630431,vxlan_sys_4789,313.69,98.90,412.59,99,314,4.00,2.00,5.99,2,4,0.00,0.00,0,0
1625410908.630453,total,66250.75,7006.99,73257.74,7014,66317,63.94,94.91,158.84,95,64,0.00,0.00,0,0
