1625441244.998523,qvb08dfd47b-31,0.00,0.00,0.00,0,0,0.00,0.00,0.00,0,0,0.00,0.00,0,0
1625441244.998616,tap08dfd47b-31,0.00,0.00,0.00,0,0,0.00,0.00,0.00,0,0,0.00,0.00,0,0
1625441244.998647,qvo3854936e-ce,0.00,0.00,0.00,0,0,0.00,0.00,0.00,0,0,0.00,0.00,0,0
1625441244.998672,eth0,0.00,0.00,0.00,0,0,0.00,0.00,0.00,0,0,0.00,0.00,0,0
1625441244.998693,tap3854936e-ce,0.00,0.00,0.00,0,0,0.00,0.00,0.00,0,0,0.00,0.00,0,0
1625441244.998713,qvo5d0e6d7d-89,0.00,0.00,0.00,0,0,0.00,0.00,0.00,0,0,0.00,0.00,0,0
1625441244.998848,qvb3854936e-ce,0.00,0.00,0.00,0,0,0.00,0.00,0.00,0,0,0.00,0.00,0,0
1625441244.998883,qbr3854936e-ce,0.00,0.00,0.00,0,0,0.00,0.00,0.00,0,0,0.00,0.00,0,0
1625441244.998904,qvo08dfd47b-31,0.00,0.00,0.00,0,0,0.00,0.00,0.00,0,0,0.00,0.00,0,0
1625441244.998923,qbr5d0e6d7d-89,0.00,0.00,0.00,0,0,0.00,0.00,0.00,0,0,0.00,0.00,0,0
1625441244.999049,tap5d0e6d7d-89,0.00,0.00,0.00,0,0,0.00,0.00,0.00,0,0,0.00,0.00,0,0
1625441244.999086,docker0,0.00,0.00,0.00,0,0,0.00,0.00,0.00,0,0,0.00,0.00,0,0
1625441244.999106,qvb5d0e6d7d-89,0.00,0.00,0.00,0,0,0.00,0.00,0.00,0,0,0.00,0.00,0,0
1625441244.999127,eth1,0.00,0.00,0.00,0,0,0.00,0.00,0.00,0,0,0.00,0.00,0,0
1625441244.999147,qbr08dfd47b-31,0.00,0.00,0.00,0,0,0.00,0.00,0.00,0,0,0.00,0.00,0,0
1625441244.999167,lo,0.00,0.00,0.00,0,0,0.00,0.00,0.00,0,0,0.00,0.00,0,0
1625441244.999187,vxlan_sys_4789,0.00,0.00,0.00,0,0,0.00,0.00,0.00,0,0,0.00,0.00,0,0
1625441244.999204,total,0.00,0.00,0.00,0,0,0.00,0.00,0.00,0,0,0.00,0.00,0,0
1625441245.999692,qvb08dfd47b-31,369.63,126.87,496.50,127,370,4.00,2.00,5.99,2,4,0.00,0.00,0,0
1625441245.999776,tap08dfd47b-31,126.87,369.63,496.50,370,127,2.00,4.00,5.99,4,2,0.00,0.00,0,0
1625441245.999808,qvo3854936e-ce,561.44,371.63,933.07,372,562,7.99,4.00,11.99,4,8,0.00,0.00,0,0
1625441245.999840,eth0,64194.81,2525.47,66720.28,2528,64259,28.97,31.97,60.94,32,29,0.00,0.00,0,0
1625441245.999873,tap3854936e-ce,186.81,371.63,558.44,372,187,3.00,4.00,6.99,4,3,0.00,0.00,0,0
1625441245.999900,qvo5d0e6d7d-89,72.93,161.84,234.77,162,73,1.00,2.00,3.00,2,1,0.00,0.00,0,0
1625441246.000084,qvb3854936e-ce,371.26,560.88,932.14,562,372,3.99,7.98,11.98,8,4,0.00,0.00,0,0
1625441246.000125,qbr3854936e-ce,0.00,344.31,344.31,345,0,0.00,5.99,5.99,6,0,0.00,0.00,0,0
1625441246.000153,qvo08dfd47b-31,126.75,369.26,496.01,370,127,2.00,3.99,5.99,4,2,0.00,0.00,0,0
1625441246.000179,qbr5d0e6d7d-89,0.00,0.00,0.00,0,0,0.00,0.00,0.00,0,0,0.00,0.00,0,0
1625441246.000432,tap5d0e6d7d-89,72.85,161.68,234.53,162,73,1.00,2.00,2.99,2,1,0.00,0.00,0,0
1625441246.000512,docker0,0.00,0.00,0.00,0,0,0.00,0.00,0.00,0,0,0.00,0.00,0,0
1625441246.000537,qvb5d0e6d7d-89,161.68,72.85,234.53,73,162,2.00,1.00,2.99,1,2,0.00,0.00,0,0
1625441246.000565,eth1,371.26,560.88,932.14,562,372,3.99,7.98,11.98,8,4,0.00,0.00,0,0
1625441246.000592,qbr08dfd47b-31,0.00,0.00,0.00,0,0,0.00,0.00,0.00,0,0,0.00,0.00,0,0
1625441246.000614,lo,455.09,455.09,910.18,456,456,5.99,5.99,11.98,6,6,0.00,0.00,0,0
1625441246.000641,vxlan_sys_4789,447.11,157.68,604.79,158,448,5.99,2.99,8.98,3,6,0.00,0.00,0,0
1625441246.000683,total,67453.09,6605.79,74058.88,6619,67588,71.86,85.83,157.68,86,72,0.00,0.00,0,0
1625441247.001158,qvb08dfd47b-31,369.26,126.75,496.01,127,370,3.99,2.00,5.99,2,4,0.00,0.00,0,0
1625441247.001238,tap08dfd47b-31,126.75,369.26,496.01,370,127,2.00,3.99,5.99,4,2,0.00,0.00,0,0
1625441247.001352,qvo3854936e-ce,1154.69,371.26,1525.95,372,1157,14.97,3.99,18.96,4,15,0.00,0.00,0,0
1625441247.001396,eth0,64526.95,4083.83,68610.78,4092,64656,33.93,42.91,76.85,43,34,0.00,0.00,0,0
1625441247.001430,tap3854936e-ce,186.63,371.26,557.88,372,187,2.99,3.99,6.99,4,3,0.00,0.00,0,0
1625441247.001457,qvo5d0e6d7d-89,875.25,814.37,1689.62,816,877,5.99,7.98,13.97,8,6,0.00,0.00,0,0
1625441247.001595,qvb3854936e-ce,371.63,1155.84,1527.47,1157,372,4.00,14.99,18.98,15,4,0.00,0.00,0,0
1625441247.001632,qbr3854936e-ce,0.00,841.16,841.16,842,0,0.00,12.99,12.99,13,0,0.00,0.00,0,0
1625441247.001659,qvo08dfd47b-31,126.87,369.63,496.50,370,127,2.00,4.00,5.99,4,2,0.00,0.00,0,0
1625441247.001684,qbr5d0e6d7d-89,0.00,0.00,0.00,0,0,0.00,0.00,0.00,0,0,0.00,0.00,0,0
1625441247.001820,tap5d0e6d7d-89,876.12,815.18,1691.31,816,877,5.99,7.99,13.99,8,6,0.00,0.00,0,0
1625441247.001880,docker0,0.00,0.00,0.00,0,0,0.00,0.00,0.00,0,0,0.00,0.00,0,0
1625441247.001903,qvb5d0e6d7d-89,815.18,876.12,1691.31,877,816,7.99,5.99,13.99,6,8,0.00,0.00,0,0
1625441247.001931,eth1,371.63,1155.84,1527.47,1157,372,4.00,14.99,18.98,15,4,0.00,0.00,0,0
1625441247.001959,qbr08dfd47b-31,0.00,0.00,0.00,0,0,0.00,0.00,0.00,0,0,0.00,0.00,0,0
1625441247.001981,lo,498.50,498.50,997.00,499,499,6.99,6.99,13.99,7,7,0.00,0.00,0,0
1625441247.002007,vxlan_sys_4789,1016.98,891.11,1908.09,892,1018,11.99,7.99,19.98,8,12,0.00,0.00,0,0
1625441247.002032,total,71383.62,12746.25,84129.88,12759,71455,106.89,140.86,247.75,141,107,0.00,0.00,0,0
1625441248.002717,qvb08dfd47b-31,369.63,126.87,496.50,127,370,4.00,2.00,5.99,2,4,0.00,0.00,0,0
1625441248.002799,tap08dfd47b-31,126.87,369.63,496.50,370,127,2.00,4.00,5.99,4,2,0.00,0.00,0,0
1625441248.002837,qvo3854936e-ce,813.19,371.63,1184.82,372,814,10.99,4.00,14.99,4,11,0.00,0.00,0,0
1625441248.002871,eth0,65550.45,3719.28,69269.73,3723,65616,29.97,38.96,68.93,39,30,0.00,0.00,0,0
1625441248.002903,tap3854936e-ce,186.81,371.63,558.44,372,187,3.00,4.00,6.99,4,3,0.00,0.00,0,0
1625441248.002929,qvo5d0e6d7d-89,803.20,653.35,1456.54,654,804,5.00,5.99,10.99,6,5,0.00,0.00,0,0
1625441248.003066,qvb3854936e-ce,371.63,813.19,1184.82,814,372,4.00,10.99,14.99,11,4,0.00,0.00,0,0
1625441248.003103,qbr3854936e-ce,0.00,554.45,554.45,555,0,0.00,8.99,8.99,9,0,0.00,0.00,0,0
1625441248.003283,qvo08dfd47b-31,126.87,369.63,496.50,370,127,2.00,4.00,5.99,4,2,0.00,0.00,0,0
1625441248.003354,qbr5d0e6d7d-89,0.00,0.00,0.00,0,0,0.00,0.00,0.00,0,0,0.00,0.00,0,0
1625441248.003510,tap5d0e6d7d-89,803.20,653.35,1456.54,654,804,5.00,5.99,10.99,6,5,0.00,0.00,0,0
1625441248.003547,docker0,0.00,0.00,0.00,0,0,0.00,0.00,0.00,0,0,0.00,0.00,0,0
1625441248.003570,qvb5d0e6d7d-89,653.35,803.20,1456.54,804,654,5.99,5.00,10.99,5,6,0.00,0.00,0,0
1625441248.003598,eth1,371.63,813.19,1184.82,814,372,4.00,10.99,14.99,11,4,0.00,0.00,0,0
1625441248.003625,qbr08dfd47b-31,0.00,0.00,0.00,0,0,0.00,0.00,0.00,0,0,0.00,0.00,0,0
1625441248.003648,lo,455.54,455.54,911.09,456,456,5.99,5.99,11.99,6,6,0.00,0.00,0,0
1625441248.003674,vxlan_sys_4789,883.12,832.17,1715.28,833,884,9.99,6.99,16.98,7,10,0.00,0.00,0,0
1625441248.003699,total,71515.48,10907.09,82422.58,10918,71587,91.91,117.88,209.79,118,92,0.00,0.00,0,0
1625441249.004102,qvb08dfd47b-31,369.63,126.87,496.50,127,370,4.00,2.00,5.99,2,4,0.00,0.00,0,0
1625441249.004175,tap08dfd47b-31,126.87,369.63,496.50,370,127,2.00,4.00,5.99,4,2,0.00,0.00,0,0
1625441249.004194,qvo3854936e-ce,871.13,371.63,1242.76,372,872,11.99,4.00,15.98,4,12,0.00,0.00,0,0
1625441249.004213,eth0,63704.30,2897.10,66601.40,2900,63768,28.97,36.96,65.93,37,29,0.00,0.00,0,0
1625441249.004231,tap3854936e-ce,228.77,371.63,600.40,372,229,4.00,4.00,7.99,4,4,0.00,0.00,0,0
1625441249.004247,qvo5d0e6d7d-89,72.93,161.84,234.77,162,73,1.00,2.00,3.00,2,1,0.00,0.00,0,0
1625441249.004354,qvb3854936e-ce,371.63,871.13,1242.76,872,372,4.00,11.99,15.98,12,4,0.00,0.00,0,0
1625441249.004376,qbr3854936e-ce,0.00,598.40,598.40,599,0,0.00,9.99,9.99,10,0,0.00,0.00,0,0
1625441249.004391,qvo08dfd47b-31,126.87,369.63,496.50,370,127,2.00,4.00,5.99,4,2,0.00,0.00,0,0
1625441249.004406,qbr5d0e6d7d-89,0.00,0.00,0.00,0,0,0.00,0.00,0.00,0,0,0.00,0.00,0,0
1625441249.004496,tap5d0e6d7d-89,73.00,162.00,235.00,162,73,1.00,2.00,3.00,2,1,0.00,0.00,0,0
1625441249.004515,docker0,0.00,0.00,0.00,0,0,0.00,0.00,0.00,0,0,0.00,0.00,0,0
1625441249.004529,qvb5d0e6d7d-89,162.00,73.00,235.00,73,162,2.00,1.00,3.00,1,2,0.00,0.00,0,0
1625441249.004544,eth1,372.00,872.00,1244.00,872,372,4.00,12.00,16.00,12,4,0.00,0.00,0,0
1625441249.004559,qbr08dfd47b-31,0.00,0.00,0.00,0,0,0.00,0.00,0.00,0,0,0.00,0.00,0,0
1625441249.004572,lo,172.00,172.00,344.00,172,172,3.00,3.00,6.00,3,3,0.00,0.00,0,0
1625441249.004586,vxlan_sys_4789,448.00,158.00,606.00,158,448,6.00,3.00,9.00,3,6,0.00,0.00,0,0
1625441249.004598,total,67165.00,7581.00,74746.00,7581,67165,74.00,100.00,174.00,100,74,0.00,0.00,0,0
1625441250.009157,qvb08dfd47b-31,368.53,126.49,495.02,127,370,3.98,1.99,5.98,2,4,0.00,0.00,0,0
1625441250.009693,tap08dfd47b-31,126.37,368.16,494.53,370,127,1.99,3.98,5.97,4,2,0.00,0.00,0,0
1625441250.009818,qvo3854936e-ce,1158.21,411.94,1570.15,414,1164,14.93,4.98,19.90,5,15,0.00,0.00,0,0
1625441250.009943,eth0,66649.75,5029.85,71679.60,5055,66983,37.81,49.75,87.56,50,38,0.00,0.00,0,0
1625441250.010047,tap3854936e-ce,275.62,411.94,687.56,414,277,4.98,4.98,9.95,5,5,0.00,0.00,0,0
1625441250.010095,qvo5d0e6d7d-89,872.64,811.94,1684.58,816,877,5.97,7.96,13.93,8,6,0.00,0.00,0,0
1625441250.010345,qvb3854936e-ce,411.94,1158.21,1570.15,1164,414,4.98,14.93,19.90,15,5,0.00,0.00,0,0
1625441250.010511,qbr3854936e-ce,0.00,861.83,861.83,867,0,0.00,12.92,12.92,13,0,0.00,0.00,0,0
1625441250.010552,qvo08dfd47b-31,126.24,367.79,494.04,370,127,1.99,3.98,5.96,4,2,0.00,0.00,0,0
1625441250.010631,qbr5d0e6d7d-89,0.00,0.00,0.00,0,0,0.00,0.00,0.00,0,0,0.00,0.00,0,0
1625441250.011047,tap5d0e6d7d-89,871.77,811.13,1682.90,816,877,5.96,7.95,13.92,8,6,0.00,0.00,0,0
1625441250.011157,docker0,0.00,0.00,0.00,0,0,0.00,0.00,0.00,0,0,0.00,0.00,0,0
1625441250.011247,qvb5d0e6d7d-89,811.13,871.77,1682.90,877,816,7.95,5.96,13.92,6,8,0.00,0.00,0,0
1625441250.011288,eth1,411.53,1157.06,1568.59,1164,414,4.97,14.91,19.88,15,5,0.00,0.00,0,0
1625441250.011494,qbr08dfd47b-31,0.00,0.00,0.00,0,0,0.00,0.00,0.00,0,0,0.00,0.00,0,0
1625441250.011569,lo,5219.68,5219.68,10439.36,5251,5251,13.92,13.92,27.83,14,14,0.00,0.00,0,0
1625441250.011660,vxlan_sys_4789,1010.92,885.80,1896.72,892,1018,11.92,7.94,19.86,8,12,0.00,0.00,0,0
1625441250.011700,total,78167.83,18467.73,96635.55,18597,78715,121.15,155.91,277.06,157,122,0.00,0.00,0,0
1625441251.012067,qvb08dfd47b-31,368.89,126.62,495.51,127,370,3.99,1.99,5.98,2,4,0.00,0.00,0,0
1625441251.012115,tap08dfd47b-31,126.75,369.26,496.01,370,127,2.00,3.99,5.99,4,2,0.00,0.00,0,0
1625441251.012129,qvo3854936e-ce,581.84,473.05,1054.89,474,583,7.98,4.99,12.97,5,8,0.00,0.00,0,0
1625441251.012146,eth0,63951.10,2312.38,66263.48,2317,64079,25.95,28.94,54.89,29,26,0.00,0.00,0,0
1625441251.012173,tap3854936e-ce,294.41,473.05,767.47,474,295,4.99,4.99,9.98,5,5,0.00,0.00,0,0
1625441251.012183,qvo5d0e6d7d-89,53.89,203.59,257.49,204,54,1.00,2.00,2.99,2,1,0.00,0.00,0,0
1625441251.012270,qvb3854936e-ce,473.53,582.42,1055.94,583,474,5.00,7.99,12.99,8,5,0.00,0.00,0,0
1625441251.012293,qbr3854936e-ce,0.00,313.69,313.69,314,0,0.00,5.00,5.00,5,0,0.00,0.00,0,0
1625441251.012302,qvo08dfd47b-31,126.87,369.63,496.50,370,127,2.00,4.00,5.99,4,2,0.00,0.00,0,0
1625441251.012322,qbr5d0e6d7d-89,0.00,0.00,0.00,0,0,0.00,0.00,0.00,0,0,0.00,0.00,0,0
1625441251.012429,tap5d0e6d7d-89,53.95,203.80,257.74,204,54,1.00,2.00,3.00,2,1,0.00,0.00,0,0
1625441251.012446,docker0,0.00,0.00,0.00,0,0,0.00,0.00,0.00,0,0,0.00,0.00,0,0
1625441251.012454,qvb5d0e6d7d-89,203.80,53.95,257.74,54,204,2.00,1.00,3.00,1,2,0.00,0.00,0,0
1625441251.012463,eth1,473.53,582.42,1055.94,583,474,5.00,7.99,12.99,8,5,0.00,0.00,0,0
1625441251.012472,qbr08dfd47b-31,0.00,0.00,0.00,0,0,0.00,0.00,0.00,0,0,0.00,0.00,0,0
1625441251.012480,lo,0.00,0.00,0.00,0,0,0.00,0.00,0.00,0,0,0.00,0.00,0,0
1625441251.012488,vxlan_sys_4789,490.00,139.00,629.00,139,490,6.00,3.00,9.00,3,6,0.00,0.00,0,0
1625441251.012496,total,67331.00,6213.00,73544.00,6213,67331,67.00,78.00,145.00,78,67,0.00,0.00,0,0
1625441252.012974,qvb08dfd47b-31,412.00,169.00,581.00,169,412,5.00,3.00,8.00,3,5,0.00,0.00,0,0
1625441252.013057,tap08dfd47b-31,169.00,412.00,581.00,412,169,3.00,5.00,8.00,5,3,0.00,0.00,0,0
1625441252.013088,qvo3854936e-ce,1420.00,474.00,1894.00,474,1420,11.00,5.00,16.00,5,11,0.00,0.00,0,0
1625441252.013119,eth0,66522.00,4831.00,71353.00,4831,66522,28.00,41.00,69.00,41,28,0.00,0.00,0,0
1625441252.013149,tap3854936e-ce,349.00,474.00,823.00,474,349,6.00,5.00,11.00,5,6,0.00,0.00,0,0
1625441252.013199,qvo5d0e6d7d-89,823.00,612.00,1435.00,612,823,5.00,6.00,11.00,6,5,0.00,0.00,0,0
1625441252.013433,qvb3854936e-ce,473.53,1418.58,1892.11,1420,474,5.00,10.99,15.98,11,5,0.00,0.00,0,0
1625441252.013515,qbr3854936e-ce,0.00,1061.94,1061.94,1063,0,0.00,6.99,6.99,7,0,0.00,0.00,0,0
1625441252.013571,qvo08dfd47b-31,168.83,411.59,580.42,412,169,3.00,5.00,7.99,5,3,0.00,0.00,0,0
1625441252.013599,qbr5d0e6d7d-89,0.00,0.00,0.00,0,0,0.00,0.00,0.00,0,0,0.00,0.00,0,0
1625441252.013752,tap5d0e6d7d-89,822.18,611.39,1433.57,612,823,5.00,5.99,10.99,6,5,0.00,0.00,0,0
1625441252.013790,docker0,0.00,0.00,0.00,0,0,0.00,0.00,0.00,0,0,0.00,0.00,0,0
1625441252.013812,qvb5d0e6d7d-89,611.39,822.18,1433.57,823,612,5.99,5.00,10.99,5,6,0.00,0.00,0,0
1625441252.013840,eth1,473.53,1418.58,1892.11,1420,474,5.00,10.99,15.98,11,5,0.00,0.00,0,0
1625441252.013869,qbr08dfd47b-31,0.00,0.00,0.00,0,0,0.00,0.00,0.00,0,0,0.00,0.00,0,0
1625441252.013892,lo,667.33,667.33,1334.67,668,668,8.99,8.99,17.98,9,9,0.00,0.00,0,0
1625441252.013920,vxlan_sys_4789,869.13,879.12,1748.25,880,870,10.99,7.99,18.98,8,11,0.00,0.00,0,0
1625441252.013945,total,73711.29,14255.75,87967.04,14270,73785,101.90,126.87,228.77,127,102,0.00,0.00,0,0
1625441253.014545,qvb08dfd47b-31,369.63,126.87,496.50,127,370,4.00,2.00,5.99,2,4,0.00,0.00,0,0
1625441253.014629,tap08dfd47b-31,126.87,369.63,496.50,370,127,2.00,4.00,5.99,4,2,0.00,0.00,0,0
1625441253.014659,qvo3854936e-ce,498.50,269.73,768.23,270,499,6.99,3.00,9.99,3,7,0.00,0.00,0,0
1625441253.014688,eth0,64263.74,3489.51,67753.25,3493,64328,28.97,35.96,64.94,36,29,0.00,0.00,0,0
1625441253.014721,tap3854936e-ce,216.78,269.73,486.51,270,217,4.00,3.00,6.99,3,4,0.00,0.00,0,0
1625441253.014758,qvo5d0e6d7d-89,876.12,815.18,1691.31,816,877,5.99,7.99,13.99,8,6,0.00,0.00,0,0
1625441253.014914,qvb3854936e-ce,269.73,498.50,768.23,499,270,3.00,6.99,9.99,7,3,0.00,0.00,0,0
1625441253.014949,qbr3854936e-ce,0.00,341.66,341.66,342,0,0.00,5.99,5.99,6,0,0.00,0.00,0,0
1625441253.014973,qvo08dfd47b-31,126.87,369.63,496.50,370,127,2.00,4.00,5.99,4,2,0.00,0.00,0,0
1625441253.014999,qbr5d0e6d7d-89,0.00,0.00,0.00,0,0,0.00,0.00,0.00,0,0,0.00,0.00,0,0
1625441253.015134,tap5d0e6d7d-89,876.12,815.18,1691.31,816,877,5.99,7.99,13.99,8,6,0.00,0.00,0,0
1625441253.015168,docker0,0.00,0.00,0.00,0,0,0.00,0.00,0.00,0,0,0.00,0.00,0,0
1625441253.015191,qvb5d0e6d7d-89,815.18,876.12,1691.31,877,816,7.99,5.99,13.99,6,8,0.00,0.00,0,0
1625441253.015218,eth1,269.73,498.50,768.23,499,270,3.00,6.99,9.99,7,3,0.00,0.00,0,0
1625441253.015244,qbr08dfd47b-31,0.00,0.00,0.00,0,0,0.00,0.00,0.00,0,0,0.00,0.00,0,0
1625441253.015266,lo,0.00,0.00,0.00,0,0,0.00,0.00,0.00,0,0,0.00,0.00,0,0
1625441253.015288,vxlan_sys_4789,1016.98,891.11,1908.09,892,1018,11.99,7.99,19.98,8,12,0.00,0.00,0,0
1625441253.015358,total,69726.27,9631.37,79357.64,9641,69796,85.91,101.90,187.81,102,86,0.00,0.00,0,0
1625441254.016246,qvb08dfd47b-31,369.63,126.87,496.50,127,370,4.00,2.00,5.99,2,4,0.00,0.00,0,0
1625441254.016368,tap08dfd47b-31,126.87,369.63,496.50,370,127,2.00,4.00,5.99,4,2,0.00,0.00,0,0
1625441254.016403,qvo3854936e-ce,285.71,203.80,489.51,204,286,5.00,2.00,6.99,2,5,0.00,0.00,0,0
1625441254.016434,eth0,64531.47,2443.56,66975.02,2446,64596,26.97,31.97,58.94,32,27,0.00,0.00,0,0
1625441254.016467,tap3854936e-ce,155.84,203.80,359.64,204,156,3.00,2.00,5.00,2,3,0.00,0.00,0,0
1625441254.016493,qvo5d0e6d7d-89,53.95,203.80,257.74,204,54,1.00,2.00,3.00,2,1,0.00,0.00,0,0
1625441254.016650,qvb3854936e-ce,203.80,285.71,489.51,286,204,2.00,5.00,6.99,5,2,0.00,0.00,0,0
1625441254.016685,qbr3854936e-ce,0.00,169.83,169.83,170,0,0.00,4.00,4.00,4,0,0.00,0.00,0,0
1625441254.016710,qvo08dfd47b-31,126.87,369.63,496.50,370,127,2.00,4.00,5.99,4,2,0.00,0.00,0,0
1625441254.016735,qbr5d0e6d7d-89,0.00,0.00,0.00,0,0,0.00,0.00,0.00,0,0,0.00,0.00,0,0
1625441254.016872,tap5d0e6d7d-89,53.95,203.80,257.74,204,54,1.00,2.00,3.00,2,1,0.00,0.00,0,0
1625441254.016906,docker0,0.00,0.00,0.00,0,0,0.00,0.00,0.00,0,0,0.00,0.00,0,0
1625441254.016930,qvb5d0e6d7d-89,203.80,53.95,257.74,54,204,2.00,1.00,3.00,1,2,0.00,0.00,0,0
1625441254.016957,eth1,203.80,285.71,489.51,286,204,2.00,5.00,6.99,5,2,0.00,0.00,0,0
1625441254.016982,qbr08dfd47b-31,0.00,0.00,0.00,0,0,0.00,0.00,0.00,0,0,0.00,0.00,0,0
1625441254.017005,lo,627.37,627.37,1254.75,628,628,8.99,8.99,17.98,9,9,0.00,0.00,0,0
1625441254.017033,vxlan_sys_4789,489.51,138.86,628.37,139,490,5.99,3.00,8.99,3,6,0.00,0.00,0,0
1625441254.017075,total,67432.57,5686.31,73118.88,5692,67500,65.93,76.92,142.86,77,66,0.00,0.00,0,0
1625441255.017607,qvb08dfd47b-31,369.63,126.87,496.50,127,370,4.00,2.00,5.99,2,4,0.00,0.00,0,0
1625441255.017694,tap08dfd47b-31,126.87,369.63,496.50,370,127,2.00,4.00,5.99,4,2,0.00,0.00,0,0
1625441255.017725,qvo3854936e-ce,376.62,167.83,544.46,168,377,5.99,2.00,7.99,2,6,0.00,0.00,0,0
1625441255.017754,eth0,64091.91,3269.73,67361.64,3273,64156,28.97,33.97,62.94,34,29,0.00,0.00,0,0
1625441255.017787,tap3854936e-ce,246.75,167.83,414.59,168,247,4.00,2.00,5.99,2,4,0.00,0.00,0,0
1625441255.017813,qvo5d0e6d7d-89,822.18,611.39,1433.57,612,823,5.00,5.99,10.99,6,5,0.00,0.00,0,0
1625441255.017957,qvb3854936e-ce,167.83,376.62,544.46,377,168,2.00,5.99,7.99,6,2,0.00,0.00,0,0
1625441255.018021,qbr3854936e-ce,0.00,187.81,187.81,188,0,0.00,4.00,4.00,4,0,0.00,0.00,0,0
1625441255.018047,qvo08dfd47b-31,126.87,369.63,496.50,370,127,2.00,4.00,5.99,4,2,0.00,0.00,0,0
1625441255.018073,qbr5d0e6d7d-89,0.00,0.00,0.00,0,0,0.00,0.00,0.00,0,0,0.00,0.00,0,0
1625441255.018210,tap5d0e6d7d-89,822.18,611.39,1433.57,612,823,5.00,5.99,10.99,6,5,0.00,0.00,0,0
1625441255.018245,docker0,0.00,0.00,0.00,0,0,0.00,0.00,0.00,0,0,0.00,0.00,0,0
1625441255.018269,qvb5d0e6d7d-89,611.39,822.18,1433.57,823,612,5.99,5.00,10.99,5,6,0.00,0.00,0,0
1625441255.018296,eth1,167.83,376.62,544.46,377,168,2.00,5.99,7.99,6,2,0.00,0.00,0,0
1625441255.018409,qbr08dfd47b-31,0.00,0.00,0.00,0,0,0.00,0.00,0.00,0,0,0.00,0.00,0,0
1625441255.018454,lo,5731.27,5731.27,11462.54,5737,5737,19.98,19.98,39.96,20,20,0.00,0.00,0,0
1625441255.018487,vxlan_sys_4789,841.16,851.15,1692.31,852,842,9.99,6.99,16.98,7,10,0.00,0.00,0,0
1625441255.018513,total,74502.50,14039.96,88542.46,14054,74577,96.90,107.89,204.80,108,97,0.00,0.00,0,0
1625441256.018977,qvb08dfd47b-31,369.63,126.87,496.50,127,370,4.00,2.00,5.99,2,4,0.00,0.00,0,0
1625441256.019058,tap08dfd47b-31,126.87,369.63,496.50,370,127,2.00,4.00,5.99,4,2,0.00,0.00,0,0
1625441256.019085,qvo3854936e-ce,813.19,371.63,1184.82,372,814,10.99,4.00,14.99,4,11,0.00,0.00,0,0
1625441256.019114,eth0,64253.75,3744.26,67998.00,3748,64318,28.97,38.96,67.93,39,29,0.00,0.00,0,0
1625441256.019143,tap3854936e-ce,186.81,371.63,558.44,372,187,3.00,4.00,6.99,4,3,0.00,0.00,0,0
1625441256.019167,qvo5d0e6d7d-89,876.12,815.18,1691.31,816,877,5.99,7.99,13.99,8,6,0.00,0.00,0,0
1625441256.019285,qvb3854936e-ce,371.63,813.19,1184.82,814,372,4.00,10.99,14.99,11,4,0.00,0.00,0,0
1625441256.019375,qbr3854936e-ce,0.00,554.45,554.45,555,0,0.00,8.99,8.99,9,0,0.00,0.00,0,0
1625441256.019406,qvo08dfd47b-31,126.87,369.63,496.50,370,127,2.00,4.00,5.99,4,2,0.00,0.00,0,0
1625441256.019445,qbr5d0e6d7d-89,0.00,0.00,0.00,0,0,0.00,0.00,0.00,0,0,0.00,0.00,0,0
1625441256.019627,tap5d0e6d7d-89,876.12,815.18,1691.31,816,877,5.99,7.99,13.99,8,6,0.00,0.00,0,0
1625441256.019663,docker0,0.00,0.00,0.00,0,0,0.00,0.00,0.00,0,0,0.00,0.00,0,0
1625441256.019683,qvb5d0e6d7d-89,815.18,876.12,1691.31,877,816,7.99,5.99,13.99,6,8,0.00,0.00,0,0
1625441256.019707,eth1,371.63,813.19,1184.82,814,372,4.00,10.99,14.99,11,4,0.00,0.00,0,0
1625441256.019732,qbr08dfd47b-31,0.00,0.00,0.00,0,0,0.00,0.00,0.00,0,0,0.00,0.00,0,0
1625441256.019753,lo,455.54,455.54,911.09,456,456,5.99,5.99,11.99,6,6,0.00,0.00,0,0
1625441256.019776,vxlan_sys_4789,1016.98,891.11,1908.09,892,1018,11.99,7.99,19.98,8,12,0.00,0.00,0,0
1625441256.019799,total,70660.34,11387.61,82047.95,11399,70731,96.90,123.88,220.78,124,97,0.00,0.00,0,0
1625441257.020178,qvb08dfd47b-31,369.63,126.87,496.50,127,370,4.00,2.00,5.99,2,4,0.00,0.00,0,0
1625441257.020239,tap08dfd47b-31,126.87,369.63,496.50,370,127,2.00,4.00,5.99,4,2,0.00,0.00,0,0
1625441257.020258,qvo3854936e-ce,1213.79,371.63,1585.41,372,1215,12.99,4.00,16.98,4,13,0.00,0.00,0,0
1625441257.020278,eth0,63353.65,3072.93,66426.58,3076,63417,22.98,35.96,58.94,36,23,0.00,0.00,0,0
1625441257.020297,tap3854936e-ce,186.81,371.63,558.44,372,187,3.00,4.00,6.99,4,3,0.00,0.00,0,0
1625441257.020359,qvo5d0e6d7d-89,53.95,203.80,257.74,204,54,1.00,2.00,3.00,2,1,0.00,0.00,0,0
1625441257.020460,qvb3854936e-ce,371.63,1213.79,1585.41,1215,372,4.00,12.99,16.98,13,4,0.00,0.00,0,0
1625441257.020499,qbr3854936e-ce,0.00,927.07,927.07,928,0,0.00,10.99,10.99,11,0,0.00,0.00,0,0
1625441257.020541,qvo08dfd47b-31,126.87,369.63,496.50,370,127,2.00,4.00,5.99,4,2,0.00,0.00,0,0
1625441257.020558,qbr5d0e6d7d-89,0.00,0.00,0.00,0,0,0.00,0.00,0.00,0,0,0.00,0.00,0,0
1625441257.020658,tap5d0e6d7d-89,53.95,203.80,257.74,204,54,1.00,2.00,3.00,2,1,0.00,0.00,0,0
1625441257.020680,docker0,0.00,0.00,0.00,0,0,0.00,0.00,0.00,0,0,0.00,0.00,0,0
1625441257.020694,qvb5d0e6d7d-89,203.80,53.95,257.74,54,204,2.00,1.00,3.00,1,2,0.00,0.00,0,0
1625441257.020710,eth1,371.63,1213.79,1585.41,1215,372,4.00,12.99,16.98,13,4,0.00,0.00,0,0
1625441257.020727,qbr08dfd47b-31,0.00,0.00,0.00,0,0,0.00,0.00,0.00,0,0,0.00,0.00,0,0
1625441257.020741,lo,212.00,212.00,424.00,212,212,3.00,3.00,6.00,3,3,0.00,0.00,0,0
1625441257.020757,vxlan_sys_4789,490.00,139.00,629.00,139,490,6.00,3.00,9.00,3,6,0.00,0.00,0,0
1625441257.020770,total,67201.00,8858.00,76059.00,8858,67201,68.00,102.00,170.00,102,68,0.00,0.00,0,0
1625441258.021282,qvb08dfd47b-31,369.63,126.87,496.50,127,370,4.00,2.00,5.99,2,4,0.00,0.00,0,0
1625441258.021417,tap08dfd47b-31,126.87,369.63,496.50,370,127,2.00,4.00,5.99,4,2,0.00,0.00,0,0
1625441258.021448,qvo3854936e-ce,338.66,371.63,710.29,372,339,5.00,4.00,8.99,4,5,0.00,0.00,0,0
1625441258.021479,eth0,71277.73,13636.36,84914.09,13650,71349,38.96,48.95,87.91,49,39,0.00,0.00,0,0
1625441258.021511,tap3854936e-ce,186.81,371.63,558.44,372,187,3.00,4.00,6.99,4,3,0.00,0.00,0,0
1625441258.021537,qvo5d0e6d7d-89,822.18,611.39,1433.57,612,823,5.00,5.99,10.99,6,5,0.00,0.00,0,0
1625441258.021676,qvb3854936e-ce,371.63,338.66,710.29,339,372,4.00,5.00,8.99,5,4,0.00,0.00,0,0
1625441258.021711,qbr3854936e-ce,0.00,163.84,163.84,164,0,0.00,3.00,3.00,3,0,0.00,0.00,0,0
1625441258.021736,qvo08dfd47b-31,126.87,369.63,496.50,370,127,2.00,4.00,5.99,4,2,0.00,0.00,0,0
1625441258.021761,qbr5d0e6d7d-89,0.00,0.00,0.00,0,0,0.00,0.00,0.00,0,0,0.00,0.00,0,0
1625441258.021921,tap5d0e6d7d-89,822.18,611.39,1433.57,612,823,5.00,5.99,10.99,6,5,0.00,0.00,0,0
1625441258.021959,docker0,0.00,0.00,0.00,0,0,0.00,0.00,0.00,0,0,0.00,0.00,0,0
1625441258.021981,qvb5d0e6d7d-89,611.39,822.18,1433.57,823,612,5.99,5.00,10.99,5,6,0.00,0.00,0,0
1625441258.022009,eth1,371.63,338.66,710.29,339,372,4.00,5.00,8.99,5,4,0.00,0.00,0,0
1625441258.022035,qbr08dfd47b-31,0.00,0.00,0.00,0,0,0.00,0.00,0.00,0,0,0.00,0.00,0,0
1625441258.022057,lo,455.54,455.54,911.09,456,456,5.99,5.99,11.99,6,6,0.00,0.00,0,0
1625441258.022084,vxlan_sys_4789,841.16,851.15,1692.31,852,842,9.99,6.99,16.98,7,10,0.00,0.00,0,0
1625441258.022108,total,76722.28,19438.56,96160.84,19458,76799,94.91,109.89,204.80,110,95,0.00,0.00,0,0
1625441259.022641,qvb08dfd47b-31,369.63,126.87,496.50,127,370,4.00,2.00,5.99,2,4,0.00,0.00,0,0
1625441259.022730,tap08dfd47b-31,126.87,369.63,496.50,370,127,2.00,4.00,5.99,4,2,0.00,0.00,0,0
1625441259.022761,qvo3854936e-ce,1764.24,371.63,2135.86,372,1766,8.99,4.00,12.99,4,9,0.00,0.00,0,0
1625441259.022794,eth0,69391.61,9866.13,79257.74,9876,69461,39.96,50.95,90.91,51,40,0.00,0.00,0,0
1625441259.022826,tap3854936e-ce,186.81,371.63,558.44,372,187,3.00,4.00,6.99,4,3,0.00,0.00,0,0
1625441259.022894,qvo5d0e6d7d-89,803.20,653.35,1456.54,654,804,5.00,5.99,10.99,6,5,0.00,0.00,0,0
1625441259.023032,qvb3854936e-ce,371.63,1764.24,2135.86,1766,372,4.00,8.99,12.99,9,4,0.00,0.00,0,0
1625441259.023068,qbr3854936e-ce,0.00,1533.47,1533.47,1535,0,0.00,6.99,6.99,7,0,0.00,0.00,0,0
1625441259.023094,qvo08dfd47b-31,126.87,369.63,496.50,370,127,2.00,4.00,5.99,4,2,0.00,0.00,0,0
1625441259.023120,qbr5d0e6d7d-89,0.00,0.00,0.00,0,0,0.00,0.00,0.00,0,0,0.00,0.00,0,0
1625441259.023256,tap5d0e6d7d-89,803.20,653.35,1456.54,654,804,5.00,5.99,10.99,6,5,0.00,0.00,0,0
1625441259.023342,docker0,0.00,0.00,0.00,0,0,0.00,0.00,0.00,0,0,0.00,0.00,0,0
1625441259.023376,qvb5d0e6d7d-89,653.35,803.20,1456.54,804,654,5.99,5.00,10.99,5,6,0.00,0.00,0,0
1625441259.023413,eth1,371.63,1764.24,2135.86,1766,372,4.00,8.99,12.99,9,4,0.00,0.00,0,0
1625441259.023441,qbr08dfd47b-31,0.00,0.00,0.00,0,0,0.00,0.00,0.00,0,0,0.00,0.00,0,0
1625441259.023484,lo,171.83,171.83,343.66,172,172,3.00,3.00,5.99,3,3,0.00,0.00,0,0
1625441259.023511,vxlan_sys_4789,883.12,832.17,1715.28,833,884,9.99,6.99,16.98,7,10,0.00,0.00,0,0
1625441259.023536,total,76023.98,19651.35,95675.33,19671,76100,96.90,120.88,217.78,121,97,0.00,0.00,0,0
1625441260.023992,qvb08dfd47b-31,369.63,126.87,496.50,127,370,4.00,2.00,5.99,2,4,0.00,0.00,0,0
1625441260.024055,tap08dfd47b-31,126.87,369.63,496.50,370,127,2.00,4.00,5.99,4,2,0.00,0.00,0,0
1625441260.024074,qvo3854936e-ce,1764.24,371.63,2135.86,372,1766,8.99,4.00,12.99,4,9,0.00,0.00,0,0
1625441260.024094,eth0,66850.15,6112.89,72963.04,6119,66917,30.97,41.96,72.93,42,31,0.00,0.00,0,0
1625441260.024114,tap3854936e-ce,186.81,371.63,558.44,372,187,3.00,4.00,6.99,4,3,0.00,0.00,0,0
1625441260.024130,qvo5d0e6d7d-89,72.93,161.84,234.77,162,73,1.00,2.00,3.00,2,1,0.00,0.00,0,0
1625441260.024223,qvb3854936e-ce,371.63,1764.24,2135.86,1766,372,4.00,8.99,12.99,9,4,0.00,0.00,0,0
1625441260.024246,qbr3854936e-ce,0.00,1533.47,1533.47,1535,0,0.00,6.99,6.99,7,0,0.00,0.00,0,0
1625441260.024262,qvo08dfd47b-31,126.87,369.63,496.50,370,127,2.00,4.00,5.99,4,2,0.00,0.00,0,0
1625441260.024278,qbr5d0e6d7d-89,0.00,0.00,0.00,0,0,0.00,0.00,0.00,0,0,0.00,0.00,0,0
1625441260.024413,tap5d0e6d7d-89,72.93,161.84,234.77,162,73,1.00,2.00,3.00,2,1,0.00,0.00,0,0
1625441260.024461,docker0,0.00,0.00,0.00,0,0,0.00,0.00,0.00,0,0,0.00,0.00,0,0
1625441260.024476,qvb5d0e6d7d-89,161.84,72.93,234.77,73,162,2.00,1.00,3.00,1,2,0.00,0.00,0,0
1625441260.024493,eth1,371.63,1764.24,2135.86,1766,372,4.00,8.99,12.99,9,4,0.00,0.00,0,0
1625441260.024510,qbr08dfd47b-31,0.00,0.00,0.00,0,0,0.00,0.00,0.00,0,0,0.00,0.00,0,0
1625441260.024524,lo,4959.04,4959.04,9918.08,4964,4964,9.99,9.99,19.98,10,10,0.00,0.00,0,0
1625441260.024541,vxlan_sys_4789,447.55,157.84,605.39,158,448,5.99,3.00,8.99,3,6,0.00,0.00,0,0
1625441260.024556,total,75882.12,18297.70,94179.82,18316,75958,78.92,102.90,181.82,103,79,0.00,0.00,0,0
1625441261.025005,qvb08dfd47b-31,369.63,126.87,496.50,127,370,4.00,2.00,5.99,2,4,0.00,0.00,0,0
1625441261.025089,tap08dfd47b-31,126.87,369.63,496.50,370,127,2.00,4.00,5.99,4,2,0.00,0.00,0,0
1625441261.025117,qvo3854936e-ce,538.46,371.63,910.09,372,539,7.99,4.00,11.99,4,8,0.00,0.00,0,0
1625441261.025144,eth0,67977.02,4552.45,72529.47,4557,68045,32.97,40.96,73.93,41,33,0.00,0.00,0,0
1625441261.025172,tap3854936e-ce,186.81,371.63,558.44,372,187,3.00,4.00,6.99,4,3,0.00,0.00,0,0
1625441261.025196,qvo5d0e6d7d-89,876.12,815.18,1691.31,816,877,5.99,7.99,13.99,8,6,0.00,0.00,0,0
1625441261.025373,qvb3854936e-ce,371.63,538.46,910.09,539,372,4.00,7.99,11.99,8,4,0.00,0.00,0,0
1625441261.025412,qbr3854936e-ce,0.00,321.68,321.68,322,0,0.00,5.99,5.99,6,0,0.00,0.00,0,0
1625441261.025435,qvo08dfd47b-31,126.87,369.63,496.50,370,127,2.00,4.00,5.99,4,2,0.00,0.00,0,0
1625441261.025457,qbr5d0e6d7d-89,0.00,0.00,0.00,0,0,0.00,0.00,0.00,0,0,0.00,0.00,0,0
1625441261.025585,tap5d0e6d7d-89,876.12,815.18,1691.31,816,877,5.99,7.99,13.99,8,6,0.00,0.00,0,0
1625441261.025616,docker0,0.00,0.00,0.00,0,0,0.00,0.00,0.00,0,0,0.00,0.00,0,0
1625441261.025656,qvb5d0e6d7d-89,815.18,876.12,1691.31,877,816,7.99,5.99,13.99,6,8,0.00,0.00,0,0
1625441261.025682,eth1,371.63,538.46,910.09,539,372,4.00,7.99,11.99,8,4,0.00,0.00,0,0
1625441261.025705,qbr08dfd47b-31,0.00,0.00,0.00,0,0,0.00,0.00,0.00,0,0,0.00,0.00,0,0
1625441261.025725,lo,0.00,0.00,0.00,0,0,0.00,0.00,0.00,0,0,0.00,0.00,0,0
1625441261.025745,vxlan_sys_4789,1016.98,891.11,1908.09,892,1018,11.99,7.99,19.98,8,12,0.00,0.00,0,0
1625441261.025767,total,73653.35,10958.04,84611.39,10969,73727,91.91,110.89,202.80,111,92,0.00,0.00,0,0
1625441262.026225,qvb08dfd47b-31,267.73,126.87,394.61,127,268,3.00,2.00,5.00,2,3,0.00,0.00,0,0
1625441262.026340,tap08dfd47b-31,126.87,267.73,394.61,268,127,2.00,3.00,5.00,3,2,0.00,0.00,0,0
1625441262.026376,qvo3854936e-ce,500.50,371.63,872.13,372,501,6.99,4.00,10.99,4,7,0.00,0.00,0,0
1625441262.026407,eth0,75729.27,39433.57,115162.84,39473,75805,45.95,73.93,119.88,74,46,0.00,0.00,0,0
1625441262.026440,tap3854936e-ce,186.81,371.63,558.44,372,187,3.00,4.00,6.99,4,3,0.00,0.00,0,0
1625441262.026489,qvo5d0e6d7d-89,803.20,653.35,1456.54,654,804,5.00,5.99,10.99,6,5,0.00,0.00,0,0
1625441262.026627,qvb3854936e-ce,371.63,500.50,872.13,501,372,4.00,6.99,10.99,7,4,0.00,0.00,0,0
1625441262.026661,qbr3854936e-ce,0.00,297.70,297.70,298,0,0.00,5.00,5.00,5,0,0.00,0.00,0,0
1625441262.026686,qvo08dfd47b-31,126.87,267.73,394.61,268,127,2.00,3.00,5.00,3,2,0.00,0.00,0,0
1625441262.026712,qbr5d0e6d7d-89,0.00,0.00,0.00,0,0,0.00,0.00,0.00,0,0,0.00,0.00,0,0
1625441262.026846,tap5d0e6d7d-89,803.20,653.35,1456.54,654,804,5.00,5.99,10.99,6,5,0.00,0.00,0,0
1625441262.026881,docker0,0.00,0.00,0.00,0,0,0.00,0.00,0.00,0,0,0.00,0.00,0,0
1625441262.026904,qvb5d0e6d7d-89,653.35,803.20,1456.54,804,654,5.99,5.00,10.99,5,6,0.00,0.00,0,0
1625441262.026931,eth1,371.63,500.50,872.13,501,372,4.00,6.99,10.99,7,4,0.00,0.00,0,0
1625441262.026971,qbr08dfd47b-31,0.00,0.00,0.00,0,0,0.00,0.00,0.00,0,0,0.00,0.00,0,0
1625441262.026996,lo,24375.62,24375.62,48751.25,24400,24400,141.86,141.86,283.72,142,142,0.00,0.00,0,0
1625441262.027028,vxlan_sys_4789,795.20,832.17,1627.37,833,796,8.99,6.99,15.98,7,9,0.00,0.00,0,0
1625441262.027053,total,105111.89,69455.55,174567.44,69525,105217,237.76,274.73,512.49,275,238,0.00,0.00,0,0
1625441263.027535,qvb08dfd47b-31,369.63,126.87,496.50,127,370,4.00,2.00,5.99,2,4,0.00,0.00,0,0
1625441263.027608,tap08dfd47b-31,126.87,369.63,496.50,370,127,2.00,4.00,5.99,4,2,0.00,0.00,0,0
1625441263.027632,qvo3854936e-ce,496.50,371.63,868.13,372,497,7.99,4.00,11.99,4,8,0.00,0.00,0,0
1625441263.027656,eth0,70670.33,21283.72,91954.05,21305,70741,39.96,56.94,96.90,57,40,0.00,0.00,0,0
1625441263.027681,tap3854936e-ce,366.63,371.63,738.26,372,367,5.99,4.00,9.99,4,6,0.00,0.00,0,0
1625441263.027703,qvo5d0e6d7d-89,72.93,161.84,234.77,162,73,1.00,2.00,3.00,2,1,0.00,0.00,0,0
1625441263.027813,qvb3854936e-ce,371.63,496.50,868.13,497,372,4.00,7.99,11.99,8,4,0.00,0.00,0,0
1625441263.027842,qbr3854936e-ce,0.00,279.72,279.72,280,0,0.00,5.99,5.99,6,0,0.00,0.00,0,0
1625441263.027861,qvo08dfd47b-31,126.87,369.63,496.50,370,127,2.00,4.00,5.99,4,2,0.00,0.00,0,0
1625441263.027882,qbr5d0e6d7d-89,0.00,0.00,0.00,0,0,0.00,0.00,0.00,0,0,0.00,0.00,0,0
1625441263.027994,tap5d0e6d7d-89,72.93,161.84,234.77,162,73,1.00,2.00,3.00,2,1,0.00,0.00,0,0
1625441263.028021,docker0,0.00,0.00,0.00,0,0,0.00,0.00,0.00,0,0,0.00,0.00,0,0
1625441263.028039,qvb5d0e6d7d-89,161.84,72.93,234.77,73,162,2.00,1.00,3.00,1,2,0.00,0.00,0,0
1625441263.028061,eth1,371.63,496.50,868.13,497,372,4.00,7.99,11.99,8,4,0.00,0.00,0,0
1625441263.028082,qbr08dfd47b-31,0.00,0.00,0.00,0,0,0.00,0.00,0.00,0,0,0.00,0.00,0,0
1625441263.028124,lo,35221.78,35221.78,70443.55,35257,35257,281.72,281.72,563.44,282,282,0.00,0.00,0,0
1625441263.028152,vxlan_sys_4789,447.55,157.84,605.39,158,448,5.99,3.00,8.99,3,6,0.00,0.00,0,0
1625441263.028170,total,108877.12,59942.06,168819.19,60002,108986,361.64,386.61,748.25,387,362,0.00,0.00,0,0
1625441264.028729,qvb08dfd47b-31,369.63,126.87,496.50,127,370,4.00,2.00,5.99,2,4,0.00,0.00,0,0
1625441264.028814,tap08dfd47b-31,126.87,369.63,496.50,370,127,2.00,4.00,5.99,4,2,0.00,0.00,0,0
1625441264.028846,qvo3854936e-ce,358.64,371.63,730.27,372,359,5.99,4.00,9.99,4,6,0.00,0.00,0,0
1625441264.028875,eth0,64529.47,3511.49,68040.96,3515,64594,32.97,36.96,69.93,37,33,0.00,0.00,0,0
1625441264.028908,tap3854936e-ce,228.77,371.63,600.40,372,229,4.00,4.00,7.99,4,4,0.00,0.00,0,0
1625441264.028934,qvo5d0e6d7d-89,876.12,815.18,1691.31,816,877,5.99,7.99,13.99,8,6,0.00,0.00,0,0
1625441264.029070,qvb3854936e-ce,371.63,358.64,730.27,359,372,4.00,5.99,9.99,6,4,0.00,0.00,0,0
1625441264.029106,qbr3854936e-ce,0.00,169.83,169.83,170,0,0.00,4.00,4.00,4,0,0.00,0.00,0,0
1625441264.029131,qvo08dfd47b-31,126.87,369.63,496.50,370,127,2.00,4.00,5.99,4,2,0.00,0.00,0,0
1625441264.029156,qbr5d0e6d7d-89,0.00,0.00,0.00,0,0,0.00,0.00,0.00,0,0,0.00,0.00,0,0
1625441264.029295,tap5d0e6d7d-89,876.12,815.18,1691.31,816,877,5.99,7.99,13.99,8,6,0.00,0.00,0,0
1625441264.029513,docker0,0.00,0.00,0.00,0,0,0.00,0.00,0.00,0,0,0.00,0.00,0,0
1625441264.029539,qvb5d0e6d7d-89,815.18,876.12,1691.31,877,816,7.99,5.99,13.99,6,8,0.00,0.00,0,0
1625441264.029588,eth1,371.63,358.64,730.27,359,372,4.00,5.99,9.99,6,4,0.00,0.00,0,0
1625441264.029614,qbr08dfd47b-31,0.00,0.00,0.00,0,0,0.00,0.00,0.00,0,0,0.00,0.00,0,0
1625441264.029638,lo,627.37,627.37,1254.75,628,628,8.99,8.99,17.98,9,9,0.00,0.00,0,0
1625441264.029684,vxlan_sys_4789,1016.98,891.11,1908.09,892,1018,11.99,7.99,19.98,8,12,0.00,0.00,0,0
1625441264.029711,total,70695.30,10032.97,80728.27,10043,70766,99.90,109.89,209.79,110,100,0.00,0.00,0,0
1625441265.030228,qvb08dfd47b-31,369.63,126.87,496.50,127,370,4.00,2.00,5.99,2,4,0.00,0.00,0,0
1625441265.030361,tap08dfd47b-31,126.87,369.63,496.50,370,127,2.00,4.00,5.99,4,2,0.00,0.00,0,0
1625441265.030398,qvo3854936e-ce,1982.02,371.63,2353.65,372,1984,10.99,4.00,14.99,4,11,0.00,0.00,0,0
1625441265.030432,eth0,64074.93,6958.04,71032.97,6965,64139,28.97,41.96,70.93,42,29,0.00,0.00,0,0
1625441265.030464,tap3854936e-ce,246.75,371.63,618.38,372,247,4.00,4.00,7.99,4,4,0.00,0.00,0,0
1625441265.030490,qvo5d0e6d7d-89,803.20,551.45,1354.65,552,804,5.00,5.00,9.99,5,5,0.00,0.00,0,0
1625441265.030628,qvb3854936e-ce,371.63,1982.02,2353.65,1984,372,4.00,10.99,14.99,11,4,0.00,0.00,0,0
1625441265.030664,qbr3854936e-ce,0.00,1723.28,1723.28,1725,0,0.00,8.99,8.99,9,0,0.00,0.00,0,0
1625441265.030689,qvo08dfd47b-31,126.87,369.63,496.50,370,127,2.00,4.00,5.99,4,2,0.00,0.00,0,0
1625441265.030715,qbr5d0e6d7d-89,0.00,0.00,0.00,0,0,0.00,0.00,0.00,0,0,0.00,0.00,0,0
1625441265.030852,tap5d0e6d7d-89,803.20,551.45,1354.65,552,804,5.00,5.00,9.99,5,5,0.00,0.00,0,0
1625441265.030886,docker0,0.00,0.00,0.00,0,0,0.00,0.00,0.00,0,0,0.00,0.00,0,0
1625441265.030909,qvb5d0e6d7d-89,551.45,803.20,1354.65,804,552,5.00,5.00,9.99,5,5,0.00,0.00,0,0
1625441265.030935,eth1,371.63,1982.02,2353.65,1984,372,4.00,10.99,14.99,11,4,0.00,0.00,0,0
1625441265.030962,qbr08dfd47b-31,0.00,0.00,0.00,0,0,0.00,0.00,0.00,0,0,0.00,0.00,0,0
1625441265.030985,lo,5783.22,5783.22,11566.43,5789,5789,20.98,20.98,41.96,21,21,0.00,0.00,0,0
1625441265.031015,vxlan_sys_4789,795.20,832.17,1627.37,833,796,8.99,6.99,15.98,7,9,0.00,0.00,0,0
1625441265.031066,total,76406.59,22776.22,99182.82,22799,76483,104.90,133.87,238.76,134,105,0.00,0.00,0,0
1625441266.031601,qvb08dfd47b-31,369.63,126.87,496.50,127,370,4.00,2.00,5.99,2,4,0.00,0.00,0,0
1625441266.031686,tap08dfd47b-31,126.87,369.63,496.50,370,127,2.00,4.00,5.99,4,2,0.00,0.00,0,0
1625441266.031717,qvo3854936e-ce,1764.24,371.63,2135.86,372,1766,8.99,4.00,12.99,4,9,0.00,0.00,0,0
1625441266.031749,eth0,63382.62,3642.36,67024.98,3646,63446,23.98,31.97,55.94,32,24,0.00,0.00,0,0
1625441266.031782,tap3854936e-ce,186.81,371.63,558.44,372,187,3.00,4.00,6.99,4,3,0.00,0.00,0,0
1625441266.031809,qvo5d0e6d7d-89,72.93,161.84,234.77,162,73,1.00,2.00,3.00,2,1,0.00,0.00,0,0
1625441266.031948,qvb3854936e-ce,371.63,1764.24,2135.86,1766,372,4.00,8.99,12.99,9,4,0.00,0.00,0,0
1625441266.031985,qbr3854936e-ce,0.00,1533.47,1533.47,1535,0,0.00,6.99,6.99,7,0,0.00,0.00,0,0
1625441266.032011,qvo08dfd47b-31,126.87,369.63,496.50,370,127,2.00,4.00,5.99,4,2,0.00,0.00,0,0
1625441266.032037,qbr5d0e6d7d-89,0.00,0.00,0.00,0,0,0.00,0.00,0.00,0,0,0.00,0.00,0,0
1625441266.032173,tap5d0e6d7d-89,72.93,161.84,234.77,162,73,1.00,2.00,3.00,2,1,0.00,0.00,0,0
1625441266.032208,docker0,0.00,0.00,0.00,0,0,0.00,0.00,0.00,0,0,0.00,0.00,0,0
1625441266.032231,qvb5d0e6d7d-89,161.84,72.93,234.77,73,162,2.00,1.00,3.00,1,2,0.00,0.00,0,0
1625441266.032258,eth1,371.63,1764.24,2135.86,1766,372,4.00,8.99,12.99,9,4,0.00,0.00,0,0
1625441266.032285,qbr08dfd47b-31,0.00,0.00,0.00,0,0,0.00,0.00,0.00,0,0,0.00,0.00,0,0
1625441266.032308,lo,455.54,455.54,911.09,456,456,5.99,5.99,11.99,6,6,0.00,0.00,0,0
1625441266.032377,vxlan_sys_4789,447.55,157.84,605.39,158,448,5.99,3.00,8.99,3,6,0.00,0.00,0,0
1625441266.032401,total,67911.09,11323.68,79234.77,11335,67979,67.93,88.91,156.84,89,68,0.00,0.00,0,0
1625441267.032815,qvb08dfd47b-31,369.63,126.87,496.50,127,370,4.00,2.00,5.99,2,4,0.00,0.00,0,0
1625441267.032906,tap08dfd47b-31,126.87,369.63,496.50,370,127,2.00,4.00,5.99,4,2,0.00,0.00,0,0
1625441267.032955,qvo3854936e-ce,316.68,371.63,688.31,372,317,5.00,4.00,8.99,4,5,0.00,0.00,0,0
1625441267.032985,eth0,64331.67,3247.75,67579.42,3251,64396,29.97,32.97,62.94,33,30,0.00,0.00,0,0
1625441267.033018,tap3854936e-ce,186.81,371.63,558.44,372,187,3.00,4.00,6.99,4,3,0.00,0.00,0,0
1625441267.033044,qvo5d0e6d7d-89,876.12,815.18,1691.31,816,877,5.99,7.99,13.99,8,6,0.00,0.00,0,0
1625441267.033172,qvb3854936e-ce,371.63,316.68,688.31,317,372,4.00,5.00,8.99,5,4,0.00,0.00,0,0
1625441267.033207,qbr3854936e-ce,0.00,141.86,141.86,142,0,0.00,3.00,3.00,3,0,0.00,0.00,0,0
1625441267.033232,qvo08dfd47b-31,126.87,369.63,496.50,370,127,2.00,4.00,5.99,4,2,0.00,0.00,0,0
1625441267.033257,qbr5d0e6d7d-89,0.00,0.00,0.00,0,0,0.00,0.00,0.00,0,0,0.00,0.00,0,0
1625441267.033446,tap5d0e6d7d-89,876.12,815.18,1691.31,816,877,5.99,7.99,13.99,8,6,0.00,0.00,0,0
1625441267.033490,docker0,0.00,0.00,0.00,0,0,0.00,0.00,0.00,0,0,0.00,0.00,0,0
1625441267.033513,qvb5d0e6d7d-89,815.18,876.12,1691.31,877,816,7.99,5.99,13.99,6,8,0.00,0.00,0,0
1625441267.033540,eth1,371.63,316.68,688.31,317,372,4.00,5.00,8.99,5,4,0.00,0.00,0,0
1625441267.033566,qbr08dfd47b-31,0.00,0.00,0.00,0,0,0.00,0.00,0.00,0,0,0.00,0.00,0,0
1625441267.033589,lo,0.00,0.00,0.00,0,0,0.00,0.00,0.00,0,0,0.00,0.00,0,0
1625441267.033612,vxlan_sys_4789,1016.98,891.11,1908.09,892,1018,11.99,7.99,19.98,8,12,0.00,0.00,0,0
1625441267.033637,total,69786.22,9029.97,78816.19,9039,69856,85.91,93.91,179.82,94,86,0.00,0.00,0,0
1625441268.034013,qvb08dfd47b-31,369.63,126.87,496.50,127,370,4.00,2.00,5.99,2,4,0.00,0.00,0,0
1625441268.034064,tap08dfd47b-31,126.87,369.63,496.50,370,127,2.00,4.00,5.99,4,2,0.00,0.00,0,0
1625441268.034091,qvo3854936e-ce,630.37,371.63,1002.00,372,631,8.99,4.00,12.99,4,9,0.00,0.00,0,0
1625441268.034101,eth0,64268.73,2501.50,66770.23,2504,64333,23.98,31.97,55.94,32,24,0.00,0.00,0,0
1625441268.034111,tap3854936e-ce,186.81,371.63,558.44,372,187,3.00,4.00,6.99,4,3,0.00,0.00,0,0
1625441268.034119,qvo5d0e6d7d-89,53.95,101.90,155.84,102,54,1.00,1.00,2.00,1,1,0.00,0.00,0,0
1625441268.034181,qvb3854936e-ce,371.63,630.37,1002.00,631,372,4.00,8.99,12.99,9,4,0.00,0.00,0,0
1625441268.034192,qbr3854936e-ce,0.00,400.00,400.00,400,0,0.00,7.00,7.00,7,0,0.00,0.00,0,0
1625441268.034200,qvo08dfd47b-31,127.00,370.00,497.00,370,127,2.00,4.00,6.00,4,2,0.00,0.00,0,0
1625441268.034208,qbr5d0e6d7d-89,0.00,0.00,0.00,0,0,0.00,0.00,0.00,0,0,0.00,0.00,0,0
1625441268.034275,tap5d0e6d7d-89,54.00,102.00,156.00,102,54,1.00,1.00,2.00,1,1,0.00,0.00,0,0
1625441268.034286,docker0,0.00,0.00,0.00,0,0,0.00,0.00,0.00,0,0,0.00,0.00,0,0
1625441268.034293,qvb5d0e6d7d-89,102.00,54.00,156.00,54,102,1.00,1.00,2.00,1,1,0.00,0.00,0,0
1625441268.034301,eth1,372.00,631.00,1003.00,631,372,4.00,9.00,13.00,9,4,0.00,0.00,0,0
1625441268.034329,qbr08dfd47b-31,0.00,0.00,0.00,0,0,0.00,0.00,0.00,0,0,0.00,0.00,0,0
1625441268.034341,lo,720.00,720.00,1440.00,720,720,10.00,10.00,20.00,10,10,0.00,0.00,0,0
1625441268.034349,vxlan_sys_4789,402.00,139.00,541.00,139,402,5.00,3.00,8.00,3,5,0.00,0.00,0,0
1625441268.034356,total,67851.00,6894.00,74745.00,6894,67851,70.00,91.00,161.00,91,70,0.00,0.00,0,0
1625441269.034620,qvb08dfd47b-31,370.00,127.00,497.00,127,370,4.00,2.00,6.00,2,4,0.00,0.00,0,0
1625441269.034662,tap08dfd47b-31,127.00,370.00,497.00,370,127,2.00,4.00,6.00,4,2,0.00,0.00,0,0
1625441269.034674,qvo3854936e-ce,409.00,372.00,781.00,372,409,6.00,4.00,10.00,4,6,0.00,0.00,0,0
1625441269.034696,eth0,64455.00,5841.00,70296.00,5841,64455,33.00,38.00,71.00,38,33,0.00,0.00,0,0
1625441269.034708,tap3854936e-ce,187.00,372.00,559.00,372,187,3.00,4.00,7.00,4,3,0.00,0.00,0,0
1625441269.034717,qvo5d0e6d7d-89,823.00,612.00,1435.00,612,823,5.00,6.00,11.00,6,5,0.00,0.00,0,0
1625441269.034782,qvb3854936e-ce,372.00,409.00,781.00,409,372,4.00,6.00,10.00,6,4,0.00,0.00,0,0
1625441269.034795,qbr3854936e-ce,0.00,220.00,220.00,220,0,0.00,4.00,4.00,4,0,0.00,0.00,0,0
1625441269.034804,qvo08dfd47b-31,127.00,370.00,497.00,370,127,2.00,4.00,6.00,4,2,0.00,0.00,0,0
1625441269.034813,qbr5d0e6d7d-89,0.00,0.00,0.00,0,0,0.00,0.00,0.00,0,0,0.00,0.00,0,0
1625441269.034884,tap5d0e6d7d-89,823.00,612.00,1435.00,612,823,5.00,6.00,11.00,6,5,0.00,0.00,0,0
1625441269.034906,docker0,0.00,0.00,0.00,0,0,0.00,0.00,0.00,0,0,0.00,0.00,0,0
1625441269.034915,qvb5d0e6d7d-89,612.00,823.00,1435.00,823,612,6.00,5.00,11.00,5,6,0.00,0.00,0,0
1625441269.034924,eth1,372.00,409.00,781.00,409,372,4.00,6.00,10.00,6,4,0.00,0.00,0,0
1625441269.034933,qbr08dfd47b-31,0.00,0.00,0.00,0,0,0.00,0.00,0.00,0,0,0.00,0.00,0,0
1625441269.034942,lo,172.00,172.00,344.00,172,172,3.00,3.00,6.00,3,3,0.00,0.00,0,0
1625441269.034951,vxlan_sys_4789,842.00,852.00,1694.00,852,842,10.00,7.00,17.00,7,10,0.00,0.00,0,0
1625441269.034959,total,69691.00,11561.00,81252.00,11561,69691,87.00,99.00,186.00,99,87,0.00,0.00,0,0
1625441270.035438,qvb08dfd47b-31,370.00,127.00,497.00,127,370,4.00,2.00,6.00,2,4,0.00,0.00,0,0
1625441270.035517,tap08dfd47b-31,127.00,370.00,497.00,370,127,2.00,4.00,6.00,4,2,0.00,0.00,0,0
1625441270.035546,qvo3854936e-ce,409.00,372.00,781.00,372,409,6.00,4.00,10.00,4,6,0.00,0.00,0,0
1625441270.035575,eth0,66636.00,4143.00,70779.00,4143,66636,34.00,39.00,73.00,39,34,0.00,0.00,0,0
1625441270.035606,tap3854936e-ce,187.00,372.00,559.00,372,187,3.00,4.00,7.00,4,3,0.00,0.00,0,0
1625441270.035651,qvo5d0e6d7d-89,877.00,816.00,1693.00,816,877,6.00,8.00,14.00,8,6,0.00,0.00,0,0
1625441270.035785,qvb3854936e-ce,371.63,408.59,780.22,409,372,4.00,5.99,9.99,6,4,0.00,0.00,0,0
1625441270.035831,qbr3854936e-ce,0.00,219.78,219.78,220,0,0.00,4.00,4.00,4,0,0.00,0.00,0,0
1625441270.035856,qvo08dfd47b-31,126.87,369.63,496.50,370,127,2.00,4.00,5.99,4,2,0.00,0.00,0,0
1625441270.035882,qbr5d0e6d7d-89,0.00,0.00,0.00,0,0,0.00,0.00,0.00,0,0,0.00,0.00,0,0
1625441270.036056,tap5d0e6d7d-89,876.12,815.18,1691.31,816,877,5.99,7.99,13.99,8,6,0.00,0.00,0,0
1625441270.036092,docker0,0.00,0.00,0.00,0,0,0.00,0.00,0.00,0,0,0.00,0.00,0,0
1625441270.036114,qvb5d0e6d7d-89,815.18,876.12,1691.31,877,816,7.99,5.99,13.99,6,8,0.00,0.00,0,0
1625441270.036142,eth1,371.63,408.59,780.22,409,372,4.00,5.99,9.99,6,4,0.00,0.00,0,0
1625441270.036168,qbr08dfd47b-31,0.00,0.00,0.00,0,0,0.00,0.00,0.00,0,0,0.00,0.00,0,0
1625441270.036191,lo,4959.04,4959.04,9918.08,4964,4964,9.99,9.99,19.98,10,10,0.00,0.00,0,0
1625441270.036220,vxlan_sys_4789,1016.98,891.11,1908.09,892,1018,11.99,7.99,19.98,8,12,0.00,0.00,0,0
1625441270.036245,total,77074.93,15141.86,92216.79,15157,77152,100.90,112.89,213.79,113,101,0.00,0.00,0,0
1625441271.036720,qvb08dfd47b-31,369.63,126.87,496.50,127,370,4.00,2.00,5.99,2,4,0.00,0.00,0,0
1625441271.036806,tap08dfd47b-31,126.87,369.63,496.50,370,127,2.00,4.00,5.99,4,2,0.00,0.00,0,0
1625441271.036837,qvo3854936e-ce,316.68,371.63,688.31,372,317,5.00,4.00,8.99,4,5,0.00,0.00,0,0
1625441271.036866,eth0,63408.59,2307.69,65716.29,2310,63472,24.98,29.97,54.95,30,25,0.00,0.00,0,0
1625441271.036899,tap3854936e-ce,186.81,371.63,558.44,372,187,3.00,4.00,6.99,4,3,0.00,0.00,0,0
1625441271.036925,qvo5d0e6d7d-89,53.95,101.90,155.84,102,54,1.00,1.00,2.00,1,1,0.00,0.00,0,0
1625441271.037082,qvb3854936e-ce,371.63,316.68,688.31,317,372,4.00,5.00,8.99,5,4,0.00,0.00,0,0
1625441271.037118,qbr3854936e-ce,0.00,141.86,141.86,142,0,0.00,3.00,3.00,3,0,0.00,0.00,0,0
1625441271.037143,qvo08dfd47b-31,126.87,369.63,496.50,370,127,2.00,4.00,5.99,4,2,0.00,0.00,0,0
1625441271.037168,qbr5d0e6d7d-89,0.00,0.00,0.00,0,0,0.00,0.00,0.00,0,0,0.00,0.00,0,0
1625441271.037421,tap5d0e6d7d-89,53.95,101.90,155.84,102,54,1.00,1.00,2.00,1,1,0.00,0.00,0,0
1625441271.037473,docker0,0.00,0.00,0.00,0,0,0.00,0.00,0.00,0,0,0.00,0.00,0,0
1625441271.037792,qvb5d0e6d7d-89,101.90,53.95,155.84,54,102,1.00,1.00,2.00,1,1,0.00,0.00,0,0
1625441271.037822,eth1,371.63,316.68,688.31,317,372,4.00,5.00,8.99,5,4,0.00,0.00,0,0
1625441271.038018,qbr08dfd47b-31,0.00,0.00,0.00,0,0,0.00,0.00,0.00,0,0,0.00,0.00,0,0
1625441271.038060,lo,0.00,0.00,0.00,0,0,0.00,0.00,0.00,0,0,0.00,0.00,0,0
1625441271.038099,vxlan_sys_4789,401.60,138.86,540.46,139,402,5.00,3.00,7.99,3,5,0.00,0.00,0,0
1625441271.038140,total,65890.11,5088.91,70979.02,5094,65956,56.94,66.93,123.88,67,57,0.00,0.00,0,0
1625441272.038611,qvb08dfd47b-31,369.63,126.87,496.50,127,370,4.00,2.00,5.99,2,4,0.00,0.00,0,0
1625441272.038715,tap08dfd47b-31,126.87,369.63,496.50,370,127,2.00,4.00,5.99,4,2,0.00,0.00,0,0
1625441272.038744,qvo3854936e-ce,376.62,371.63,748.25,372,377,5.99,4.00,9.99,4,6,0.00,0.00,0,0
1625441272.038795,eth0,64163.84,3351.65,67515.48,3355,64228,29.97,34.97,64.94,35,30,0.00,0.00,0,0
1625441272.038828,tap3854936e-ce,246.75,371.63,618.38,372,247,4.00,4.00,7.99,4,4,0.00,0.00,0,0
1625441272.038854,qvo5d0e6d7d-89,822.18,611.39,1433.57,612,823,5.00,5.99,10.99,6,5,0.00,0.00,0,0
1625441272.039023,qvb3854936e-ce,371.63,376.62,748.25,377,372,4.00,5.99,9.99,6,4,0.00,0.00,0,0
1625441272.039059,qbr3854936e-ce,0.00,187.81,187.81,188,0,0.00,4.00,4.00,4,0,0.00,0.00,0,0
1625441272.039084,qvo08dfd47b-31,126.87,369.63,496.50,370,127,2.00,4.00,5.99,4,2,0.00,0.00,0,0
1625441272.039109,qbr5d0e6d7d-89,0.00,0.00,0.00,0,0,0.00,0.00,0.00,0,0,0.00,0.00,0,0
1625441272.039246,tap5d0e6d7d-89,822.18,611.39,1433.57,612,823,5.00,5.99,10.99,6,5,0.00,0.00,0,0
1625441272.039282,docker0,0.00,0.00,0.00,0,0,0.00,0.00,0.00,0,0,0.00,0.00,0,0
1625441272.039305,qvb5d0e6d7d-89,611.39,822.18,1433.57,823,612,5.99,5.00,10.99,5,6,0.00,0.00,0,0
1625441272.039410,eth1,371.63,376.62,748.25,377,372,4.00,5.99,9.99,6,4,0.00,0.00,0,0
1625441272.039437,qbr08dfd47b-31,0.00,0.00,0.00,0,0,0.00,0.00,0.00,0,0,0.00,0.00,0,0
1625441272.039459,lo,455.54,455.54,911.09,456,456,5.99,5.99,11.99,6,6,0.00,0.00,0,0
1625441272.039486,vxlan_sys_4789,841.16,851.15,1692.31,852,842,9.99,6.99,16.98,7,10,0.00,0.00,0,0
1625441272.039511,total,69706.30,9253.75,78960.04,9263,69776,87.91,98.90,186.81,99,88,0.00,0.00,0,0
1625441273.040084,qvb08dfd47b-31,369.63,126.87,496.50,127,370,4.00,2.00,5.99,2,4,0.00,0.00,0,0
1625441273.040175,tap08dfd47b-31,126.87,369.63,496.50,370,127,2.00,4.00,5.99,4,2,0.00,0.00,0,0
1625441273.040207,qvo3854936e-ce,731.27,371.63,1102.90,372,732,7.99,4.00,11.99,4,8,0.00,0.00,0,0
1625441273.040239,eth0,64292.71,6073.93,70366.63,6080,64357,30.97,38.96,69.93,39,31,0.00,0.00,0,0
1625441273.040273,tap3854936e-ce,228.77,371.63,600.40,372,229,4.00,4.00,7.99,4,4,0.00,0.00,0,0
1625441273.040300,qvo5d0e6d7d-89,803.20,653.35,1456.54,654,804,5.00,5.99,10.99,6,5,0.00,0.00,0,0
1625441273.040550,qvb3854936e-ce,371.63,731.27,1102.90,732,372,4.00,7.99,11.99,8,4,0.00,0.00,0,0
1625441273.040592,qbr3854936e-ce,0.00,514.49,514.49,515,0,0.00,5.99,5.99,6,0,0.00,0.00,0,0
1625441273.040619,qvo08dfd47b-31,126.87,369.63,496.50,370,127,2.00,4.00,5.99,4,2,0.00,0.00,0,0
1625441273.040646,qbr5d0e6d7d-89,0.00,0.00,0.00,0,0,0.00,0.00,0.00,0,0,0.00,0.00,0,0
1625441273.040789,tap5d0e6d7d-89,803.20,653.35,1456.54,654,804,5.00,5.99,10.99,6,5,0.00,0.00,0,0
1625441273.040826,docker0,0.00,0.00,0.00,0,0,0.00,0.00,0.00,0,0,0.00,0.00,0,0
1625441273.040850,qvb5d0e6d7d-89,653.35,803.20,1456.54,804,654,5.99,5.00,10.99,5,6,0.00,0.00,0,0
1625441273.040879,eth1,371.63,731.27,1102.90,732,372,4.00,7.99,11.99,8,4,0.00,0.00,0,0
1625441273.040906,qbr08dfd47b-31,0.00,0.00,0.00,0,0,0.00,0.00,0.00,0,0,0.00,0.00,0,0
1625441273.040929,lo,211.79,211.79,423.58,212,212,3.00,3.00,5.99,3,3,0.00,0.00,0,0
1625441273.040956,vxlan_sys_4789,883.12,832.17,1715.28,833,884,9.99,6.99,16.98,7,10,0.00,0.00,0,0
1625441273.040981,total,69974.03,12814.19,82788.21,12827,70044,87.91,105.89,193.81,106,88,0.00,0.00,0,0
1625441274.041511,qvb08dfd47b-31,369.63,126.87,496.50,127,370,4.00,2.00,5.99,2,4,0.00,0.00,0,0
1625441274.041599,tap08dfd47b-31,126.87,369.63,496.50,370,127,2.00,4.00,5.99,4,2,0.00,0.00,0,0
1625441274.041630,qvo3854936e-ce,1866.13,371.63,2237.76,372,1868,10.99,4.00,14.99,4,11,0.00,0.00,0,0
1625441274.041665,eth0,64457.54,3848.15,68305.70,3852,64522,25.97,34.97,60.94,35,26,0.00,0.00,0,0
1625441274.041698,tap3854936e-ce,228.77,371.63,600.40,372,229,4.00,4.00,7.99,4,4,0.00,0.00,0,0
1625441274.041726,qvo5d0e6d7d-89,114.89,203.80,318.68,204,115,2.00,3.00,5.00,3,2,0.00,0.00,0,0
1625441274.041865,qvb3854936e-ce,371.63,1866.13,2237.76,1868,372,4.00,10.99,14.99,11,4,0.00,0.00,0,0
1625441274.041929,qbr3854936e-ce,0.00,1591.41,1591.41,1593,0,0.00,8.99,8.99,9,0,0.00,0.00,0,0
1625441274.041959,qvo08dfd47b-31,126.87,369.63,496.50,370,127,2.00,4.00,5.99,4,2,0.00,0.00,0,0
1625441274.042007,qbr5d0e6d7d-89,0.00,0.00,0.00,0,0,0.00,0.00,0.00,0,0,0.00,0.00,0,0
1625441274.042158,tap5d0e6d7d-89,114.89,203.80,318.68,204,115,2.00,3.00,5.00,3,2,0.00,0.00,0,0
1625441274.042222,docker0,0.00,0.00,0.00,0,0,0.00,0.00,0.00,0,0,0.00,0.00,0,0
1625441274.042266,qvb5d0e6d7d-89,203.80,114.89,318.68,115,204,3.00,2.00,5.00,2,3,0.00,0.00,0,0
1625441274.042352,eth1,371.63,1866.13,2237.76,1868,372,4.00,10.99,14.99,11,4,0.00,0.00,0,0
1625441274.042397,qbr08dfd47b-31,0.00,0.00,0.00,0,0,0.00,0.00,0.00,0,0,0.00,0.00,0,0
1625441274.042422,lo,627.37,627.37,1254.75,628,628,8.99,8.99,17.98,9,9,0.00,0.00,0,0
1625441274.042450,vxlan_sys_4789,475.52,185.81,661.34,186,476,6.99,4.00,10.99,4,7,0.00,0.00,0,0
1625441274.042475,total,69455.55,12116.88,81572.43,12129,69525,79.92,104.90,184.82,105,80,0.00,0.00,0,0
1625441275.042862,qvb08dfd47b-31,369.63,126.87,496.50,127,370,4.00,2.00,5.99,2,4,0.00,0.00,0,0
1625441275.042917,tap08dfd47b-31,126.87,369.63,496.50,370,127,2.00,4.00,5.99,4,2,0.00,0.00,0,0
1625441275.042932,qvo3854936e-ce,1764.24,371.63,2135.86,372,1766,8.99,4.00,12.99,4,9,0.00,0.00,0,0
1625441275.042947,eth0,64959.04,4781.22,69740.26,4786,65024,31.97,37.96,69.93,38,32,0.00,0.00,0,0
1625441275.042961,tap3854936e-ce,186.81,371.63,558.44,372,187,3.00,4.00,6.99,4,3,0.00,0.00,0,0
1625441275.042974,qvo5d0e6d7d-89,876.12,815.18,1691.31,816,877,5.99,7.99,13.99,8,6,0.00,0.00,0,0
1625441275.043050,qvb3854936e-ce,371.63,1764.24,2135.86,1766,372,4.00,8.99,12.99,9,4,0.00,0.00,0,0
1625441275.043067,qbr3854936e-ce,0.00,1533.47,1533.47,1535,0,0.00,6.99,6.99,7,0,0.00,0.00,0,0
1625441275.043079,qvo08dfd47b-31,126.87,369.63,496.50,370,127,2.00,4.00,5.99,4,2,0.00,0.00,0,0
1625441275.043091,qbr5d0e6d7d-89,0.00,0.00,0.00,0,0,0.00,0.00,0.00,0,0,0.00,0.00,0,0
1625441275.043172,tap5d0e6d7d-89,876.12,815.18,1691.31,816,877,5.99,7.99,13.99,8,6,0.00,0.00,0,0
1625441275.043189,docker0,0.00,0.00,0.00,0,0,0.00,0.00,0.00,0,0,0.00,0.00,0,0
1625441275.043200,qvb5d0e6d7d-89,816.00,877.00,1693.00,877,816,8.00,6.00,14.00,6,8,0.00,0.00,0,0
1625441275.043213,eth1,372.00,1766.00,2138.00,1766,372,4.00,9.00,13.00,9,4,0.00,0.00,0,0
1625441275.043226,qbr08dfd47b-31,0.00,0.00,0.00,0,0,0.00,0.00,0.00,0,0,0.00,0.00,0,0
1625441275.043237,lo,5789.00,5789.00,11578.00,5789,5789,21.00,21.00,42.00,21,21,0.00,0.00,0,0
1625441275.043250,vxlan_sys_4789,1018.00,892.00,1910.00,892,1018,12.00,8.00,20.00,8,12,0.00,0.00,0,0
1625441275.043261,total,77722.00,20654.00,98376.00,20654,77722,113.00,132.00,245.00,132,113,0.00,0.00,0,0
1625441276.043720,qvb08dfd47b-31,204.00,54.00,258.00,54,204,2.00,1.00,3.00,1,2,0.00,0.00,0,0
1625441276.043805,tap08dfd47b-31,54.00,204.00,258.00,204,54,1.00,2.00,3.00,2,1,0.00,0.00,0,0
1625441276.043836,qvo3854936e-ce,1766.00,372.00,2138.00,372,1766,9.00,4.00,13.00,4,9,0.00,0.00,0,0
1625441276.043868,eth0,64500.00,4680.00,69180.00,4680,64500,28.00,38.00,66.00,38,28,0.00,0.00,0,0
1625441276.043899,tap3854936e-ce,187.00,372.00,559.00,372,187,3.00,4.00,7.00,4,3,0.00,0.00,0,0
1625441276.043980,qvo5d0e6d7d-89,803.20,653.35,1456.54,654,804,5.00,5.99,10.99,6,5,0.00,0.00,0,0
1625441276.044121,qvb3854936e-ce,371.63,1764.24,2135.86,1766,372,4.00,8.99,12.99,9,4,0.00,0.00,0,0
1625441276.044161,qbr3854936e-ce,0.00,1533.47,1533.47,1535,0,0.00,6.99,6.99,7,0,0.00,0.00,0,0
1625441276.044188,qvo08dfd47b-31,53.95,203.80,257.74,204,54,1.00,2.00,3.00,2,1,0.00,0.00,0,0
1625441276.044217,qbr5d0e6d7d-89,0.00,0.00,0.00,0,0,0.00,0.00,0.00,0,0,0.00,0.00,0,0
1625441276.044405,tap5d0e6d7d-89,803.20,653.35,1456.54,654,804,5.00,5.99,10.99,6,5,0.00,0.00,0,0
1625441276.044453,docker0,0.00,0.00,0.00,0,0,0.00,0.00,0.00,0,0,0.00,0.00,0,0
1625441276.044478,qvb5d0e6d7d-89,653.35,803.20,1456.54,804,654,5.99,5.00,10.99,5,6,0.00,0.00,0,0
1625441276.044508,eth1,371.63,1764.24,2135.86,1766,372,4.00,8.99,12.99,9,4,0.00,0.00,0,0
1625441276.044536,qbr08dfd47b-31,0.00,0.00,0.00,0,0,0.00,0.00,0.00,0,0,0.00,0.00,0,0
1625441276.044560,lo,455.54,455.54,911.09,456,456,5.99,5.99,11.99,6,6,0.00,0.00,0,0
1625441276.044589,vxlan_sys_4789,745.25,773.23,1518.48,774,746,7.99,5.99,13.99,6,8,0.00,0.00,0,0
1625441276.044644,total,70902.10,14280.72,85182.82,14295,70973,81.92,104.90,186.81,105,82,0.00,0.00,0,0
1625441277.045256,qvb08dfd47b-31,823.18,351.65,1174.83,352,824,9.99,5.00,14.99,5,10,0.00,0.00,0,0
1625441277.045425,tap08dfd47b-31,351.65,823.18,1174.83,824,352,5.00,9.99,14.99,10,5,0.00,0.00,0,0
1625441277.045468,qvo3854936e-ce,2176.82,539.46,2716.28,540,2179,12.99,5.99,18.98,6,13,0.00,0.00,0,0
1625441277.045503,eth0,64177.82,4291.71,68469.53,4296,64242,30.97,36.96,67.93,37,31,0.00,0.00,0,0
1625441277.045537,tap3854936e-ce,384.62,539.46,924.08,540,385,5.99,5.99,11.99,6,6,0.00,0.00,0,0
1625441277.045565,qvo5d0e6d7d-89,72.93,161.84,234.77,162,73,1.00,2.00,3.00,2,1,0.00,0.00,0,0
1625441277.045712,qvb3854936e-ce,539.46,2176.82,2716.28,2179,540,5.99,12.99,18.98,13,6,0.00,0.00,0,0
1625441277.045752,qbr3854936e-ce,0.00,1734.27,1734.27,1736,0,0.00,7.99,7.99,8,0,0.00,0.00,0,0
1625441277.045779,qvo08dfd47b-31,351.65,823.18,1174.83,824,352,5.00,9.99,14.99,10,5,0.00,0.00,0,0
1625441277.045808,qbr5d0e6d7d-89,0.00,0.00,0.00,0,0,0.00,0.00,0.00,0,0,0.00,0.00,0,0
1625441277.045948,tap5d0e6d7d-89,72.93,161.84,234.77,162,73,1.00,2.00,3.00,2,1,0.00,0.00,0,0
1625441277.045985,docker0,0.00,0.00,0.00,0,0,0.00,0.00,0.00,0,0,0.00,0.00,0,0
1625441277.046009,qvb5d0e6d7d-89,161.84,72.93,234.77,73,162,2.00,1.00,3.00,1,2,0.00,0.00,0,0
1625441277.046038,eth1,539.46,2176.82,2716.28,2179,540,5.99,12.99,18.98,13,6,0.00,0.00,0,0
1625441277.046067,qbr08dfd47b-31,0.00,0.00,0.00,0,0,0.00,0.00,0.00,0,0,0.00,0.00,0,0
1625441277.046091,lo,0.00,0.00,0.00,0,0,0.00,0.00,0.00,0,0,0.00,0.00,0,0
1625441277.046115,vxlan_sys_4789,817.18,340.66,1157.84,341,818,11.99,5.99,17.98,6,12,0.00,0.00,0,0
1625441277.046141,total,70469.53,14193.81,84663.34,14208,70540,97.90,118.88,216.78,119,98,0.00,0.00,0,0
1625441278.046665,qvb08dfd47b-31,369.63,126.87,496.50,127,370,4.00,2.00,5.99,2,4,0.00,0.00,0,0
1625441278.046750,tap08dfd47b-31,126.87,369.63,496.50,370,127,2.00,4.00,5.99,4,2,0.00,0.00,0,0
1625441278.046783,qvo3854936e-ce,657.34,473.53,1130.87,474,658,7.99,5.00,12.99,5,8,0.00,0.00,0,0
1625441278.046816,eth0,66282.72,4885.12,71167.84,4890,66349,35.96,40.96,76.92,41,36,0.00,0.00,0,0
1625441278.046851,tap3854936e-ce,312.69,473.53,786.21,474,313,5.00,5.00,9.99,5,5,0.00,0.00,0,0
1625441278.046880,qvo5d0e6d7d-89,876.12,815.18,1691.31,816,877,5.99,7.99,13.99,8,6,0.00,0.00,0,0
1625441278.047097,qvb3854936e-ce,473.53,657.34,1130.87,658,474,5.00,7.99,12.99,8,5,0.00,0.00,0,0
1625441278.047183,qbr3854936e-ce,0.00,388.61,388.61,389,0,0.00,5.00,5.00,5,0,0.00,0.00,0,0
1625441278.047228,qvo08dfd47b-31,126.87,369.63,496.50,370,127,2.00,4.00,5.99,4,2,0.00,0.00,0,0
1625441278.047275,qbr5d0e6d7d-89,0.00,0.00,0.00,0,0,0.00,0.00,0.00,0,0,0.00,0.00,0,0
1625441278.047478,tap5d0e6d7d-89,876.12,815.18,1691.31,816,877,5.99,7.99,13.99,8,6,0.00,0.00,0,0
1625441278.047531,docker0,0.00,0.00,0.00,0,0,0.00,0.00,0.00,0,0,0.00,0.00,0,0
1625441278.047556,qvb5d0e6d7d-89,815.18,876.12,1691.31,877,816,7.99,5.99,13.99,6,8,0.00,0.00,0,0
1625441278.047584,eth1,473.53,657.34,1130.87,658,474,5.00,7.99,12.99,8,5,0.00,0.00,0,0
1625441278.047612,qbr08dfd47b-31,0.00,0.00,0.00,0,0,0.00,0.00,0.00,0,0,0.00,0.00,0,0
1625441278.047635,lo,667.33,667.33,1334.67,668,668,8.99,8.99,17.98,9,9,0.00,0.00,0,0
1625441278.047663,vxlan_sys_4789,1016.98,891.11,1908.09,892,1018,11.99,7.99,19.98,8,12,0.00,0.00,0,0
1625441278.047689,total,73074.93,12466.53,85541.46,12479,73148,107.89,120.88,228.77,121,108,0.00,0.00,0,0
