1661184772.367076,lo,0.00,0.00,0.00,0,0,0.00,0.00,0.00,0,0,0.00,0.00,0,0
1661184772.367112,qg-404220d6-91,0.00,0.00,0.00,0,0,0.00,0.00,0.00,0,0,0.00,0.00,0,0
1661184772.367121,qr-38b62c60-62,0.00,0.00,0.00,0,0,0.00,0.00,0.00,0,0,0.00,0.00,0,0
1661184772.367127,total,0.00,0.00,0.00,0,0,0.00,0.00,0.00,0,0,0.00,0.00,0,0
1661184773.367366,lo,0.00,0.00,0.00,0,0,0.00,0.00,0.00,0,0,0.00,0.00,0,0
1661184773.367400,qg-404220d6-91,0.00,46.00,46.00,46,0,0.00,1.00,1.00,1,0,0.00,0.00,0,0
1661184773.367410,qr-38b62c60-62,0.00,0.00,0.00,0,0,0.00,0.00,0.00,0,0,0.00,0.00,0,0
1661184773.367416,total,0.00,46.00,46.00,46,0,0.00,1.00,1.00,1,0,0.00,0.00,0,0
1661184774.367594,lo,0.00,0.00,0.00,0,0,0.00,0.00,0.00,0,0,0.00,0.00,0,0
1661184774.367627,qg-404220d6-91,0.00,138.00,138.00,138,0,0.00,3.00,3.00,3,0,0.00,0.00,0,0
1661184774.367638,qr-38b62c60-62,0.00,0.00,0.00,0,0,0.00,0.00,0.00,0,0,0.00,0.00,0,0
1661184774.367645,total,0.00,138.00,138.00,138,0,0.00,3.00,3.00,3,0,0.00,0.00,0,0
1661184775.367844,lo,0.00,0.00,0.00,0,0,0.00,0.00,0.00,0,0,0.00,0.00,0,0
1661184775.367876,qg-404220d6-91,0.00,46.00,46.00,46,0,0.00,1.00,1.00,1,0,0.00,0.00,0,0
1661184775.367886,qr-38b62c60-62,0.00,0.00,0.00,0,0,0.00,0.00,0.00,0,0,0.00,0.00,0,0
1661184775.367893,total,0.00,46.00,46.00,46,0,0.00,1.00,1.00,1,0,0.00,0.00,0,0
1661184776.368079,lo,0.00,0.00,0.00,0,0,0.00,0.00,0.00,0,0,0.00,0.00,0,0
1661184776.368110,qg-404220d6-91,0.00,138.00,138.00,138,0,0.00,3.00,3.00,3,0,0.00,0.00,0,0
1661184776.368120,qr-38b62c60-62,0.00,0.00,0.00,0,0,0.00,0.00,0.00,0,0,0.00,0.00,0,0
1661184776.368127,total,0.00,138.00,138.00,138,0,0.00,3.00,3.00,3,0,0.00,0.00,0,0
1661184777.368368,lo,0.00,0.00,0.00,0,0,0.00,0.00,0.00,0,0,0.00,0.00,0,0
1661184777.368405,qg-404220d6-91,0.00,46.00,46.00,46,0,0.00,1.00,1.00,1,0,0.00,0.00,0,0
1661184777.368415,qr-38b62c60-62,0.00,0.00,0.00,0,0,0.00,0.00,0.00,0,0,0.00,0.00,0,0
1661184777.368421,total,0.00,46.00,46.00,46,0,0.00,1.00,1.00,1,0,0.00,0.00,0,0
1661184778.368650,lo,0.00,0.00,0.00,0,0,0.00,0.00,0.00,0,0,0.00,0.00,0,0
1661184778.368682,qg-404220d6-91,0.00,46.00,46.00,46,0,0.00,1.00,1.00,1,0,0.00,0.00,0,0
1661184778.368692,qr-38b62c60-62,0.00,0.00,0.00,0,0,0.00,0.00,0.00,0,0,0.00,0.00,0,0
1661184778.368698,total,0.00,46.00,46.00,46,0,0.00,1.00,1.00,1,0,0.00,0.00,0,0
1661184779.368869,lo,0.00,0.00,0.00,0,0,0.00,0.00,0.00,0,0,0.00,0.00,0,0
1661184779.368902,qg-404220d6-91,0.00,92.00,92.00,92,0,0.00,2.00,2.00,2,0,0.00,0.00,0,0
1661184779.368914,qr-38b62c60-62,0.00,0.00,0.00,0,0,0.00,0.00,0.00,0,0,0.00,0.00,0,0
1661184779.368926,total,0.00,92.00,92.00,92,0,0.00,2.00,2.00,2,0,0.00,0.00,0,0
1661184780.369150,lo,0.00,0.00,0.00,0,0,0.00,0.00,0.00,0,0,0.00,0.00,0,0
1661184780.369181,qg-404220d6-91,4931.00,100578.00,105509.00,100578,4931,69.00,78.00,147.00,78,69,0.00,0.00,0,0
1661184780.369192,qr-38b62c60-62,101430.00,4411.00,105841.00,4411,101430,74.00,73.00,147.00,73,74,0.00,0.00,0,0
1661184780.369201,total,106361.00,104989.00,211350.00,104989,106361,143.00,151.00,294.00,151,143,0.00,0.00,0,0
1661184781.369412,lo,0.00,0.00,0.00,0,0,0.00,0.00,0.00,0,0,0.00,0.00,0,0
1661184781.369440,qg-404220d6-91,99900.00,3500902.00,3600802.00,3500902,99900,1512.00,2419.00,3931.00,2419,1512,0.00,0.00,0,0
1661184781.369452,qr-38b62c60-62,3534528.00,78732.00,3613260.00,78732,3534528,2415.00,1512.00,3927.00,1512,2415,0.00,0.00,0,0
1661184781.369461,total,3634428.00,3579634.00,7214062.00,3579634,3634428,3927.00,3931.00,7858.00,3931,3927,0.00,0.00,0,0
1661184782.369752,lo,0.00,0.00,0.00,0,0,0.00,0.00,0.00,0,0,0.00,0.00,0,0
1661184782.369785,qg-404220d6-91,167088.00,14240690.00,14407778.00,14240690,167088,2530.00,9825.00,12355.00,9825,2530,0.00,0.00,0,0
1661184782.369799,qr-38b62c60-62,14378120.00,131668.00,14509788.00,131668,14378120,9823.00,2530.00,12353.00,2530,9823,0.00,0.00,0,0
1661184782.369809,total,14545208.00,14372358.00,28917566.00,14372358,14545208,12353.00,12355.00,24708.00,12355,12353,0.00,0.00,0,0
1661184783.370699,lo,0.00,0.00,0.00,0,0,0.00,0.00,0.00,0,0,0.00,0.00,0,0
1661184783.370738,qg-404220d6-91,195150.00,15299620.00,15494770.00,15299620,195150,2955.00,10555.00,13510.00,10555,2955,0.00,0.00,0,0
1661184783.370760,qr-38b62c60-62,15447270.00,153832.00,15601102.00,153832,15447270,10553.00,2956.00,13509.00,2956,10553,0.00,0.00,0,0
1661184783.370769,total,15642420.00,15453452.00,31095872.00,15453452,15642420,13508.00,13511.00,27019.00,13511,13508,0.00,0.00,0,0
1661184784.370938,lo,0.00,0.00,0.00,0,0,0.00,0.00,0.00,0,0,0.00,0.00,0,0
1661184784.370971,qg-404220d6-91,170346.00,15747126.00,15917472.00,15747126,170346,2579.00,10865.00,13444.00,10865,2579,0.00,0.00,0,0
1661184784.370985,qr-38b62c60-62,15899116.00,134188.00,16033304.00,134188,15899116,10863.00,2578.00,13441.00,2578,10863,0.00,0.00,0,0
1661184784.370995,total,16069462.00,15881314.00,31950776.00,15881314,16069462,13442.00,13443.00,26885.00,13443,13442,0.00,0.00,0,0
1661184785.371298,lo,0.00,0.00,0.00,0,0,0.00,0.00,0.00,0,0,0.00,0.00,0,0
1661184785.371337,qg-404220d6-91,175968.00,16122540.00,16298508.00,16122540,175968,2664.00,11124.00,13788.00,11124,2664,0.00,0.00,0,0
1661184785.371356,qr-38b62c60-62,16278198.00,138672.00,16416870.00,138672,16278198,11123.00,2664.00,13787.00,2664,11123,0.00,0.00,0,0
1661184785.371365,total,16454166.00,16261212.00,32715378.00,16261212,16454166,13787.00,13788.00,27575.00,13788,13787,0.00,0.00,0,0
1661184786.371587,lo,0.00,0.00,0.00,0,0,0.00,0.00,0.00,0,0,0.00,0.00,0,0
1661184786.371619,qg-404220d6-91,168312.00,14397428.00,14565740.00,14397428,168312,2548.00,9932.00,12480.00,9932,2548,0.00,0.00,0,0
1661184786.371631,qr-38b62c60-62,14536416.00,132640.00,14669056.00,132640,14536416,9931.00,2548.00,12479.00,2548,9931,0.00,0.00,0,0
1661184786.371640,total,14704728.00,14530068.00,29234796.00,14530068,14704728,12479.00,12480.00,24959.00,12480,12479,0.00,0.00,0,0
1661184787.371820,lo,0.00,0.00,0.00,0,0,0.00,0.00,0.00,0,0,0.00,0.00,0,0
1661184787.371863,qg-404220d6-91,166632.00,14549776.00,14716408.00,14549776,166632,2522.00,10038.00,12560.00,10038,2522,0.00,0.00,0,0
1661184787.371881,qr-38b62c60-62,14690248.00,131324.00,14821572.00,131324,14690248,10037.00,2522.00,12559.00,2522,10037,0.00,0.00,0,0
1661184787.371894,total,14856880.00,14681100.00,29537980.00,14681100,14856880,12559.00,12560.00,25119.00,12560,12559,0.00,0.00,0,0
1661184788.372058,lo,0.00,0.00,0.00,0,0,0.00,0.00,0.00,0,0,0.00,0.00,0,0
1661184788.372092,qg-404220d6-91,180846.00,16153732.00,16334578.00,16153732,180846,2739.00,11144.00,13883.00,11144,2739,0.00,0.00,0,0
1661184788.372105,qr-38b62c60-62,16309748.00,142500.00,16452248.00,142500,16309748,11144.00,2739.00,13883.00,2739,11144,0.00,0.00,0,0
1661184788.372114,total,16490594.00,16296232.00,32786826.00,16296232,16490594,13883.00,13883.00,27766.00,13883,13883,0.00,0.00,0,0
1661184789.372347,lo,0.00,0.00,0.00,0,0,0.00,0.00,0.00,0,0,0.00,0.00,0,0
1661184789.372380,qg-404220d6-91,159180.00,14650214.00,14809394.00,14650214,159180,2410.00,10109.00,12519.00,10109,2410,0.00,0.00,0,0
1661184789.372411,qr-38b62c60-62,14791620.00,125440.00,14917060.00,125440,14791620,10107.00,2410.00,12517.00,2410,10107,0.00,0.00,0,0
1661184789.372421,total,14950800.00,14775654.00,29726454.00,14775654,14950800,12517.00,12519.00,25036.00,12519,12517,0.00,0.00,0,0
1661184790.372673,lo,0.00,0.00,0.00,0,0,0.00,0.00,0.00,0,0,0.00,0.00,0,0
1661184790.372740,qg-404220d6-91,150918.00,14617856.00,14768774.00,14617856,150918,2285.00,10084.00,12369.00,10084,2285,0.00,0.00,0,0
1661184790.372780,qr-38b62c60-62,14759032.00,118928.00,14877960.00,118928,14759032,10084.00,2285.00,12369.00,2285,10084,0.00,0.00,0,0
1661184790.372811,total,14909950.00,14736784.00,29646734.00,14736784,14909950,12369.00,12369.00,24738.00,12369,12369,0.00,0.00,0,0
1661184791.373152,lo,0.00,0.00,0.00,0,0,0.00,0.00,0.00,0,0,0.00,0.00,0,0
1661184791.373234,qg-404220d6-91,104234.00,11455190.00,11559424.00,11455190,104234,1477.00,7904.00,9381.00,7904,1477,0.00,0.00,0,0
1661184791.373273,qr-38b62c60-62,11565666.00,83556.00,11649222.00,83556,11565666,7901.00,1477.00,9378.00,1477,7901,0.00,0.00,0,0
1661184791.373303,total,11669900.00,11538746.00,23208646.00,11538746,11669900,9378.00,9381.00,18759.00,9381,9378,0.00,0.00,0,0
1661184792.373519,lo,0.00,0.00,0.00,0,0,0.00,0.00,0.00,0,0,0.00,0.00,0,0
1661184792.373563,qg-404220d6-91,40454.00,5370852.00,5411306.00,5370852,40454,561.00,3705.00,4266.00,3705,561,0.00,0.00,0,0
1661184792.373579,qr-38b62c60-62,5422722.00,32600.00,5455322.00,32600,5422722,3705.00,561.00,4266.00,561,3705,0.00,0.00,0,0
1661184792.373591,total,5463176.00,5403452.00,10866628.00,5403452,5463176,4266.00,4266.00,8532.00,4266,4266,0.00,0.00,0,0
1661184793.373902,lo,0.00,0.00,0.00,0,0,0.00,0.00,0.00,0,0,0.00,0.00,0,0
1661184793.373975,qg-404220d6-91,97562.00,8473846.00,8571408.00,8473846,97562,1441.00,5845.00,7286.00,5845,1441,0.00,0.00,0,0
1661184793.374015,qr-38b62c60-62,8555616.00,77388.00,8633004.00,77388,8555616,5844.00,1441.00,7285.00,1441,5844,0.00,0.00,0,0
1661184793.374045,total,8653178.00,8551234.00,17204412.00,8551234,8653178,7285.00,7286.00,14571.00,7286,7285,0.00,0.00,0,0
1661184794.374246,lo,0.00,0.00,0.00,0,0,0.00,0.00,0.00,0,0,0.00,0.00,0,0
1661184794.374280,qg-404220d6-91,102406.00,8357892.00,8460298.00,8357892,102406,1513.00,5766.00,7279.00,5766,1513,0.00,0.00,0,0
1661184794.374293,qr-38b62c60-62,8438496.00,81224.00,8519720.00,81224,8438496,5764.00,1513.00,7277.00,1513,5764,0.00,0.00,0,0
1661184794.374304,total,8540902.00,8439116.00,16980018.00,8439116,8540902,7277.00,7279.00,14556.00,7279,7277,0.00,0.00,0,0
1661184795.374628,lo,0.00,0.00,0.00,0,0,0.00,0.00,0.00,0,0,0.00,0.00,0,0
1661184795.374696,qg-404220d6-91,102414.00,6227934.00,6330348.00,6227934,102414,1551.00,4299.00,5850.00,4299,1551,0.00,0.00,0,0
1661184795.374736,qr-38b62c60-62,6287880.00,80700.00,6368580.00,80700,6287880,4295.00,1551.00,5846.00,1551,4295,0.00,0.00,0,0
1661184795.374765,total,6390294.00,6308634.00,12698928.00,6308634,6390294,5846.00,5850.00,11696.00,5850,5846,0.00,0.00,0,0
1661184796.375115,lo,0.00,0.00,0.00,0,0,0.00,0.00,0.00,0,0,0.00,0.00,0,0
1661184796.375188,qg-404220d6-91,107628.00,6356800.00,6464428.00,6356800,107628,1630.00,4384.00,6014.00,4384,1630,0.00,0.00,0,0
1661184796.375227,qr-38b62c60-62,6418176.00,84808.00,6502984.00,84808,6418176,4384.00,1630.00,6014.00,1630,4384,0.00,0.00,0,0
1661184796.375258,total,6525804.00,6441608.00,12967412.00,6441608,6525804,6014.00,6014.00,12028.00,6014,6014,0.00,0.00,0,0
1661184797.375455,lo,0.00,0.00,0.00,0,0,0.00,0.00,0.00,0,0,0.00,0.00,0,0
1661184797.375500,qg-404220d6-91,102810.00,5861038.00,5963848.00,5861038,102810,1557.00,4045.00,5602.00,4045,1557,0.00,0.00,0,0
1661184797.375513,qr-38b62c60-62,5917488.00,81012.00,5998500.00,81012,5917488,4042.00,1557.00,5599.00,1557,4042,0.00,0.00,0,0
1661184797.375522,total,6020298.00,5942050.00,11962348.00,5942050,6020298,5599.00,5602.00,11201.00,5602,5599,0.00,0.00,0,0
1661184798.375779,lo,0.00,0.00,0.00,0,0,0.00,0.00,0.00,0,0,0.00,0.00,0,0
1661184798.375850,qg-404220d6-91,118518.00,6841146.00,6959664.00,6841146,118518,1795.00,4719.00,6514.00,4719,1795,0.00,0.00,0,0
1661184798.375887,qr-38b62c60-62,6907152.00,93388.00,7000540.00,93388,6907152,4718.00,1795.00,6513.00,1795,4718,0.00,0.00,0,0
1661184798.375896,total,7025670.00,6934534.00,13960204.00,6934534,7025670,6513.00,6514.00,13027.00,6514,6513,0.00,0.00,0,0
1661184799.376083,lo,0.00,0.00,0.00,0,0,0.00,0.00,0.00,0,0,0.00,0.00,0,0
1661184799.376130,qg-404220d6-91,99786.00,6152396.00,6252182.00,6152396,99786,1511.00,4244.00,5755.00,4244,1511,0.00,0.00,0,0
1661184799.376145,qr-38b62c60-62,6211752.00,78632.00,6290384.00,78632,6211752,4243.00,1511.00,5754.00,1511,4243,0.00,0.00,0,0
1661184799.376156,total,6311538.00,6231028.00,12542566.00,6231028,6311538,5754.00,5755.00,11509.00,5755,5754,0.00,0.00,0,0
1661184800.376464,lo,0.00,0.00,0.00,0,0,0.00,0.00,0.00,0,0,0.00,0.00,0,0
1661184800.376564,qg-404220d6-91,117858.00,7310992.00,7428850.00,7310992,117858,1785.00,5044.00,6829.00,5044,1785,0.00,0.00,0,0
1661184800.376604,qr-38b62c60-62,7381488.00,92868.00,7474356.00,92868,7381488,5042.00,1785.00,6827.00,1785,5042,0.00,0.00,0,0
1661184800.376634,total,7499346.00,7403860.00,14903206.00,7403860,7499346,6827.00,6829.00,13656.00,6829,6827,0.00,0.00,0,0
1661184801.376820,lo,0.00,0.00,0.00,0,0,0.00,0.00,0.00,0,0,0.00,0.00,0,0
1661184801.376850,qg-404220d6-91,119916.00,7205142.00,7325058.00,7205142,119916,1816.00,4971.00,6787.00,4971,1816,0.00,0.00,0,0
1661184801.376871,qr-38b62c60-62,7274616.00,94492.00,7369108.00,94492,7274616,4969.00,1816.00,6785.00,1816,4969,0.00,0.00,0,0
1661184801.376880,total,7394532.00,7299634.00,14694166.00,7299634,7394532,6785.00,6787.00,13572.00,6787,6785,0.00,0.00,0,0
1661184802.377044,lo,0.00,0.00,0.00,0,0,0.00,0.00,0.00,0,0,0.00,0.00,0,0
1661184802.377075,qg-404220d6-91,105792.00,6681738.00,6787530.00,6681738,105792,1602.00,4611.00,6213.00,4611,1602,0.00,0.00,0,0
1661184802.377087,qr-38b62c60-62,6746112.00,83364.00,6829476.00,83364,6746112,4608.00,1602.00,6210.00,1602,4608,0.00,0.00,0,0
1661184802.377096,total,6851904.00,6765102.00,13617006.00,6765102,6851904,6210.00,6213.00,12423.00,6213,6210,0.00,0.00,0,0
1661184803.377344,lo,0.00,0.00,0.00,0,0,0.00,0.00,0.00,0,0,0.00,0.00,0,0
1661184803.377379,qg-404220d6-91,115086.00,6733800.00,6848886.00,6733800,115086,1743.00,4644.00,6387.00,4644,1743,0.00,0.00,0,0
1661184803.377390,qr-38b62c60-62,6798816.00,90684.00,6889500.00,90684,6798816,4644.00,1743.00,6387.00,1743,4644,0.00,0.00,0,0
1661184803.377399,total,6913902.00,6824484.00,13738386.00,6824484,6913902,6387.00,6387.00,12774.00,6387,6387,0.00,0.00,0,0
1661184804.377589,lo,0.00,0.00,0.00,0,0,0.00,0.00,0.00,0,0,0.00,0.00,0,0
1661184804.377625,qg-404220d6-91,109158.00,7370396.00,7479554.00,7370396,109158,1653.00,5084.00,6737.00,5084,1653,0.00,0.00,0,0
1661184804.377646,qr-38b62c60-62,7441512.00,86016.00,7527528.00,86016,7441512,5083.00,1653.00,6736.00,1653,5083,0.00,0.00,0,0
1661184804.377663,total,7550670.00,7456412.00,15007082.00,7456412,7550670,6736.00,6737.00,13473.00,6737,6736,0.00,0.00,0,0
1661184805.377838,lo,0.00,0.00,0.00,0,0,0.00,0.00,0.00,0,0,0.00,0.00,0,0
1661184805.377873,qg-404220d6-91,125064.00,7425496.00,7550560.00,7425496,125064,1894.00,5122.00,7016.00,5122,1894,0.00,0.00,0,0
1661184805.377885,qr-38b62c60-62,7497144.00,98548.00,7595692.00,98548,7497144,5121.00,1894.00,7015.00,1894,5121,0.00,0.00,0,0
1661184805.377894,total,7622208.00,7524044.00,15146252.00,7524044,7622208,7015.00,7016.00,14031.00,7016,7015,0.00,0.00,0,0
1661184806.378143,lo,0.00,0.00,0.00,0,0,0.00,0.00,0.00,0,0,0.00,0.00,0,0
1661184806.378195,qg-404220d6-91,127506.00,7532750.00,7660256.00,7532750,127506,1931.00,5195.00,7126.00,5195,1931,0.00,0.00,0,0
1661184806.378207,qr-38b62c60-62,7605480.00,100472.00,7705952.00,100472,7605480,5195.00,1931.00,7126.00,1931,5195,0.00,0.00,0,0
1661184806.378215,total,7732986.00,7633222.00,15366208.00,7633222,7732986,7126.00,7126.00,14252.00,7126,7126,0.00,0.00,0,0
1661184807.378542,lo,0.00,0.00,0.00,0,0,0.00,0.00,0.00,0,0,0.00,0.00,0,0
1661184807.378574,qg-404220d6-91,131598.00,7679292.00,7810890.00,7679292,131598,1993.00,5298.00,7291.00,5298,1993,0.00,0.00,0,0
1661184807.378586,qr-38b62c60-62,7753344.00,103696.00,7857040.00,103696,7753344,5296.00,1993.00,7289.00,1993,5296,0.00,0.00,0,0
1661184807.378594,total,7884942.00,7782988.00,15667930.00,7782988,7884942,7289.00,7291.00,14580.00,7291,7289,0.00,0.00,0,0
1661184808.378768,lo,0.00,0.00,0.00,0,0,0.00,0.00,0.00,0,0,0.00,0.00,0,0
1661184808.378807,qg-404220d6-91,128904.00,7934446.00,8063350.00,7934446,128904,1952.00,5473.00,7425.00,5473,1952,0.00,0.00,0,0
1661184808.378825,qr-38b62c60-62,8011008.00,101576.00,8112584.00,101576,8011008,5472.00,1952.00,7424.00,1952,5472,0.00,0.00,0,0
1661184808.378839,total,8139912.00,8036022.00,16175934.00,8036022,8139912,7424.00,7425.00,14849.00,7425,7424,0.00,0.00,0,0
1661184809.379021,lo,0.00,0.00,0.00,0,0,0.00,0.00,0.00,0,0,0.00,0.00,0,0
1661184809.379056,qg-404220d6-91,136638.00,8236046.00,8372684.00,8236046,136638,2069.00,5681.00,7750.00,5681,2069,0.00,0.00,0,0
1661184809.379070,qr-38b62c60-62,8315520.00,107672.00,8423192.00,107672,8315520,5680.00,2069.00,7749.00,2069,5680,0.00,0.00,0,0
1661184809.379080,total,8452158.00,8343718.00,16795876.00,8343718,8452158,7749.00,7750.00,15499.00,7750,7749,0.00,0.00,0,0
1661184810.379250,lo,0.00,0.00,0.00,0,0,0.00,0.00,0.00,0,0,0.00,0.00,0,0
1661184810.379288,qg-404220d6-91,138936.00,8581100.00,8720036.00,8581100,138936,2104.00,5918.00,8022.00,5918,2104,0.00,0.00,0,0
1661184810.379310,qr-38b62c60-62,8663952.00,109480.00,8773432.00,109480,8663952,5918.00,2104.00,8022.00,2104,5918,0.00,0.00,0,0
1661184810.379319,total,8802888.00,8690580.00,17493468.00,8690580,8802888,8022.00,8022.00,16044.00,8022,8022,0.00,0.00,0,0
1661184811.379503,lo,0.00,0.00,0.00,0,0,0.00,0.00,0.00,0,0,0.00,0.00,0,0
1661184811.379534,qg-404220d6-91,137076.00,8075096.00,8212172.00,8075096,137076,2076.00,5570.00,7646.00,5570,2076,0.00,0.00,0,0
1661184811.379546,qr-38b62c60-62,8153016.00,108012.00,8261028.00,108012,8153016,5569.00,2076.00,7645.00,2076,5569,0.00,0.00,0,0
1661184811.379555,total,8290092.00,8183108.00,16473200.00,8183108,8290092,7645.00,7646.00,15291.00,7646,7645,0.00,0.00,0,0
1661184812.379715,lo,0.00,0.00,0.00,0,0,0.00,0.00,0.00,0,0,0.00,0.00,0,0
1661184812.379743,qg-404220d6-91,107224.00,7621298.00,7728522.00,7621298,107224,1562.00,5258.00,6820.00,5258,1562,0.00,0.00,0,0
1661184812.379756,qr-38b62c60-62,7694850.00,85356.00,7780206.00,85356,7694850,5257.00,1562.00,6819.00,1562,5257,0.00,0.00,0,0
1661184812.379765,total,7802074.00,7706654.00,15508728.00,7706654,7802074,6819.00,6820.00,13639.00,6820,6819,0.00,0.00,0,0
1661184813.379925,lo,0.00,0.00,0.00,0,0,0.00,0.00,0.00,0,0,0.00,0.00,0,0
1661184813.379957,qg-404220d6-91,120456.00,7358888.00,7479344.00,7358888,120456,1824.00,5078.00,6902.00,5078,1824,0.00,0.00,0,0
1661184813.379969,qr-38b62c60-62,7429800.00,94920.00,7524720.00,94920,7429800,5075.00,1824.00,6899.00,1824,5075,0.00,0.00,0,0
1661184813.379978,total,7550256.00,7453808.00,15004064.00,7453808,7550256,6899.00,6902.00,13801.00,6902,6899,0.00,0.00,0,0
1661184814.380148,lo,0.00,0.00,0.00,0,0,0.00,0.00,0.00,0,0,0.00,0.00,0,0
1661184814.380182,qg-404220d6-91,141762.00,8331746.00,8473508.00,8331746,141762,2147.00,5747.00,7894.00,5747,2147,0.00,0.00,0,0
1661184814.380195,qr-38b62c60-62,8412144.00,111704.00,8523848.00,111704,8412144,5746.00,2147.00,7893.00,2147,5746,0.00,0.00,0,0
1661184814.380204,total,8553906.00,8443450.00,16997356.00,8443450,8553906,7893.00,7894.00,15787.00,7894,7893,0.00,0.00,0,0
1661184815.380360,lo,0.00,0.00,0.00,0,0,0.00,0.00,0.00,0,0,0.00,0.00,0,0
1661184815.380405,qg-404220d6-91,134502.00,7883742.00,8018244.00,7883742,134502,2037.00,5439.00,7476.00,5439,2037,0.00,0.00,0,0
1661184815.380417,qr-38b62c60-62,7959768.00,105984.00,8065752.00,105984,7959768,5437.00,2037.00,7474.00,2037,5437,0.00,0.00,0,0
1661184815.380426,total,8094270.00,7989726.00,16083996.00,7989726,8094270,7474.00,7476.00,14950.00,7476,7474,0.00,0.00,0,0
1661184816.380665,lo,0.00,0.00,0.00,0,0,0.00,0.00,0.00,0,0,0.00,0.00,0,0
1661184816.380784,qg-404220d6-91,145446.00,9029288.00,9174734.00,9029288,145446,2203.00,6230.00,8433.00,6230,2203,0.00,0.00,0,0
1661184816.380824,qr-38b62c60-62,9116328.00,114576.00,9230904.00,114576,9116328,6227.00,2202.00,8429.00,2202,6227,0.00,0.00,0,0
1661184816.380854,total,9261774.00,9143864.00,18405638.00,9143864,9261774,8430.00,8432.00,16862.00,8432,8430,0.00,0.00,0,0
1661184817.381042,lo,0.00,0.00,0.00,0,0,0.00,0.00,0.00,0,0,0.00,0.00,0,0
1661184817.381078,qg-404220d6-91,156636.00,9445340.00,9601976.00,9445340,156636,2372.00,6515.00,8887.00,6515,2372,0.00,0.00,0,0
1661184817.381090,qr-38b62c60-62,9536472.00,123456.00,9659928.00,123456,9536472,6514.00,2373.00,8887.00,2373,6514,0.00,0.00,0,0
1661184817.381099,total,9693108.00,9568796.00,19261904.00,9568796,9693108,8886.00,8888.00,17774.00,8888,8886,0.00,0.00,0,0
1661184818.381319,lo,0.00,0.00,0.00,0,0,0.00,0.00,0.00,0,0,0.00,0.00,0,0
1661184818.381346,qg-404220d6-91,122010.00,8884202.00,9006212.00,8884202,122010,1827.00,6128.00,7955.00,6128,1827,0.00,0.00,0,0
1661184818.381358,qr-38b62c60-62,8969994.00,96432.00,9066426.00,96432,8969994,6128.00,1827.00,7955.00,1827,6128,0.00,0.00,0,0
1661184818.381367,total,9092004.00,8980634.00,18072638.00,8980634,9092004,7955.00,7955.00,15910.00,7955,7955,0.00,0.00,0,0
1661184819.381553,lo,0.00,0.00,0.00,0,0,0.00,0.00,0.00,0,0,0.00,0.00,0,0
1661184819.381587,qg-404220d6-91,121302.00,7044146.00,7165448.00,7044146,121302,1837.00,4859.00,6696.00,4859,1837,0.00,0.00,0,0
1661184819.381611,qr-38b62c60-62,7112112.00,95584.00,7207696.00,95584,7112112,4858.00,1837.00,6695.00,1837,4858,0.00,0.00,0,0
1661184819.381620,total,7233414.00,7139730.00,14373144.00,7139730,7233414,6695.00,6696.00,13391.00,6696,6695,0.00,0.00,0,0
1661184820.381776,lo,0.00,0.00,0.00,0,0,0.00,0.00,0.00,0,0,0.00,0.00,0,0
1661184820.381808,qg-404220d6-91,90886.00,5976900.00,6067786.00,5976900,90886,1323.00,4122.00,5445.00,4122,1323,0.00,0.00,0,0
1661184820.381822,qr-38b62c60-62,6034608.00,72364.00,6106972.00,72364,6034608,4122.00,1323.00,5445.00,1323,4122,0.00,0.00,0,0
1661184820.381832,total,6125494.00,6049264.00,12174758.00,6049264,6125494,5445.00,5445.00,10890.00,5445,5445,0.00,0.00,0,0
1661184821.382001,lo,0.00,0.00,0.00,0,0,0.00,0.00,0.00,0,0,0.00,0.00,0,0
1661184821.382034,qg-404220d6-91,79212.00,4946088.00,5025300.00,4946088,79212,1200.00,3414.00,4614.00,3414,1200,0.00,0.00,0,0
1661184821.382047,qr-38b62c60-62,4993746.00,62440.00,5056186.00,62440,4993746,3412.00,1201.00,4613.00,1201,3412,0.00,0.00,0,0
1661184821.382057,total,5072958.00,5008528.00,10081486.00,5008528,5072958,4612.00,4615.00,9227.00,4615,4612,0.00,0.00,0,0
1661184822.382221,lo,0.00,0.00,0.00,0,0,0.00,0.00,0.00,0,0,0.00,0.00,0,0
1661184822.382252,qg-404220d6-91,104922.00,6165446.00,6270368.00,6165446,104922,1589.00,4253.00,5842.00,4253,1589,0.00,0.00,0,0
1661184822.382265,qr-38b62c60-62,6224928.00,82676.00,6307604.00,82676,6224928,4252.00,1589.00,5841.00,1589,4252,0.00,0.00,0,0
1661184822.382289,total,6329850.00,6248122.00,12577972.00,6248122,6329850,5841.00,5842.00,11683.00,5842,5841,0.00,0.00,0,0
1661184823.382452,lo,0.00,0.00,0.00,0,0,0.00,0.00,0.00,0,0,0.00,0.00,0,0
1661184823.382495,qg-404220d6-91,116484.00,6559846.00,6676330.00,6559846,116484,1764.00,4525.00,6289.00,4525,1764,0.00,0.00,0,0
1661184823.382509,qr-38b62c60-62,6623136.00,91788.00,6714924.00,91788,6623136,4524.00,1764.00,6288.00,1764,4524,0.00,0.00,0,0
1661184823.382518,total,6739620.00,6651634.00,13391254.00,6651634,6739620,6288.00,6289.00,12577.00,6289,6288,0.00,0.00,0,0
1661184824.382689,lo,0.00,0.00,0.00,0,0,0.00,0.00,0.00,0,0,0.00,0.00,0,0
1661184824.382722,qg-404220d6-91,100590.00,6320642.00,6421232.00,6320642,100590,1523.00,4361.00,5884.00,4361,1523,0.00,0.00,0,0
1661184824.382735,qr-38b62c60-62,6381576.00,79268.00,6460844.00,79268,6381576,4359.00,1523.00,5882.00,1523,4359,0.00,0.00,0,0
1661184824.382744,total,6482166.00,6399910.00,12882076.00,6399910,6482166,5882.00,5884.00,11766.00,5884,5882,0.00,0.00,0,0
1661184825.382983,lo,0.00,0.00,0.00,0,0,0.00,0.00,0.00,0,0,0.00,0.00,0,0
1661184825.383050,qg-404220d6-91,109806.00,6372934.00,6482740.00,6372934,109806,1663.00,4399.00,6062.00,4399,1663,0.00,0.00,0,0
1661184825.383088,qr-38b62c60-62,6434280.00,86524.00,6520804.00,86524,6434280,4395.00,1663.00,6058.00,1663,4395,0.00,0.00,0,0
1661184825.383116,total,6544086.00,6459458.00,13003544.00,6459458,6544086,6058.00,6062.00,12120.00,6062,6058,0.00,0.00,0,0
1661184826.383385,lo,0.00,0.00,0.00,0,0,0.00,0.00,0.00,0,0,0.00,0.00,0,0
1661184826.383436,qg-404220d6-91,96936.00,6324900.00,6421836.00,6324900,96936,1468.00,4362.00,5830.00,4362,1468,0.00,0.00,0,0
1661184826.383448,qr-38b62c60-62,6385968.00,76384.00,6462352.00,76384,6385968,4362.00,1468.00,5830.00,1468,4362,0.00,0.00,0,0
1661184826.383456,total,6482904.00,6401284.00,12884188.00,6401284,6482904,5830.00,5830.00,11660.00,5830,5830,0.00,0.00,0,0
1661184827.383572,lo,0.00,0.00,0.00,0,0,0.00,0.00,0.00,0,0,0.00,0.00,0,0
1661184827.383604,qg-404220d6-91,72176.00,4898146.00,4970322.00,4898146,72176,1058.00,3379.00,4437.00,3379,1058,0.00,0.00,0,0
1661184827.383616,qr-38b62c60-62,4945392.00,57364.00,5002756.00,57364,4945392,3378.00,1058.00,4436.00,1058,3378,0.00,0.00,0,0
1661184827.383625,total,5017568.00,4955510.00,9973078.00,4955510,5017568,4436.00,4437.00,8873.00,4437,4436,0.00,0.00,0,0
1661184828.383779,lo,0.00,0.00,0.00,0,0,0.00,0.00,0.00,0,0,0.00,0.00,0,0
1661184828.383809,qg-404220d6-91,83922.00,4742950.00,4826872.00,4742950,83922,1271.00,3271.00,4542.00,3271,1271,0.00,0.00,0,0
1661184828.383821,qr-38b62c60-62,4788744.00,66128.00,4854872.00,66128,4788744,3271.00,1271.00,4542.00,1271,3271,0.00,0.00,0,0
1661184828.383839,total,4872666.00,4809078.00,9681744.00,4809078,4872666,4542.00,4542.00,9084.00,4542,4542,0.00,0.00,0,0
1661184829.384082,lo,0.00,0.00,0.00,0,0,0.00,0.00,0.00,0,0,0.00,0.00,0,0
1661184829.384150,qg-404220d6-91,89016.00,5102550.00,5191566.00,5102550,89016,1348.00,3519.00,4867.00,3519,1348,0.00,0.00,0,0
1661184829.384173,qr-38b62c60-62,5153280.00,70144.00,5223424.00,70144,5153280,3520.00,1348.00,4868.00,1348,3520,0.00,0.00,0,0
1661184829.384211,total,5242296.00,5172694.00,10414990.00,5172694,5242296,4868.00,4867.00,9735.00,4867,4868,0.00,0.00,0,0
1661184830.384419,lo,0.00,0.00,0.00,0,0,0.00,0.00,0.00,0,0,0.00,0.00,0,0
1661184830.384460,qg-404220d6-91,102072.00,5723288.00,5825360.00,5723288,102072,1546.00,3950.00,5496.00,3950,1546,0.00,0.00,0,0
1661184830.384478,qr-38b62c60-62,5776944.00,80428.00,5857372.00,80428,5776944,3946.00,1546.00,5492.00,1546,3946,0.00,0.00,0,0
1661184830.384500,total,5879016.00,5803716.00,11682732.00,5803716,5879016,5492.00,5496.00,10988.00,5496,5492,0.00,0.00,0,0
1661184831.384749,lo,0.00,0.00,0.00,0,0,0.00,0.00,0.00,0,0,0.00,0.00,0,0
1661184831.384813,qg-404220d6-91,101820.00,6101692.00,6203512.00,6101692,101820,1542.00,4210.00,5752.00,4210,1542,0.00,0.00,0,0
1661184831.384852,qr-38b62c60-62,6160512.00,80232.00,6240744.00,80232,6160512,4208.00,1542.00,5750.00,1542,4208,0.00,0.00,0,0
1661184831.384882,total,6262332.00,6181924.00,12444256.00,6181924,6262332,5750.00,5752.00,11502.00,5752,5750,0.00,0.00,0,0
1661184832.385197,lo,0.00,0.00,0.00,0,0,0.00,0.00,0.00,0,0,0.00,0.00,0,0
1661184832.385261,qg-404220d6-91,80334.00,5512946.00,5593280.00,5512946,80334,1203.00,3803.00,5006.00,3803,1203,0.00,0.00,0,0
1661184832.385298,qr-38b62c60-62,5566128.00,63492.00,5629620.00,63492,5566128,3802.00,1203.00,5005.00,1203,3802,0.00,0.00,0,0
1661184832.385326,total,5646462.00,5576438.00,11222900.00,5576438,5646462,5005.00,5006.00,10011.00,5006,5005,0.00,0.00,0,0
1661184833.385502,lo,0.00,0.00,0.00,0,0,0.00,0.00,0.00,0,0,0.00,0.00,0,0
1661184833.385538,qg-404220d6-91,85308.00,4640092.00,4725400.00,4640092,85308,1292.00,3202.00,4494.00,3202,1292,0.00,0.00,0,0
1661184833.385551,qr-38b62c60-62,4684800.00,67220.00,4752020.00,67220,4684800,3200.00,1292.00,4492.00,1292,3200,0.00,0.00,0,0
1661184833.385560,total,4770108.00,4707312.00,9477420.00,4707312,4770108,4492.00,4494.00,8986.00,4494,4492,0.00,0.00,0,0
1661184834.385726,lo,0.00,0.00,0.00,0,0,0.00,0.00,0.00,0,0,0.00,0.00,0,0
1661184834.385760,qg-404220d6-91,83394.00,4841550.00,4924944.00,4841550,83394,1263.00,3339.00,4602.00,3339,1263,0.00,0.00,0,0
1661184834.385774,qr-38b62c60-62,4888296.00,65712.00,4954008.00,65712,4888296,3339.00,1263.00,4602.00,1263,3339,0.00,0.00,0,0
1661184834.385787,total,4971690.00,4907262.00,9878952.00,4907262,4971690,4602.00,4602.00,9204.00,4602,4602,0.00,0.00,0,0
1661184835.386023,lo,0.00,0.00,0.00,0,0,0.00,0.00,0.00,0,0,0.00,0.00,0,0
1661184835.386089,qg-404220d6-91,81018.00,4731442.00,4812460.00,4731442,81018,1227.00,3265.00,4492.00,3265,1227,0.00,0.00,0,0
1661184835.386127,qr-38b62c60-62,4777032.00,63840.00,4840872.00,63840,4777032,3263.00,1227.00,4490.00,1227,3263,0.00,0.00,0,0
1661184835.386155,total,4858050.00,4795282.00,9653332.00,4795282,4858050,4490.00,4492.00,8982.00,4492,4490,0.00,0.00,0,0
1661184836.386352,lo,0.00,0.00,0.00,0,0,0.00,0.00,0.00,0,0,0.00,0.00,0,0
1661184836.386393,qg-404220d6-91,59304.00,4761846.00,4821150.00,4761846,59304,898.00,3285.00,4183.00,3285,898,0.00,0.00,0,0
1661184836.386411,qr-38b62c60-62,4807776.00,46732.00,4854508.00,46732,4807776,3284.00,898.00,4182.00,898,3284,0.00,0.00,0,0
1661184836.386424,total,4867080.00,4808578.00,9675658.00,4808578,4867080,4182.00,4183.00,8365.00,4183,4182,0.00,0.00,0,0
1661184837.386685,lo,0.00,0.00,0.00,0,0,0.00,0.00,0.00,0,0,0.00,0.00,0,0
1661184837.386711,qg-404220d6-91,86904.00,5214240.00,5301144.00,5214240,86904,1316.00,3597.00,4913.00,3597,1316,0.00,0.00,0,0
1661184837.386722,qr-38b62c60-62,5264478.00,68480.00,5332958.00,68480,5264478,3595.00,1316.00,4911.00,1316,3595,0.00,0.00,0,0
1661184837.386735,total,5351382.00,5282720.00,10634102.00,5282720,5351382,4911.00,4913.00,9824.00,4913,4911,0.00,0.00,0,0
1661184838.386949,lo,0.00,0.00,0.00,0,0,0.00,0.00,0.00,0,0,0.00,0.00,0,0
1661184838.386976,qg-404220d6-91,90192.00,5330200.00,5420392.00,5330200,90192,1366.00,3676.00,5042.00,3676,1366,0.00,0.00,0,0
1661184838.386988,qr-38b62c60-62,5381664.00,71068.00,5452732.00,71068,5381664,3676.00,1366.00,5042.00,1366,3676,0.00,0.00,0,0
1661184838.386996,total,5471856.00,5401268.00,10873124.00,5401268,5471856,5042.00,5042.00,10084.00,5042,5042,0.00,0.00,0,0
1661184839.387279,lo,0.00,0.00,0.00,0,0,0.00,0.00,0.00,0,0,0.00,0.00,0,0
1661184839.387325,qg-404220d6-91,75432.00,5304100.00,5379532.00,5304100,75432,1142.00,3658.00,4800.00,3658,1142,0.00,0.00,0,0
1661184839.387349,qr-38b62c60-62,5355312.00,59444.00,5414756.00,59444,5355312,3658.00,1142.00,4800.00,1142,3658,0.00,0.00,0,0
1661184839.387366,total,5430744.00,5363544.00,10794288.00,5363544,5430744,4800.00,4800.00,9600.00,4800,4800,0.00,0.00,0,0
1661184840.387645,lo,0.00,0.00,0.00,0,0,0.00,0.00,0.00,0,0,0.00,0.00,0,0
1661184840.387670,qg-404220d6-91,85176.00,5339038.00,5424214.00,5339038,85176,1290.00,3685.00,4975.00,3685,1290,0.00,0.00,0,0
1661184840.387682,qr-38b62c60-62,5390448.00,67116.00,5457564.00,67116,5390448,3682.00,1290.00,4972.00,1290,3682,0.00,0.00,0,0
1661184840.387691,total,5475624.00,5406154.00,10881778.00,5406154,5475624,4972.00,4975.00,9947.00,4975,4972,0.00,0.00,0,0
1661184841.387836,lo,0.00,0.00,0.00,0,0,0.00,0.00,0.00,0,0,0.00,0.00,0,0
1661184841.387862,qg-404220d6-91,79434.00,4963396.00,5042830.00,4963396,79434,1203.00,3424.00,4627.00,3424,1203,0.00,0.00,0,0
1661184841.387874,qr-38b62c60-62,5011272.00,62592.00,5073864.00,62592,5011272,3423.00,1203.00,4626.00,1203,3423,0.00,0.00,0,0
1661184841.387883,total,5090706.00,5025988.00,10116694.00,5025988,5090706,4626.00,4627.00,9253.00,4627,4626,0.00,0.00,0,0
1661184842.388042,lo,0.00,0.00,0.00,0,0,0.00,0.00,0.00,0,0,0.00,0.00,0,0
1661184842.388079,qg-404220d6-91,79896.00,4803850.00,4883746.00,4803850,79896,1210.00,3313.00,4523.00,3313,1210,0.00,0.00,0,0
1661184842.388096,qr-38b62c60-62,4850232.00,62956.00,4913188.00,62956,4850232,3313.00,1210.00,4523.00,1210,3313,0.00,0.00,0,0
1661184842.388109,total,4930128.00,4866806.00,9796934.00,4866806,4930128,4523.00,4523.00,9046.00,4523,4523,0.00,0.00,0,0
1661184843.388269,lo,0.00,0.00,0.00,0,0,0.00,0.00,0.00,0,0,0.00,0.00,0,0
1661184843.388302,qg-404220d6-91,93702.00,5469400.00,5563102.00,5469400,93702,1419.00,3772.00,5191.00,3772,1419,0.00,0.00,0,0
1661184843.388314,qr-38b62c60-62,5520744.00,73836.00,5594580.00,73836,5520744,3771.00,1419.00,5190.00,1419,3771,0.00,0.00,0,0
1661184843.388323,total,5614446.00,5543236.00,11157682.00,5543236,5614446,5190.00,5191.00,10381.00,5191,5190,0.00,0.00,0,0
1661184844.388559,lo,0.00,0.00,0.00,0,0,0.00,0.00,0.00,0,0,0.00,0.00,0,0
1661184844.388583,qg-404220d6-91,93690.00,5612996.00,5706686.00,5612996,93690,1419.00,3872.00,5291.00,3872,1419,0.00,0.00,0,0
1661184844.388595,qr-38b62c60-62,5668608.00,73824.00,5742432.00,73824,5668608,3872.00,1419.00,5291.00,1419,3872,0.00,0.00,0,0
1661184844.388605,total,5762298.00,5686820.00,11449118.00,5686820,5762298,5291.00,5291.00,10582.00,5291,5291,0.00,0.00,0,0
1661184845.388803,lo,0.00,0.00,0.00,0,0,0.00,0.00,0.00,0,0,0.00,0.00,0,0
1661184845.388827,qg-404220d6-91,104778.00,5889992.00,5994770.00,5889992,104778,1587.00,4064.00,5651.00,4064,1587,0.00,0.00,0,0
1661184845.388839,qr-38b62c60-62,5946768.00,82560.00,6029328.00,82560,5946768,4062.00,1587.00,5649.00,1587,4062,0.00,0.00,0,0
1661184845.388848,total,6051546.00,5972552.00,12024098.00,5972552,6051546,5649.00,5651.00,11300.00,5651,5649,0.00,0.00,0,0
1661184846.389026,lo,0.00,0.00,0.00,0,0,0.00,0.00,0.00,0,0,0.00,0.00,0,0
1661184846.389052,qg-404220d6-91,108750.00,6197484.00,6306234.00,6197484,108750,1647.00,4278.00,5925.00,4278,1647,0.00,0.00,0,0
1661184846.389065,qr-38b62c60-62,6257136.00,85692.00,6342828.00,85692,6257136,4274.00,1647.00,5921.00,1647,4274,0.00,0.00,0,0
1661184846.389074,total,6365886.00,6283176.00,12649062.00,6283176,6365886,5921.00,5925.00,11846.00,5925,5921,0.00,0.00,0,0
1661184847.389298,lo,0.00,0.00,0.00,0,0,0.00,0.00,0.00,0,0,0.00,0.00,0,0
1661184847.389339,qg-404220d6-91,112194.00,6736792.00,6848986.00,6736792,112194,1699.00,4648.00,6347.00,4648,1699,0.00,0.00,0,0
1661184847.389351,qr-38b62c60-62,6801744.00,88408.00,6890152.00,88408,6801744,4646.00,1699.00,6345.00,1699,4646,0.00,0.00,0,0
1661184847.389360,total,6913938.00,6825200.00,13739138.00,6825200,6913938,6345.00,6347.00,12692.00,6347,6345,0.00,0.00,0,0
1661184848.389675,lo,0.00,0.00,0.00,0,0,0.00,0.00,0.00,0,0,0.00,0.00,0,0
1661184848.389705,qg-404220d6-91,110994.00,6764342.00,6875336.00,6764342,110994,1681.00,4667.00,6348.00,4667,1681,0.00,0.00,0,0
1661184848.389717,qr-38b62c60-62,6829560.00,87460.00,6917020.00,87460,6829560,4665.00,1681.00,6346.00,1681,4665,0.00,0.00,0,0
1661184848.389726,total,6940554.00,6851802.00,13792356.00,6851802,6940554,6346.00,6348.00,12694.00,6348,6346,0.00,0.00,0,0
1661184849.389890,lo,0.00,0.00,0.00,0,0,0.00,0.00,0.00,0,0,0.00,0.00,0,0
1661184849.389920,qg-404220d6-91,120840.00,7364734.00,7485574.00,7364734,120840,1830.00,5083.00,6913.00,5083,1830,0.00,0.00,0,0
1661184849.389934,qr-38b62c60-62,7435656.00,95220.00,7530876.00,95220,7435656,5079.00,1830.00,6909.00,1830,5079,0.00,0.00,0,0
1661184849.389944,total,7556496.00,7459954.00,15016450.00,7459954,7556496,6909.00,6913.00,13822.00,6913,6909,0.00,0.00,0,0
1661184850.390127,lo,0.00,0.00,0.00,0,0,0.00,0.00,0.00,0,0,0.00,0.00,0,0
1661184850.390157,qg-404220d6-91,139860.00,8820442.00,8960302.00,8820442,139860,2118.00,6085.00,8203.00,6085,2118,0.00,0.00,0,0
1661184850.390169,qr-38b62c60-62,8905512.00,110208.00,9015720.00,110208,8905512,6083.00,2118.00,8201.00,2118,6083,0.00,0.00,0,0
1661184850.390178,total,9045372.00,8930650.00,17976022.00,8930650,9045372,8201.00,8203.00,16404.00,8203,8201,0.00,0.00,0,0
1661184851.390396,lo,0.00,0.00,0.00,0,0,0.00,0.00,0.00,0,0,0.00,0.00,0,0
1661184851.390429,qg-404220d6-91,125132.00,9875950.00,10001082.00,9875950,125132,1858.00,6811.00,8669.00,6811,1858,0.00,0.00,0,0
1661184851.390440,qr-38b62c60-62,9971304.00,99120.00,10070424.00,99120,9971304,6811.00,1858.00,8669.00,1858,6811,0.00,0.00,0,0
1661184851.390449,total,10096436.00,9975070.00,20071506.00,9975070,10096436,8669.00,8669.00,17338.00,8669,8669,0.00,0.00,0,0
1661184852.390630,lo,0.00,0.00,0.00,0,0,0.00,0.00,0.00,0,0,0.00,0.00,0,0
1661184852.390659,qg-404220d6-91,96424.00,6748444.00,6844868.00,6748444,96424,1406.00,4657.00,6063.00,4657,1406,0.00,0.00,0,0
1661184852.390670,qr-38b62c60-62,6812058.00,76740.00,6888798.00,76740,6812058,4654.00,1406.00,6060.00,1406,4654,0.00,0.00,0,0
1661184852.390679,total,6908482.00,6825184.00,13733666.00,6825184,6908482,6060.00,6063.00,12123.00,6063,6060,0.00,0.00,0,0
1661184853.390915,lo,0.00,0.00,0.00,0,0,0.00,0.00,0.00,0,0,0.00,0.00,0,0
1661184853.390948,qg-404220d6-91,105714.00,5734796.00,5840510.00,5734796,105714,1601.00,3956.00,5557.00,3956,1601,0.00,0.00,0,0
1661184853.390960,qr-38b62c60-62,5791584.00,83300.00,5874884.00,83300,5791584,3956.00,1601.00,5557.00,1601,3956,0.00,0.00,0,0
1661184853.390969,total,5897298.00,5818096.00,11715394.00,5818096,5897298,5557.00,5557.00,11114.00,5557,5557,0.00,0.00,0,0
1661184854.391165,lo,0.00,0.00,0.00,0,0,0.00,0.00,0.00,0,0,0.00,0.00,0,0
1661184854.391211,qg-404220d6-91,78474.00,5208400.00,5286874.00,5208400,78474,1173.00,3592.00,4765.00,3592,1173,0.00,0.00,0,0
1661184854.391231,qr-38b62c60-62,5258730.00,62080.00,5320810.00,62080,5258730,3593.00,1174.00,4767.00,1174,3593,0.00,0.00,0,0
1661184854.391246,total,5337204.00,5270480.00,10607684.00,5270480,5337204,4766.00,4766.00,9532.00,4766,4766,0.00,0.00,0,0
1661184855.391479,lo,0.00,0.00,0.00,0,0,0.00,0.00,0.00,0,0,0.00,0.00,0,0
1661184855.391522,qg-404220d6-91,82524.00,4284750.00,4367274.00,4284750,82524,1250.00,2955.00,4205.00,2955,1250,0.00,0.00,0,0
1661184855.391534,qr-38b62c60-62,4326120.00,65024.00,4391144.00,65024,4326120,2955.00,1250.00,4205.00,1250,2955,0.00,0.00,0,0
1661184855.391542,total,4408644.00,4349774.00,8758418.00,4349774,4408644,4205.00,4205.00,8410.00,4205,4205,0.00,0.00,0,0
1661184856.391856,lo,0.00,0.00,0.00,0,0,0.00,0.00,0.00,0,0,0.00,0.00,0,0
1661184856.391925,qg-404220d6-91,88806.00,4770500.00,4859306.00,4770500,88806,1345.00,3290.00,4635.00,3290,1345,0.00,0.00,0,0
1661184856.391937,qr-38b62c60-62,4816560.00,69976.00,4886536.00,69976,4816560,3290.00,1345.00,4635.00,1345,3290,0.00,0.00,0,0
1661184856.391946,total,4905366.00,4840476.00,9745842.00,4840476,4905366,4635.00,4635.00,9270.00,4635,4635,0.00,0.00,0,0
1661184857.392115,lo,0.00,0.00,0.00,0,0,0.00,0.00,0.00,0,0,0.00,0.00,0,0
1661184857.392151,qg-404220d6-91,85440.00,4912738.00,4998178.00,4912738,85440,1294.00,3391.00,4685.00,3391,1294,0.00,0.00,0,0
1661184857.392164,qr-38b62c60-62,4960032.00,67324.00,5027356.00,67324,4960032,3388.00,1294.00,4682.00,1294,3388,0.00,0.00,0,0
1661184857.392173,total,5045472.00,4980062.00,10025534.00,4980062,5045472,4682.00,4685.00,9367.00,4685,4682,0.00,0.00,0,0
1661184858.392392,lo,0.00,0.00,0.00,0,0,0.00,0.00,0.00,0,0,0.00,0.00,0,0
1661184858.392427,qg-404220d6-91,93744.00,5127338.00,5221082.00,5127338,93744,1420.00,3539.00,4959.00,3539,1420,0.00,0.00,0,0
1661184858.392438,qr-38b62c60-62,5176704.00,73836.00,5250540.00,73836,5176704,3536.00,1419.00,4955.00,1419,3536,0.00,0.00,0,0
1661184858.392447,total,5270448.00,5201174.00,10471622.00,5201174,5270448,4956.00,4958.00,9914.00,4958,4956,0.00,0.00,0,0
1661184859.392626,lo,0.00,0.00,0.00,0,0,0.00,0.00,0.00,0,0,0.00,0.00,0,0
1661184859.392671,qg-404220d6-91,88476.00,5003950.00,5092426.00,5003950,88476,1340.00,3451.00,4791.00,3451,1340,0.00,0.00,0,0
1661184859.392687,qr-38b62c60-62,5052264.00,69716.00,5121980.00,69716,5052264,3451.00,1340.00,4791.00,1340,3451,0.00,0.00,0,0
1661184859.392697,total,5140740.00,5073666.00,10214406.00,5073666,5140740,4791.00,4791.00,9582.00,4791,4791,0.00,0.00,0,0
1661184860.392861,lo,0.00,0.00,0.00,0,0,0.00,0.00,0.00,0,0,0.00,0.00,0,0
1661184860.392894,qg-404220d6-91,90522.00,5080892.00,5171414.00,5080892,90522,1371.00,3506.00,4877.00,3506,1371,0.00,0.00,0,0
1661184860.392906,qr-38b62c60-62,5129856.00,71328.00,5201184.00,71328,5129856,3504.00,1371.00,4875.00,1371,3504,0.00,0.00,0,0
1661184860.392915,total,5220378.00,5152220.00,10372598.00,5152220,5220378,4875.00,4877.00,9752.00,4877,4875,0.00,0.00,0,0
1661184861.393078,lo,0.00,0.00,0.00,0,0,0.00,0.00,0.00,0,0,0.00,0.00,0,0
1661184861.393112,qg-404220d6-91,93096.00,5157696.00,5250792.00,5157696,93096,1410.00,3558.00,4968.00,3558,1410,0.00,0.00,0,0
1661184861.393124,qr-38b62c60-62,5207448.00,73356.00,5280804.00,73356,5207448,3557.00,1410.00,4967.00,1410,3557,0.00,0.00,0,0
1661184861.393133,total,5300544.00,5231052.00,10531596.00,5231052,5300544,4967.00,4968.00,9935.00,4968,4967,0.00,0.00,0,0
1661184862.393330,lo,0.00,0.00,0.00,0,0,0.00,0.00,0.00,0,0,0.00,0.00,0,0
1661184862.393363,qg-404220d6-91,84000.00,4857546.00,4941546.00,4857546,84000,1272.00,3351.00,4623.00,3351,1272,0.00,0.00,0,0
1661184862.393374,qr-38b62c60-62,4904400.00,66192.00,4970592.00,66192,4904400,3350.00,1272.00,4622.00,1272,3350,0.00,0.00,0,0
1661184862.393383,total,4988400.00,4923738.00,9912138.00,4923738,4988400,4622.00,4623.00,9245.00,4623,4622,0.00,0.00,0,0
1661184863.393555,lo,0.00,0.00,0.00,0,0,0.00,0.00,0.00,0,0,0.00,0.00,0,0
1661184863.393591,qg-404220d6-91,76476.00,5034492.00,5110968.00,5034492,76476,1144.00,3474.00,4618.00,3474,1144,0.00,0.00,0,0
1661184863.393604,qr-38b62c60-62,5083008.00,60460.00,5143468.00,60460,5083008,3472.00,1144.00,4616.00,1144,3472,0.00,0.00,0,0
1661184863.393613,total,5159484.00,5094952.00,10254436.00,5094952,5159484,4616.00,4618.00,9234.00,4618,4616,0.00,0.00,0,0
1661184864.393787,lo,0.00,0.00,0.00,0,0,0.00,0.00,0.00,0,0,0.00,0.00,0,0
1661184864.393821,qg-404220d6-91,70314.00,3816446.00,3886760.00,3816446,70314,1065.00,2633.00,3698.00,2633,1065,0.00,0.00,0,0
1661184864.393835,qr-38b62c60-62,3853248.00,55404.00,3908652.00,55404,3853248,2632.00,1065.00,3697.00,1065,2632,0.00,0.00,0,0
1661184864.393845,total,3923562.00,3871850.00,7795412.00,3871850,3923562,3697.00,3698.00,7395.00,3698,3697,0.00,0.00,0,0
1661184865.394106,lo,0.00,0.00,0.00,0,0,0.00,0.00,0.00,0,0,0.00,0.00,0,0
1661184865.394192,qg-404220d6-91,80028.00,4352992.00,4433020.00,4352992,80028,1212.00,3004.00,4216.00,3004,1212,0.00,0.00,0,0
1661184865.394232,qr-38b62c60-62,4394928.00,63060.00,4457988.00,63060,4394928,3002.00,1212.00,4214.00,1212,3002,0.00,0.00,0,0
1661184865.394262,total,4474956.00,4416052.00,8891008.00,4416052,4474956,4214.00,4216.00,8430.00,4216,4214,0.00,0.00,0,0
1661184866.394575,lo,0.00,0.00,0.00,0,0,0.00,0.00,0.00,0,0,0.00,0.00,0,0
1661184866.394660,qg-404220d6-91,76266.00,4386342.00,4462608.00,4386342,76266,1155.00,3027.00,4182.00,3027,1155,0.00,0.00,0,0
1661184866.394698,qr-38b62c60-62,4428642.00,60124.00,4488766.00,60124,4428642,3026.00,1156.00,4182.00,1156,3026,0.00,0.00,0,0
1661184866.394726,total,4504908.00,4446466.00,8951374.00,4446466,4504908,4181.00,4183.00,8364.00,4183,4181,0.00,0.00,0,0
1661184867.395009,lo,0.00,0.00,0.00,0,0,0.00,0.00,0.00,0,0,0.00,0.00,0,0
1661184867.395050,qg-404220d6-91,63112.00,4357336.00,4420448.00,4357336,63112,930.00,3007.00,3937.00,3007,930,0.00,0.00,0,0
1661184867.395065,qr-38b62c60-62,4399254.00,50092.00,4449346.00,50092,4399254,3004.00,930.00,3934.00,930,3004,0.00,0.00,0,0
1661184867.395076,total,4462366.00,4407428.00,8869794.00,4407428,4462366,3934.00,3937.00,7871.00,3937,3934,0.00,0.00,0,0
1661184868.395337,lo,0.00,0.00,0.00,0,0,0.00,0.00,0.00,0,0,0.00,0.00,0,0
1661184868.395408,qg-404220d6-91,63714.00,3625046.00,3688760.00,3625046,63714,965.00,2501.00,3466.00,2501,965,0.00,0.00,0,0
1661184868.395445,qr-38b62c60-62,3660000.00,50204.00,3710204.00,50204,3660000,2500.00,965.00,3465.00,965,2500,0.00,0.00,0,0
1661184868.395473,total,3723714.00,3675250.00,7398964.00,3675250,3723714,3465.00,3466.00,6931.00,3466,3465,0.00,0.00,0,0
1661184869.395699,lo,0.00,0.00,0.00,0,0,0.00,0.00,0.00,0,0,0.00,0.00,0,0
1661184869.395735,qg-404220d6-91,67026.00,3652734.00,3719760.00,3652734,67026,1015.00,2523.00,3538.00,2523,1015,0.00,0.00,0,0
1661184869.395749,qr-38b62c60-62,3687816.00,52816.00,3740632.00,52816,3687816,2519.00,1015.00,3534.00,1015,2519,0.00,0.00,0,0
1661184869.395759,total,3754842.00,3705550.00,7460392.00,3705550,3754842,3534.00,3538.00,7072.00,3538,3534,0.00,0.00,0,0
1661184870.395999,lo,0.00,0.00,0.00,0,0,0.00,0.00,0.00,0,0,0.00,0.00,0,0
1661184870.396072,qg-404220d6-91,73680.00,3915138.00,3988818.00,3915138,73680,1116.00,2703.00,3819.00,2703,1116,0.00,0.00,0,0
1661184870.396108,qr-38b62c60-62,3952800.00,58056.00,4010856.00,58056,3952800,2700.00,1116.00,3816.00,1116,2700,0.00,0.00,0,0
1661184870.396116,total,4026480.00,3973194.00,7999674.00,3973194,4026480,3816.00,3819.00,7635.00,3819,3816,0.00,0.00,0,0
1661184871.396328,lo,0.00,0.00,0.00,0,0,0.00,0.00,0.00,0,0,0.00,0.00,0,0
1661184871.396359,qg-404220d6-91,74946.00,4061588.00,4136534.00,4061588,74946,1135.00,2804.00,3939.00,2804,1135,0.00,0.00,0,0
1661184871.396371,qr-38b62c60-62,4100664.00,59056.00,4159720.00,59056,4100664,2801.00,1135.00,3936.00,1135,2801,0.00,0.00,0,0
1661184871.396379,total,4175610.00,4120644.00,8296254.00,4120644,4175610,3936.00,3939.00,7875.00,3939,3936,0.00,0.00,0,0
1661184872.396545,lo,0.00,0.00,0.00,0,0,0.00,0.00,0.00,0,0,0.00,0.00,0,0
1661184872.396580,qg-404220d6-91,73560.00,4194850.00,4268410.00,4194850,73560,1114.00,2893.00,4007.00,2893,1114,0.00,0.00,0,0
1661184872.396592,qr-38b62c60-62,4235352.00,57964.00,4293316.00,57964,4235352,2893.00,1114.00,4007.00,1114,2893,0.00,0.00,0,0
1661184872.396601,total,4308912.00,4252814.00,8561726.00,4252814,4308912,4007.00,4007.00,8014.00,4007,4007,0.00,0.00,0,0
1661184873.396808,lo,0.00,0.00,0.00,0,0,0.00,0.00,0.00,0,0,0.00,0.00,0,0
1661184873.396841,qg-404220d6-91,65904.00,3933850.00,3999754.00,3933850,65904,998.00,2713.00,3711.00,2713,998,0.00,0.00,0,0
1661184873.396854,qr-38b62c60-62,3971832.00,51932.00,4023764.00,51932,3971832,2713.00,998.00,3711.00,998,2713,0.00,0.00,0,0
1661184873.396862,total,4037736.00,3985782.00,8023518.00,3985782,4037736,3711.00,3711.00,7422.00,3711,3711,0.00,0.00,0,0
1661184874.397035,lo,0.00,0.00,0.00,0,0,0.00,0.00,0.00,0,0,0.00,0.00,0,0
1661184874.397070,qg-404220d6-91,72042.00,4171696.00,4243738.00,4171696,72042,1091.00,2878.00,3969.00,2878,1091,0.00,0.00,0,0
1661184874.397091,qr-38b62c60-62,4211928.00,56768.00,4268696.00,56768,4211928,2877.00,1091.00,3968.00,1091,2877,0.00,0.00,0,0
1661184874.397102,total,4283970.00,4228464.00,8512434.00,4228464,4283970,3968.00,3969.00,7937.00,3969,3968,0.00,0.00,0,0
1661184875.397355,lo,0.00,0.00,0.00,0,0,0.00,0.00,0.00,0,0,0.00,0.00,0,0
1661184875.397423,qg-404220d6-91,59454.00,3536550.00,3596004.00,3536550,59454,861.00,2439.00,3300.00,2439,861,0.00,0.00,0,0
1661184875.397434,qr-38b62c60-62,3569232.00,47400.00,3616632.00,47400,3569232,2438.00,861.00,3299.00,861,2438,0.00,0.00,0,0
1661184875.397443,total,3628686.00,3583950.00,7212636.00,3583950,3628686,3299.00,3300.00,6599.00,3300,3299,0.00,0.00,0,0
1661184876.397580,lo,0.00,0.00,0.00,0,0,0.00,0.00,0.00,0,0,0.00,0.00,0,0
1661184876.397614,qg-404220d6-91,51756.00,3011742.00,3063498.00,3011742,51756,784.00,2079.00,2863.00,2079,784,0.00,0.00,0,0
1661184876.397626,qr-38b62c60-62,3042192.00,40780.00,3082972.00,40780,3042192,2078.00,784.00,2862.00,784,2078,0.00,0.00,0,0
1661184876.397635,total,3093948.00,3052522.00,6146470.00,3052522,3093948,2862.00,2863.00,5725.00,2863,2862,0.00,0.00,0,0
1661184877.397900,lo,0.00,0.00,0.00,0,0,0.00,0.00,0.00,0,0,0.00,0.00,0,0
1661184877.397938,qg-404220d6-91,22266.00,1174054.00,1196320.00,1174054,22266,337.00,812.00,1149.00,812,337,0.00,0.00,0,0
1661184877.397951,qr-38b62c60-62,1185362.00,17548.00,1202910.00,17548,1185362,811.00,337.00,1148.00,337,811,0.00,0.00,0,0
1661184877.397960,total,1207628.00,1191602.00,2399230.00,1191602,1207628,1148.00,1149.00,2297.00,1149,1148,0.00,0.00,0,0
1661184878.398286,lo,0.00,0.00,0.00,0,0,0.00,0.00,0.00,0,0,0.00,0.00,0,0
1661184878.398320,qg-404220d6-91,0.00,0.00,0.00,0,0,0.00,0.00,0.00,0,0,0.00,0.00,0,0
1661184878.398329,qr-38b62c60-62,0.00,0.00,0.00,0,0,0.00,0.00,0.00,0,0,0.00,0.00,0,0
1661184878.398336,total,0.00,0.00,0.00,0,0,0.00,0.00,0.00,0,0,0.00,0.00,0,0
1661184879.398515,lo,0.00,0.00,0.00,0,0,0.00,0.00,0.00,0,0,0.00,0.00,0,0
1661184879.398549,qg-404220d6-91,0.00,0.00,0.00,0,0,0.00,0.00,0.00,0,0,0.00,0.00,0,0
1661184879.398559,qr-38b62c60-62,0.00,0.00,0.00,0,0,0.00,0.00,0.00,0,0,0.00,0.00,0,0
1661184879.398567,total,0.00,0.00,0.00,0,0,0.00,0.00,0.00,0,0,0.00,0.00,0,0
1661184880.398798,lo,0.00,0.00,0.00,0,0,0.00,0.00,0.00,0,0,0.00,0.00,0,0
1661184880.398830,qg-404220d6-91,0.00,92.00,92.00,92,0,0.00,2.00,2.00,2,0,0.00,0.00,0,0
1661184880.398840,qr-38b62c60-62,0.00,0.00,0.00,0,0,0.00,0.00,0.00,0,0,0.00,0.00,0,0
1661184880.398846,total,0.00,92.00,92.00,92,0,0.00,2.00,2.00,2,0,0.00,0.00,0,0
1661184881.399013,lo,0.00,0.00,0.00,0,0,0.00,0.00,0.00,0,0,0.00,0.00,0,0
1661184881.399047,qg-404220d6-91,0.00,138.00,138.00,138,0,0.00,3.00,3.00,3,0,0.00,0.00,0,0
1661184881.399058,qr-38b62c60-62,0.00,0.00,0.00,0,0,0.00,0.00,0.00,0,0,0.00,0.00,0,0
1661184881.399065,total,0.00,138.00,138.00,138,0,0.00,3.00,3.00,3,0,0.00,0.00,0,0
1661184882.399365,lo,0.00,0.00,0.00,0,0,0.00,0.00,0.00,0,0,0.00,0.00,0,0
1661184882.399401,qg-404220d6-91,0.00,46.00,46.00,46,0,0.00,1.00,1.00,1,0,0.00,0.00,0,0
1661184882.399411,qr-38b62c60-62,0.00,0.00,0.00,0,0,0.00,0.00,0.00,0,0,0.00,0.00,0,0
1661184882.399417,total,0.00,46.00,46.00,46,0,0.00,1.00,1.00,1,0,0.00,0.00,0,0
1661184883.399735,lo,0.00,0.00,0.00,0,0,0.00,0.00,0.00,0,0,0.00,0.00,0,0
1661184883.399807,qg-404220d6-91,0.00,92.00,92.00,92,0,0.00,2.00,2.00,2,0,0.00,0.00,0,0
1661184883.399817,qr-38b62c60-62,0.00,0.00,0.00,0,0,0.00,0.00,0.00,0,0,0.00,0.00,0,0
1661184883.399823,total,0.00,92.00,92.00,92,0,0.00,2.00,2.00,2,0,0.00,0.00,0,0
1661184884.400023,lo,0.00,0.00,0.00,0,0,0.00,0.00,0.00,0,0,0.00,0.00,0,0
1661184884.400070,qg-404220d6-91,0.00,92.00,92.00,92,0,0.00,2.00,2.00,2,0,0.00,0.00,0,0
1661184884.400087,qr-38b62c60-62,0.00,0.00,0.00,0,0,0.00,0.00,0.00,0,0,0.00,0.00,0,0
1661184884.400099,total,0.00,92.00,92.00,92,0,0.00,2.00,2.00,2,0,0.00,0.00,0,0
1661184885.400330,lo,0.00,0.00,0.00,0,0,0.00,0.00,0.00,0,0,0.00,0.00,0,0
1661184885.400364,qg-404220d6-91,0.00,46.00,46.00,46,0,0.00,1.00,1.00,1,0,0.00,0.00,0,0
1661184885.400374,qr-38b62c60-62,0.00,0.00,0.00,0,0,0.00,0.00,0.00,0,0,0.00,0.00,0,0
1661184885.400387,total,0.00,46.00,46.00,46,0,0.00,1.00,1.00,1,0,0.00,0.00,0,0
1661184886.400694,lo,0.00,0.00,0.00,0,0,0.00,0.00,0.00,0,0,0.00,0.00,0,0
1661184886.400761,qg-404220d6-91,0.00,138.00,138.00,138,0,0.00,3.00,3.00,3,0,0.00,0.00,0,0
1661184886.400799,qr-38b62c60-62,0.00,0.00,0.00,0,0,0.00,0.00,0.00,0,0,0.00,0.00,0,0
1661184886.400805,total,0.00,138.00,138.00,138,0,0.00,3.00,3.00,3,0,0.00,0.00,0,0
1661184887.401100,lo,0.00,0.00,0.00,0,0,0.00,0.00,0.00,0,0,0.00,0.00,0,0
1661184887.401168,qg-404220d6-91,0.00,92.00,92.00,92,0,0.00,2.00,2.00,2,0,0.00,0.00,0,0
1661184887.401198,qr-38b62c60-62,0.00,0.00,0.00,0,0,0.00,0.00,0.00,0,0,0.00,0.00,0,0
1661184887.401219,total,0.00,92.00,92.00,92,0,0.00,2.00,2.00,2,0,0.00,0.00,0,0
1661184888.401566,lo,0.00,0.00,0.00,0,0,0.00,0.00,0.00,0,0,0.00,0.00,0,0
1661184888.401633,qg-404220d6-91,1076.00,838.00,1914.00,838,1076,7.00,5.00,12.00,5,7,0.00,0.00,0,0
1661184888.401660,qr-38b62c60-62,908.00,1006.00,1914.00,1006,908,5.00,8.00,13.00,8,5,0.00,0.00,0,0
1661184888.401667,total,1984.00,1844.00,3828.00,1844,1984,12.00,13.00,25.00,13,12,0.00,0.00,0,0
1661184889.401864,lo,0.00,0.00,0.00,0,0,0.00,0.00,0.00,0,0,0.00,0.00,0,0
1661184889.401912,qg-404220d6-91,0.00,92.00,92.00,92,0,0.00,2.00,2.00,2,0,0.00,0.00,0,0
1661184889.401931,qr-38b62c60-62,0.00,0.00,0.00,0,0,0.00,0.00,0.00,0,0,0.00,0.00,0,0
1661184889.401945,total,0.00,92.00,92.00,92,0,0.00,2.00,2.00,2,0,0.00,0.00,0,0
1661184890.402112,lo,0.00,0.00,0.00,0,0,0.00,0.00,0.00,0,0,0.00,0.00,0,0
1661184890.402144,qg-404220d6-91,0.00,46.00,46.00,46,0,0.00,1.00,1.00,1,0,0.00,0.00,0,0
1661184890.402154,qr-38b62c60-62,0.00,0.00,0.00,0,0,0.00,0.00,0.00,0,0,0.00,0.00,0,0
1661184890.402160,total,0.00,46.00,46.00,46,0,0.00,1.00,1.00,1,0,0.00,0.00,0,0
1661184891.402467,lo,0.00,0.00,0.00,0,0,0.00,0.00,0.00,0,0,0.00,0.00,0,0
1661184891.402563,qg-404220d6-91,0.00,0.00,0.00,0,0,0.00,0.00,0.00,0,0,0.00,0.00,0,0
1661184891.402591,qr-38b62c60-62,0.00,0.00,0.00,0,0,0.00,0.00,0.00,0,0,0.00,0.00,0,0
1661184891.402613,total,0.00,0.00,0.00,0,0,0.00,0.00,0.00,0,0,0.00,0.00,0,0
1661184892.402870,lo,0.00,0.00,0.00,0,0,0.00,0.00,0.00,0,0,0.00,0.00,0,0
1661184892.402904,qg-404220d6-91,0.00,92.00,92.00,92,0,0.00,2.00,2.00,2,0,0.00,0.00,0,0
1661184892.402915,qr-38b62c60-62,0.00,0.00,0.00,0,0,0.00,0.00,0.00,0,0,0.00,0.00,0,0
1661184892.402921,total,0.00,92.00,92.00,92,0,0.00,2.00,2.00,2,0,0.00,0.00,0,0
1661184893.403194,lo,0.00,0.00,0.00,0,0,0.00,0.00,0.00,0,0,0.00,0.00,0,0
1661184893.403253,qg-404220d6-91,0.00,92.00,92.00,92,0,0.00,2.00,2.00,2,0,0.00,0.00,0,0
1661184893.403263,qr-38b62c60-62,0.00,0.00,0.00,0,0,0.00,0.00,0.00,0,0,0.00,0.00,0,0
1661184893.403270,total,0.00,92.00,92.00,92,0,0.00,2.00,2.00,2,0,0.00,0.00,0,0
1661184894.403443,lo,0.00,0.00,0.00,0,0,0.00,0.00,0.00,0,0,0.00,0.00,0,0
1661184894.403478,qg-404220d6-91,0.00,92.00,92.00,92,0,0.00,2.00,2.00,2,0,0.00,0.00,0,0
1661184894.403499,qr-38b62c60-62,126.00,84.00,210.00,84,126,3.00,3.00,6.00,3,3,0.00,0.00,0,0
1661184894.403507,total,126.00,176.00,302.00,176,126,3.00,5.00,8.00,5,3,0.00,0.00,0,0
1661184895.403728,lo,0.00,0.00,0.00,0,0,0.00,0.00,0.00,0,0,0.00,0.00,0,0
1661184895.403763,qg-404220d6-91,0.00,92.00,92.00,92,0,0.00,2.00,2.00,2,0,0.00,0.00,0,0
1661184895.403773,qr-38b62c60-62,0.00,0.00,0.00,0,0,0.00,0.00,0.00,0,0,0.00,0.00,0,0
1661184895.403780,total,0.00,92.00,92.00,92,0,0.00,2.00,2.00,2,0,0.00,0.00,0,0
1661184896.403997,lo,0.00,0.00,0.00,0,0,0.00,0.00,0.00,0,0,0.00,0.00,0,0
1661184896.404028,qg-404220d6-91,0.00,92.00,92.00,92,0,0.00,2.00,2.00,2,0,0.00,0.00,0,0
1661184896.404038,qr-38b62c60-62,0.00,0.00,0.00,0,0,0.00,0.00,0.00,0,0,0.00,0.00,0,0
1661184896.404044,total,0.00,92.00,92.00,92,0,0.00,2.00,2.00,2,0,0.00,0.00,0,0
1661184897.404258,lo,0.00,0.00,0.00,0,0,0.00,0.00,0.00,0,0,0.00,0.00,0,0
1661184897.404292,qg-404220d6-91,0.00,46.00,46.00,46,0,0.00,1.00,1.00,1,0,0.00,0.00,0,0
1661184897.404302,qr-38b62c60-62,0.00,0.00,0.00,0,0,0.00,0.00,0.00,0,0,0.00,0.00,0,0
1661184897.404308,total,0.00,46.00,46.00,46,0,0.00,1.00,1.00,1,0,0.00,0.00,0,0
1661184898.404464,lo,0.00,0.00,0.00,0,0,0.00,0.00,0.00,0,0,0.00,0.00,0,0
1661184898.404501,qg-404220d6-91,0.00,46.00,46.00,46,0,0.00,1.00,1.00,1,0,0.00,0.00,0,0
1661184898.404512,qr-38b62c60-62,0.00,0.00,0.00,0,0,0.00,0.00,0.00,0,0,0.00,0.00,0,0
1661184898.404519,total,0.00,46.00,46.00,46,0,0.00,1.00,1.00,1,0,0.00,0.00,0,0
1661184899.404687,lo,0.00,0.00,0.00,0,0,0.00,0.00,0.00,0,0,0.00,0.00,0,0
1661184899.404723,qg-404220d6-91,0.00,0.00,0.00,0,0,0.00,0.00,0.00,0,0,0.00,0.00,0,0
1661184899.404733,qr-38b62c60-62,0.00,0.00,0.00,0,0,0.00,0.00,0.00,0,0,0.00,0.00,0,0
1661184899.404740,total,0.00,0.00,0.00,0,0,0.00,0.00,0.00,0,0,0.00,0.00,0,0
1661184900.404907,lo,0.00,0.00,0.00,0,0,0.00,0.00,0.00,0,0,0.00,0.00,0,0
1661184900.404940,qg-404220d6-91,0.00,46.00,46.00,46,0,0.00,1.00,1.00,1,0,0.00,0.00,0,0
1661184900.404950,qr-38b62c60-62,0.00,0.00,0.00,0,0,0.00,0.00,0.00,0,0,0.00,0.00,0,0
1661184900.404957,total,0.00,46.00,46.00,46,0,0.00,1.00,1.00,1,0,0.00,0.00,0,0
1661184901.405310,lo,0.00,0.00,0.00,0,0,0.00,0.00,0.00,0,0,0.00,0.00,0,0
1661184901.405342,qg-404220d6-91,0.00,138.00,138.00,138,0,0.00,3.00,3.00,3,0,0.00,0.00,0,0
1661184901.405352,qr-38b62c60-62,0.00,0.00,0.00,0,0,0.00,0.00,0.00,0,0,0.00,0.00,0,0
1661184901.405359,total,0.00,138.00,138.00,138,0,0.00,3.00,3.00,3,0,0.00,0.00,0,0
1661184902.406218,lo,0.00,0.00,0.00,0,0,0.00,0.00,0.00,0,0,0.00,0.00,0,0
1661184902.406249,qg-404220d6-91,0.00,92.00,92.00,92,0,0.00,2.00,2.00,2,0,0.00,0.00,0,0
1661184902.406259,qr-38b62c60-62,0.00,0.00,0.00,0,0,0.00,0.00,0.00,0,0,0.00,0.00,0,0
1661184902.406265,total,0.00,92.00,92.00,92,0,0.00,2.00,2.00,2,0,0.00,0.00,0,0
1661184903.406474,lo,0.00,0.00,0.00,0,0,0.00,0.00,0.00,0,0,0.00,0.00,0,0
1661184903.406513,qg-404220d6-91,0.00,0.00,0.00,0,0,0.00,0.00,0.00,0,0,0.00,0.00,0,0
1661184903.406522,qr-38b62c60-62,0.00,0.00,0.00,0,0,0.00,0.00,0.00,0,0,0.00,0.00,0,0
1661184903.406529,total,0.00,0.00,0.00,0,0,0.00,0.00,0.00,0,0,0.00,0.00,0,0
1661184904.406718,lo,0.00,0.00,0.00,0,0,0.00,0.00,0.00,0,0,0.00,0.00,0,0
1661184904.406751,qg-404220d6-91,0.00,46.00,46.00,46,0,0.00,1.00,1.00,1,0,0.00,0.00,0,0
1661184904.406762,qr-38b62c60-62,0.00,0.00,0.00,0,0,0.00,0.00,0.00,0,0,0.00,0.00,0,0
1661184904.406769,total,0.00,46.00,46.00,46,0,0.00,1.00,1.00,1,0,0.00,0.00,0,0
1661184905.406985,lo,0.00,0.00,0.00,0,0,0.00,0.00,0.00,0,0,0.00,0.00,0,0
1661184905.407020,qg-404220d6-91,0.00,46.00,46.00,46,0,0.00,1.00,1.00,1,0,0.00,0.00,0,0
1661184905.407030,qr-38b62c60-62,0.00,0.00,0.00,0,0,0.00,0.00,0.00,0,0,0.00,0.00,0,0
1661184905.407036,total,0.00,46.00,46.00,46,0,0.00,1.00,1.00,1,0,0.00,0.00,0,0
1661184906.407344,lo,0.00,0.00,0.00,0,0,0.00,0.00,0.00,0,0,0.00,0.00,0,0
1661184906.407409,qg-404220d6-91,0.00,92.00,92.00,92,0,0.00,2.00,2.00,2,0,0.00,0.00,0,0
1661184906.407418,qr-38b62c60-62,0.00,0.00,0.00,0,0,0.00,0.00,0.00,0,0,0.00,0.00,0,0
1661184906.407424,total,0.00,92.00,92.00,92,0,0.00,2.00,2.00,2,0,0.00,0.00,0,0
1661184907.407646,lo,0.00,0.00,0.00,0,0,0.00,0.00,0.00,0,0,0.00,0.00,0,0
1661184907.407678,qg-404220d6-91,0.00,0.00,0.00,0,0,0.00,0.00,0.00,0,0,0.00,0.00,0,0
1661184907.407686,qr-38b62c60-62,0.00,0.00,0.00,0,0,0.00,0.00,0.00,0,0,0.00,0.00,0,0
1661184907.407692,total,0.00,0.00,0.00,0,0,0.00,0.00,0.00,0,0,0.00,0.00,0,0
1661184908.407938,lo,0.00,0.00,0.00,0,0,0.00,0.00,0.00,0,0,0.00,0.00,0,0
1661184908.407967,qg-404220d6-91,0.00,138.00,138.00,138,0,0.00,3.00,3.00,3,0,0.00,0.00,0,0
1661184908.407977,qr-38b62c60-62,0.00,0.00,0.00,0,0,0.00,0.00,0.00,0,0,0.00,0.00,0,0
1661184908.407984,total,0.00,138.00,138.00,138,0,0.00,3.00,3.00,3,0,0.00,0.00,0,0
1661184909.408144,lo,0.00,0.00,0.00,0,0,0.00,0.00,0.00,0,0,0.00,0.00,0,0
1661184909.408176,qg-404220d6-91,0.00,92.00,92.00,92,0,0.00,2.00,2.00,2,0,0.00,0.00,0,0
1661184909.408188,qr-38b62c60-62,0.00,0.00,0.00,0,0,0.00,0.00,0.00,0,0,0.00,0.00,0,0
1661184909.408195,total,0.00,92.00,92.00,92,0,0.00,2.00,2.00,2,0,0.00,0.00,0,0
1661184910.408357,lo,0.00,0.00,0.00,0,0,0.00,0.00,0.00,0,0,0.00,0.00,0,0
1661184910.408388,qg-404220d6-91,84.00,70.00,154.00,70,84,1.00,1.00,2.00,1,1,0.00,0.00,0,0
1661184910.408399,qr-38b62c60-62,84.00,70.00,154.00,70,84,1.00,1.00,2.00,1,1,0.00,0.00,0,0
1661184910.408413,total,168.00,140.00,308.00,140,168,2.00,2.00,4.00,2,2,0.00,0.00,0,0
1661184911.408653,lo,0.00,0.00,0.00,0,0,0.00,0.00,0.00,0,0,0.00,0.00,0,0
1661184911.408721,qg-404220d6-91,0.00,92.00,92.00,92,0,0.00,2.00,2.00,2,0,0.00,0.00,0,0
1661184911.408752,qr-38b62c60-62,0.00,0.00,0.00,0,0,0.00,0.00,0.00,0,0,0.00,0.00,0,0
1661184911.408772,total,0.00,92.00,92.00,92,0,0.00,2.00,2.00,2,0,0.00,0.00,0,0
1661184912.409033,lo,0.00,0.00,0.00,0,0,0.00,0.00,0.00,0,0,0.00,0.00,0,0
1661184912.409063,qg-404220d6-91,0.00,138.00,138.00,138,0,0.00,3.00,3.00,3,0,0.00,0.00,0,0
1661184912.409073,qr-38b62c60-62,0.00,0.00,0.00,0,0,0.00,0.00,0.00,0,0,0.00,0.00,0,0
1661184912.409080,total,0.00,138.00,138.00,138,0,0.00,3.00,3.00,3,0,0.00,0.00,0,0
1661184913.409337,lo,0.00,0.00,0.00,0,0,0.00,0.00,0.00,0,0,0.00,0.00,0,0
1661184913.409368,qg-404220d6-91,0.00,0.00,0.00,0,0,0.00,0.00,0.00,0,0,0.00,0.00,0,0
1661184913.409376,qr-38b62c60-62,0.00,0.00,0.00,0,0,0.00,0.00,0.00,0,0,0.00,0.00,0,0
1661184913.409382,total,0.00,0.00,0.00,0,0,0.00,0.00,0.00,0,0,0.00,0.00,0,0
1661184914.409582,lo,0.00,0.00,0.00,0,0,0.00,0.00,0.00,0,0,0.00,0.00,0,0
1661184914.409628,qg-404220d6-91,0.00,46.00,46.00,46,0,0.00,1.00,1.00,1,0,0.00,0.00,0,0
1661184914.409645,qr-38b62c60-62,0.00,0.00,0.00,0,0,0.00,0.00,0.00,0,0,0.00,0.00,0,0
1661184914.409655,total,0.00,46.00,46.00,46,0,0.00,1.00,1.00,1,0,0.00,0.00,0,0
1661184915.409818,lo,0.00,0.00,0.00,0,0,0.00,0.00,0.00,0,0,0.00,0.00,0,0
1661184915.409860,qg-404220d6-91,0.00,138.00,138.00,138,0,0.00,3.00,3.00,3,0,0.00,0.00,0,0
1661184915.409870,qr-38b62c60-62,0.00,0.00,0.00,0,0,0.00,0.00,0.00,0,0,0.00,0.00,0,0
1661184915.409876,total,0.00,138.00,138.00,138,0,0.00,3.00,3.00,3,0,0.00,0.00,0,0
1661184916.410023,lo,0.00,0.00,0.00,0,0,0.00,0.00,0.00,0,0,0.00,0.00,0,0
1661184916.410047,qg-404220d6-91,42.00,276.00,318.00,276,42,1.00,6.00,7.00,6,1,0.00,0.00,0,0
1661184916.410058,qr-38b62c60-62,42.00,28.00,70.00,28,42,1.00,1.00,2.00,1,1,0.00,0.00,0,0
1661184916.410066,total,84.00,304.00,388.00,304,84,2.00,7.00,9.00,7,2,0.00,0.00,0,0
1661184917.410229,lo,0.00,0.00,0.00,0,0,0.00,0.00,0.00,0,0,0.00,0.00,0,0
1661184917.410261,qg-404220d6-91,0.00,92.00,92.00,92,0,0.00,2.00,2.00,2,0,0.00,0.00,0,0
1661184917.410271,qr-38b62c60-62,0.00,0.00,0.00,0,0,0.00,0.00,0.00,0,0,0.00,0.00,0,0
1661184917.410278,total,0.00,92.00,92.00,92,0,0.00,2.00,2.00,2,0,0.00,0.00,0,0
1661184918.410448,lo,0.00,0.00,0.00,0,0,0.00,0.00,0.00,0,0,0.00,0.00,0,0
1661184918.410481,qg-404220d6-91,0.00,92.00,92.00,92,0,0.00,2.00,2.00,2,0,0.00,0.00,0,0
1661184918.410497,qr-38b62c60-62,0.00,0.00,0.00,0,0,0.00,0.00,0.00,0,0,0.00,0.00,0,0
1661184918.410504,total,0.00,92.00,92.00,92,0,0.00,2.00,2.00,2,0,0.00,0.00,0,0
1661184919.410695,lo,0.00,0.00,0.00,0,0,0.00,0.00,0.00,0,0,0.00,0.00,0,0
1661184919.410742,qg-404220d6-91,0.00,46.00,46.00,46,0,0.00,1.00,1.00,1,0,0.00,0.00,0,0
1661184919.410758,qr-38b62c60-62,0.00,0.00,0.00,0,0,0.00,0.00,0.00,0,0,0.00,0.00,0,0
1661184919.410768,total,0.00,46.00,46.00,46,0,0.00,1.00,1.00,1,0,0.00,0.00,0,0
1661184920.410995,lo,0.00,0.00,0.00,0,0,0.00,0.00,0.00,0,0,0.00,0.00,0,0
1661184920.411028,qg-404220d6-91,0.00,0.00,0.00,0,0,0.00,0.00,0.00,0,0,0.00,0.00,0,0
1661184920.411038,qr-38b62c60-62,0.00,0.00,0.00,0,0,0.00,0.00,0.00,0,0,0.00,0.00,0,0
1661184920.411044,total,0.00,0.00,0.00,0,0,0.00,0.00,0.00,0,0,0.00,0.00,0,0
